index,customer_id,supplied_at,volume,size
0,391.0,2020-11-20 08:37:00,76.6,198
1,391.0,2020-12-03 10:51:00,122.9,198
2,391.0,2020-12-18 10:05:00,123.3,198
3,391.0,2020-12-29 13:31:00,91.4,198
4,391.0,2021-01-16 16:58:00,195.5,198
5,391.0,2021-01-28 08:44:00,108.5,198
6,391.0,2021-02-08 08:47:00,121.3,198
7,391.0,2021-02-23 14:41:00,121.4,198
8,391.0,2021-03-08 12:55:00,112.2,198
9,391.0,2021-03-23 08:24:00,59.0,198
10,391.0,2021-11-22 14:10:00,151.7,198
11,391.0,2021-12-06 09:31:00,126.1,198
12,391.0,2021-12-22 10:25:00,200.4,198
13,391.0,2022-01-07 15:31:00,259.5,198
14,391.0,2022-01-21 16:12:00,202.5,198
15,391.0,2022-02-05 13:52:00,221.7,198
16,391.0,2022-02-26 09:50:00,300.4,198
17,391.0,2022-03-10 13:17:00,122.8,198
18,1681.0,2020-11-16 07:02:00,94.8,446
19,1681.0,2020-12-01 06:54:00,83.8,446
20,1681.0,2020-12-15 06:59:00,116.2,446
21,1681.0,2020-12-29 06:51:00,140.7,446
22,1681.0,2021-01-13 06:54:00,165.6,446
23,1681.0,2021-01-28 08:43:00,178.9,446
24,1681.0,2021-02-13 08:05:00,181.9,446
25,1681.0,2021-02-26 07:01:00,134.9,446
26,1681.0,2021-03-10 06:33:00,120.2,446
27,1681.0,2021-03-26 07:01:00,90.5,446
28,1681.0,2021-11-13 07:11:00,150.6,446
29,1681.0,2021-11-26 06:44:00,66.0,446
30,1681.0,2021-12-16 06:57:00,185.1,446
31,1681.0,2021-12-29 07:05:00,202.9,446
32,1681.0,2022-01-11 06:48:00,173.7,446
33,1681.0,2022-01-28 06:55:00,241.7,446
34,1681.0,2022-02-11 07:09:00,238.5,446
35,1681.0,2022-03-05 06:45:00,325.2,446
36,1821.0,2020-11-09 15:40:00,200.4,450
37,1821.0,2020-11-18 11:24:00,188.3,450
38,1821.0,2020-11-25 11:23:00,171.8,450
39,1821.0,2020-12-01 10:18:00,187.4,450
40,1821.0,2020-12-03 07:21:00,58.3,450
41,1821.0,2020-12-10 11:37:00,222.5,450
42,1821.0,2020-12-17 07:15:00,189.3,450
43,1821.0,2020-12-22 07:26:00,144.6,450
44,1821.0,2020-12-30 07:53:00,230.3,450
45,1821.0,2021-01-06 16:00:00,176.0,450
46,1821.0,2021-01-13 08:01:00,213.0,450
47,1821.0,2021-01-20 18:06:00,281.6,450
48,1821.0,2021-01-28 09:59:00,229.5,450
49,1821.0,2021-02-05 08:57:00,260.5,450
50,1821.0,2021-02-13 11:43:00,239.2,450
51,1821.0,2021-02-24 10:57:00,301.2,450
52,1821.0,2021-03-06 09:09:00,320.7,450
53,1821.0,2021-03-09 11:18:00,77.0,450
54,1821.0,2021-03-18 07:49:00,223.8,450
55,1821.0,2021-03-30 07:29:00,205.3,450
56,1821.0,2021-04-05 10:33:00,82.7,450
57,1821.0,2021-04-13 07:19:00,208.5,450
58,1821.0,2021-04-19 15:36:00,128.4,450
59,1821.0,2021-04-28 07:06:00,220.0,450
60,1821.0,2021-11-04 07:50:00,162.1,450
61,1821.0,2021-11-13 08:30:00,167.8,450
62,1821.0,2021-11-24 12:24:00,215.8,450
63,1821.0,2021-11-29 10:50:00,123.3,450
64,1821.0,2021-12-07 08:26:00,191.2,450
65,1821.0,2021-12-14 09:15:00,189.7,450
66,1821.0,2021-12-21 08:48:00,218.1,450
67,1821.0,2021-12-27 09:41:00,190.7,450
68,1821.0,2022-01-03 12:15:00,194.8,450
69,1821.0,2022-01-07 19:40:00,218.6,450
70,1821.0,2022-01-11 08:05:00,100.5,450
71,1821.0,2022-01-17 16:28:00,261.9,450
72,1821.0,2022-01-24 19:15:00,280.2,450
73,1821.0,2022-01-31 15:01:00,263.6,450
74,1821.0,2022-02-08 15:44:00,321.5,450
75,1821.0,2022-02-15 18:39:00,248.4,450
76,1821.0,2022-02-22 16:31:00,295.2,450
77,1821.0,2022-03-01 08:34:00,231.2,450
78,1821.0,2022-03-10 07:42:00,307.5,450
79,1821.0,2022-03-17 07:38:00,210.2,450
80,1871.0,2020-11-09 15:29:00,496.0,446
81,1871.0,2020-11-26 07:24:00,346.8,446
82,1871.0,2020-12-11 18:22:00,505.8,446
83,1871.0,2020-12-25 08:51:00,566.2,446
84,1871.0,2021-01-05 12:22:00,498.2,446
85,1871.0,2021-01-18 11:08:00,617.7,446
86,1871.0,2021-01-29 17:55:00,438.1,446
87,1871.0,2021-02-13 12:38:00,668.8,446
88,1871.0,2021-02-26 16:43:00,259.9,446
89,1871.0,2021-03-11 09:56:00,253.9,446
90,1871.0,2021-03-23 11:02:00,300.2,446
91,1871.0,2021-04-05 11:03:00,264.6,446
92,1871.0,2021-04-15 15:41:00,240.9,446
93,1871.0,2021-11-13 09:39:00,489.4,446
94,1871.0,2021-11-29 11:02:00,459.1,446
95,1871.0,2021-12-14 11:27:00,545.7,446
96,1871.0,2021-12-23 08:01:00,407.4,446
97,1871.0,2022-01-04 10:53:00,653.5,446
98,1871.0,2022-01-15 09:34:00,591.2,446
99,1871.0,2022-01-26 09:28:00,565.0,446
100,1871.0,2022-02-02 10:34:00,368.6,446
101,1871.0,2022-02-12 11:10:00,514.1,446
102,1871.0,2022-02-25 10:34:00,596.4,446
103,1871.0,2022-03-08 15:47:00,459.7,446
104,1871.0,2022-03-17 08:11:00,290.6,446
105,2181.0,2020-12-11 18:34:00,221.7,492
106,2181.0,2020-12-17 07:25:00,121.6,492
107,2181.0,2020-12-25 09:03:00,196.8,492
108,2181.0,2020-12-30 08:11:00,146.4,492
109,2181.0,2021-01-06 15:21:00,210.0,492
110,2181.0,2021-01-13 08:12:00,218.0,492
111,2181.0,2021-01-20 17:36:00,217.2,492
112,2181.0,2021-01-26 17:18:00,171.6,492
113,2181.0,2021-02-02 07:41:00,182.2,492
114,2181.0,2021-02-09 11:22:00,229.4,492
115,2181.0,2021-02-16 08:51:00,165.1,492
116,2181.0,2021-02-22 11:56:00,167.8,492
117,2181.0,2021-03-03 09:53:00,260.9,492
118,2181.0,2021-03-11 09:37:00,239.5,492
119,2181.0,2021-03-18 08:25:00,165.3,492
120,2181.0,2021-04-05 11:09:00,380.6,492
121,2181.0,2021-04-15 15:33:00,193.3,492
122,2181.0,2021-04-28 07:31:00,220.1,492
123,2181.0,2021-11-13 09:45:00,98.4,492
124,2181.0,2021-11-26 08:54:00,171.5,492
125,2181.0,2021-12-07 08:47:00,262.7,492
126,2181.0,2021-12-14 11:15:00,150.1,492
127,2181.0,2021-12-17 14:37:00,83.1,492
128,2181.0,2021-12-23 08:10:00,204.7,492
129,2181.0,2021-12-29 08:09:00,218.7,492
130,2181.0,2022-01-05 10:53:00,250.3,492
131,2181.0,2022-01-11 08:43:00,236.3,492
132,2181.0,2022-01-18 12:47:00,262.0,492
133,2181.0,2022-01-24 11:55:00,223.9,492
134,2181.0,2022-01-31 15:22:00,268.0,492
135,2181.0,2022-02-08 15:55:00,321.6,492
136,2181.0,2022-02-16 16:43:00,283.7,492
137,2181.0,2022-02-24 08:14:00,198.1,492
138,2181.0,2022-03-05 09:08:00,412.8,492
139,2181.0,2022-03-16 09:56:00,341.2,492
140,2261.0,2020-11-17 09:18:00,211.1,446
141,2261.0,2020-12-07 16:43:00,171.5,446
142,2261.0,2020-12-16 10:14:00,99.9,446
143,2261.0,2020-12-24 16:41:00,152.2,446
144,2261.0,2020-12-29 14:34:00,104.9,446
145,2261.0,2021-01-07 16:42:00,133.7,446
146,2261.0,2021-01-15 14:54:00,139.3,446
147,2261.0,2021-01-23 14:05:00,150.2,446
148,2261.0,2021-02-01 17:06:00,113.2,446
149,2261.0,2021-02-10 16:02:00,140.4,446
150,2261.0,2021-02-24 15:19:00,204.8,446
151,2261.0,2021-03-08 08:52:00,225.1,446
152,2261.0,2021-03-19 15:38:00,100.8,446
153,2261.0,2021-04-15 09:43:00,200.9,446
154,2261.0,2021-11-11 08:22:00,157.2,446
155,2261.0,2021-11-23 08:22:00,89.0,446
156,2261.0,2021-12-11 13:44:00,165.9,446
157,2261.0,2021-12-20 16:09:00,139.7,446
158,2261.0,2021-12-27 15:36:00,156.8,446
159,2261.0,2022-01-05 18:13:00,177.8,446
160,2261.0,2022-01-10 11:23:00,116.3,446
161,2261.0,2022-01-20 11:32:00,238.7,446
162,2261.0,2022-01-28 16:04:00,156.5,446
163,2261.0,2022-02-09 13:37:00,238.1,446
164,2261.0,2022-02-19 10:27:00,92.2,446
165,2261.0,2022-03-01 11:32:00,208.0,446
166,2581.0,2020-11-13 17:02:00,216.7,198
167,2581.0,2020-11-25 17:03:00,176.2,198
168,2581.0,2020-12-02 09:56:00,134.5,198
169,2581.0,2020-12-11 12:15:00,188.7,198
170,2581.0,2020-12-18 19:06:00,212.8,198
171,2581.0,2020-12-21 13:48:00,97.5,198
172,2581.0,2020-12-28 09:07:00,188.1,198
173,2581.0,2020-12-30 09:58:00,44.1,198
174,2581.0,2021-01-04 15:12:00,170.5,198
175,2581.0,2021-01-09 11:20:00,138.0,198
176,2581.0,2021-01-14 08:17:00,117.3,198
177,2581.0,2021-01-18 09:46:00,102.5,198
178,2581.0,2021-01-23 08:48:00,146.2,198
179,2581.0,2021-01-28 11:08:00,143.8,198
180,2581.0,2021-02-03 15:59:00,175.3,198
181,2581.0,2021-02-08 16:47:00,151.7,198
182,2581.0,2021-02-15 11:02:00,118.8,198
183,2581.0,2021-02-20 17:30:00,167.2,198
184,2581.0,2021-02-27 13:45:00,172.4,198
185,2581.0,2021-03-05 14:12:00,140.0,198
186,2581.0,2021-03-17 08:02:00,191.9,198
187,2581.0,2021-04-02 14:34:00,200.3,198
188,2581.0,2021-04-15 08:43:00,151.1,198
189,2581.0,2021-11-10 13:59:00,123.9,198
190,2581.0,2021-11-30 09:56:00,206.2,198
191,2581.0,2021-12-09 16:36:00,100.0,198
192,2581.0,2021-12-17 15:30:00,162.0,198
193,2581.0,2021-12-24 14:14:00,160.5,198
194,2581.0,2021-12-30 09:14:00,140.4,198
195,2581.0,2022-01-07 09:20:00,171.1,198
196,2581.0,2022-01-12 16:43:00,109.8,198
197,2581.0,2022-01-18 14:06:00,110.8,198
198,2581.0,2022-01-29 12:34:00,232.7,198
199,2581.0,2022-02-04 15:08:00,137.8,198
200,2581.0,2022-02-12 14:46:00,164.2,198
201,2581.0,2022-02-19 08:01:00,123.7,198
202,2581.0,2022-02-24 10:17:00,111.0,198
203,2581.0,2022-03-05 14:47:00,167.5,198
204,2581.0,2022-03-12 08:53:00,99.4,198
205,2591.0,2020-11-13 17:06:00,144.2,198
206,2591.0,2020-12-02 09:53:00,128.9,198
207,2591.0,2020-12-11 12:13:00,95.3,198
208,2591.0,2020-12-21 13:47:00,118.5,198
209,2591.0,2020-12-30 09:59:00,86.4,198
210,2591.0,2021-01-09 11:18:00,136.8,198
211,2591.0,2021-01-18 09:43:00,111.4,198
212,2591.0,2021-01-28 11:06:00,122.5,198
213,2591.0,2021-02-08 16:44:00,132.9,198
214,2591.0,2021-02-20 17:28:00,134.6,198
215,2591.0,2021-03-05 14:10:00,159.2,198
216,2591.0,2021-03-17 08:05:00,91.1,198
217,2591.0,2021-04-02 14:31:00,84.3,198
218,2591.0,2021-11-10 13:56:00,117.4,198
219,2591.0,2021-11-30 09:52:00,161.2,198
220,2591.0,2021-12-09 16:34:00,97.5,198
221,2591.0,2021-12-24 14:11:00,181.2,198
222,2591.0,2021-12-30 09:10:00,114.4,198
223,2591.0,2022-01-07 09:16:00,142.7,198
224,2591.0,2022-01-18 14:08:00,175.8,198
225,2591.0,2022-01-29 12:38:00,175.9,198
226,2591.0,2022-02-12 14:42:00,213.3,198
227,2591.0,2022-02-24 10:14:00,154.9,198
228,2641.0,2020-11-13 09:54:00,180.4,446
229,2641.0,2020-12-01 10:43:00,211.4,446
230,2641.0,2020-12-22 11:37:00,429.0,446
231,2641.0,2021-01-07 16:04:00,400.2,446
232,2641.0,2021-01-22 09:34:00,376.7,446
233,2641.0,2021-02-03 12:56:00,277.7,446
234,2641.0,2021-02-17 11:48:00,335.7,446
235,2641.0,2021-03-04 10:31:00,441.7,446
236,2641.0,2021-03-17 10:01:00,223.7,446
237,2641.0,2021-04-06 09:40:00,189.1,446
238,2641.0,2021-04-27 09:53:00,217.8,446
239,2641.0,2021-11-12 16:49:00,231.0,446
240,2641.0,2021-12-03 14:43:00,195.8,446
241,2641.0,2021-12-15 10:22:00,164.0,446
242,2641.0,2021-12-27 00:00:00,18.0,446
243,2641.0,2021-12-28 08:06:00,617.1,446
244,2641.0,2022-01-09 08:20:00,700.5,446
245,2641.0,2022-01-17 13:10:00,468.5,446
246,2641.0,2022-01-25 08:13:00,417.7,446
247,2641.0,2022-02-03 13:42:00,500.1,446
248,2641.0,2022-02-12 09:31:00,501.7,446
249,2641.0,2022-02-22 11:45:00,542.3,446
250,2641.0,2022-03-04 08:33:00,515.8,446
251,2641.0,2022-03-14 07:42:00,482.8,446
252,2811.0,2020-11-13 14:59:00,650.1,446
253,2811.0,2020-12-02 13:39:00,800.1,446
254,2811.0,2020-12-14 16:13:00,500.0,446
255,2811.0,2020-12-23 12:18:00,600.0,446
256,2811.0,2021-01-05 16:24:00,800.0,446
257,2811.0,2021-01-18 15:06:00,500.0,446
258,2811.0,2021-01-19 16:17:00,500.0,446
259,2811.0,2021-01-28 14:35:00,600.0,446
260,2811.0,2021-02-08 11:43:00,600.0,446
261,2811.0,2021-02-15 15:56:00,500.0,446
262,2811.0,2021-02-24 12:59:00,500.0,446
263,2811.0,2021-03-08 14:56:00,600.0,446
264,2811.0,2021-03-16 14:05:00,300.1,446
265,2811.0,2021-04-06 14:42:00,700.0,446
266,2811.0,2021-11-17 14:26:00,400.0,446
267,2811.0,2021-12-06 13:34:00,900.0,446
268,2811.0,2021-12-15 11:24:00,300.0,446
269,2811.0,2021-12-24 12:13:00,600.0,446
270,2811.0,2021-12-31 08:32:00,500.0,446
271,2811.0,2022-01-11 10:10:00,900.0,446
272,2811.0,2022-01-21 16:25:00,600.4,446
273,2811.0,2022-01-31 11:29:00,700.8,446
274,2811.0,2022-02-08 11:37:00,500.1,446
275,2811.0,2022-03-02 10:01:00,1350.0,446
276,2811.0,2022-03-10 11:30:00,500.0,446
277,3091.0,2020-11-14 13:46:00,155.9,198
278,3091.0,2020-12-02 14:45:00,152.8,198
279,3091.0,2020-12-23 10:06:00,284.0,198
280,3091.0,2021-01-06 17:17:00,218.7,198
281,3091.0,2021-01-23 13:01:00,211.4,198
282,3091.0,2021-02-09 15:19:00,173.8,198
283,3091.0,2021-02-25 11:17:00,118.7,198
284,3091.0,2021-03-13 09:45:00,107.0,198
285,3091.0,2021-12-02 13:30:00,159.1,198
286,3091.0,2021-12-22 12:37:00,147.6,198
287,3091.0,2022-01-10 10:52:00,183.4,198
288,3091.0,2022-01-28 15:38:00,109.3,198
289,3091.0,2022-02-16 11:19:00,179.1,198
290,3171.0,2020-11-25 13:47:00,174.5,198
291,3171.0,2020-12-22 17:12:00,287.8,198
292,3171.0,2021-01-14 11:50:00,310.4,198
293,3171.0,2021-01-30 09:09:00,212.0,198
294,3171.0,2021-02-18 17:14:00,215.3,198
295,3171.0,2021-03-11 16:25:00,177.2,198
296,3171.0,2021-04-10 09:41:00,114.0,198
297,3171.0,2021-11-30 08:39:00,254.1,198
298,3171.0,2021-12-18 13:56:00,252.5,198
299,3171.0,2022-01-08 16:31:00,376.1,198
300,3171.0,2022-01-27 10:58:00,326.7,198
301,3171.0,2022-02-16 15:15:00,354.4,198
302,3171.0,2022-03-08 12:28:00,274.7,198
303,3371.0,2020-11-05 09:39:00,254.3,198
304,3371.0,2020-11-20 10:23:00,128.6,198
305,3371.0,2020-12-03 10:44:00,154.6,198
306,3371.0,2020-12-12 09:42:00,107.7,198
307,3371.0,2020-12-28 09:17:00,297.5,198
308,3371.0,2021-01-11 10:59:00,413.3,198
309,3371.0,2021-01-20 09:58:00,321.3,198
310,3371.0,2021-01-29 11:30:00,303.7,198
311,3371.0,2021-02-05 18:22:00,236.7,198
312,3371.0,2021-02-11 09:42:00,178.1,198
313,3371.0,2021-02-21 10:09:00,230.1,198
314,3371.0,2021-03-02 11:53:00,177.1,198
315,3371.0,2021-03-12 08:52:00,161.2,198
316,3371.0,2021-03-24 09:43:00,171.2,198
317,3371.0,2021-04-07 10:24:00,126.4,198
318,3371.0,2021-04-28 09:53:00,189.2,198
319,3371.0,2021-11-16 09:14:00,156.3,198
320,3371.0,2021-12-02 16:23:00,190.9,198
321,3371.0,2021-12-15 09:29:00,156.0,198
322,3371.0,2021-12-25 09:01:00,183.6,198
323,3371.0,2021-12-30 16:06:00,115.9,198
324,3371.0,2022-01-10 09:22:00,237.3,198
325,3371.0,2022-01-20 09:21:00,178.7,198
326,3371.0,2022-01-31 17:41:00,209.3,198
327,3371.0,2022-02-11 07:55:00,198.2,198
328,3371.0,2022-02-21 08:21:00,174.8,198
329,3371.0,2022-03-03 07:30:00,171.7,198
330,3371.0,2022-03-12 09:30:00,129.7,198
331,3461.0,2020-11-14 13:32:00,112.6,198
332,3461.0,2020-12-02 14:35:00,148.9,198
333,3461.0,2020-12-23 09:50:00,235.0,198
334,3461.0,2021-01-06 17:07:00,187.1,198
335,3461.0,2021-01-23 12:48:00,265.0,198
336,3461.0,2021-02-09 15:11:00,296.6,198
337,3461.0,2021-02-25 11:09:00,229.9,198
338,3461.0,2021-03-13 09:37:00,219.6,198
339,3461.0,2021-03-27 15:08:00,123.7,198
340,3461.0,2021-12-02 13:21:00,329.9,198
341,3461.0,2021-12-22 12:42:00,315.8,198
342,3461.0,2022-01-10 10:44:00,390.7,198
343,3461.0,2022-01-28 15:28:00,317.0,198
344,3461.0,2022-02-16 11:08:00,394.0,198
345,3461.0,2022-03-02 13:19:00,236.9,198
346,3461.0,2022-03-17 10:18:00,216.1,198
347,3601.0,2020-11-05 14:00:00,334.1,198
348,3601.0,2020-12-01 15:13:00,260.9,198
349,3601.0,2020-12-18 17:59:00,305.3,198
350,3601.0,2020-12-25 08:50:00,130.2,198
351,3601.0,2021-01-09 11:32:00,346.8,198
352,3601.0,2021-01-23 11:32:00,273.2,198
353,3601.0,2021-02-05 14:38:00,259.4,198
354,3601.0,2021-02-19 15:16:00,214.6,198
355,3601.0,2021-03-07 11:30:00,260.1,198
356,3601.0,2021-03-27 13:36:00,200.9,198
357,3601.0,2021-11-16 09:34:00,79.6,198
358,3601.0,2021-12-09 17:51:00,137.5,198
359,3601.0,2021-12-24 13:52:00,157.1,198
360,3601.0,2022-01-10 11:03:00,241.1,198
361,3601.0,2022-01-23 10:32:00,151.0,198
362,3601.0,2022-02-05 08:39:00,179.9,198
363,3601.0,2022-02-19 09:36:00,173.0,198
364,3601.0,2022-03-05 11:04:00,133.3,198
365,3871.0,2020-11-26 17:00:00,120.3,446
366,3871.0,2020-12-24 09:26:00,158.4,446
367,3871.0,2021-01-14 17:31:00,169.1,446
368,3871.0,2021-02-02 16:25:00,122.5,446
369,3871.0,2021-02-21 15:14:00,113.2,446
370,3871.0,2021-03-12 15:28:00,94.1,446
371,3871.0,2021-12-01 17:40:00,254.3,446
372,3871.0,2021-12-22 15:39:00,149.2,446
373,3871.0,2022-01-12 12:38:00,185.5,446
374,3871.0,2022-02-02 13:02:00,163.9,446
375,3871.0,2022-02-21 14:00:00,131.4,446
376,3871.0,2022-03-12 16:05:00,111.0,446
377,4321.0,2020-11-25 16:13:00,122.2,198
378,4321.0,2020-12-22 18:34:00,185.9,198
379,4321.0,2021-01-10 09:49:00,181.1,198
380,4321.0,2021-01-30 10:22:00,157.0,198
381,4321.0,2021-02-18 14:39:00,146.6,198
382,4321.0,2021-03-05 18:24:00,95.9,198
383,4321.0,2021-03-23 16:12:00,77.2,198
384,4321.0,2021-11-30 10:22:00,309.0,198
385,4321.0,2021-12-15 15:59:00,138.8,198
386,4321.0,2021-12-29 15:37:00,241.5,198
387,4321.0,2022-01-14 15:23:00,251.9,198
388,4321.0,2022-01-27 17:55:00,178.0,198
389,4321.0,2022-02-12 17:04:00,244.9,198
390,4321.0,2022-02-28 09:07:00,220.3,198
391,5171.0,2020-11-12 10:48:00,272.9,446
392,5171.0,2020-12-03 15:03:00,256.7,446
393,5171.0,2020-12-24 15:39:00,410.2,446
394,5171.0,2021-01-06 15:38:00,336.9,446
395,5171.0,2021-01-21 09:52:00,351.6,446
396,5171.0,2021-02-07 15:45:00,368.1,446
397,5171.0,2021-02-23 10:36:00,268.9,446
398,5171.0,2021-03-10 09:07:00,223.3,446
399,5171.0,2021-03-24 15:45:00,148.8,446
400,5171.0,2021-04-12 10:54:00,112.3,446
401,5171.0,2021-11-08 11:33:00,111.2,446
402,5171.0,2021-12-02 10:52:00,185.8,446
403,5171.0,2021-12-22 14:34:00,201.4,446
404,5171.0,2022-01-12 13:09:00,237.3,446
405,5171.0,2022-02-02 10:12:00,245.9,446
406,5171.0,2022-02-26 10:39:00,241.6,446
407,5351.0,2020-11-30 09:02:00,244.4,198
408,5351.0,2020-12-17 08:53:00,188.8,198
409,5351.0,2020-12-31 08:52:00,198.0,198
410,5351.0,2021-01-17 12:41:00,265.1,198
411,5351.0,2021-02-01 13:19:00,207.1,198
412,5351.0,2021-02-17 09:46:00,203.8,198
413,5351.0,2021-03-04 14:36:00,190.9,198
414,5351.0,2021-03-18 08:26:00,128.9,198
415,5351.0,2021-11-17 09:58:00,96.9,198
416,5351.0,2021-12-03 09:20:00,108.9,198
417,5351.0,2021-12-20 13:05:00,138.1,198
418,5351.0,2022-01-04 08:43:00,169.6,198
419,5351.0,2022-01-17 19:03:00,131.3,198
420,5351.0,2022-02-02 07:38:00,159.2,198
421,5351.0,2022-02-18 07:17:00,138.0,198
422,5351.0,2022-03-02 15:52:00,77.8,198
423,5421.0,2020-11-13 09:26:00,135.6,198
424,5421.0,2020-11-28 13:01:00,180.0,198
425,5421.0,2020-12-11 18:15:00,220.5,198
426,5421.0,2020-12-23 11:22:00,212.3,198
427,5421.0,2021-01-04 09:57:00,236.9,198
428,5421.0,2021-01-14 14:45:00,217.5,198
429,5421.0,2021-01-25 08:45:00,229.9,198
430,5421.0,2021-02-03 12:28:00,166.3,198
431,5421.0,2021-02-13 08:49:00,212.0,198
432,5421.0,2021-02-24 08:41:00,190.5,198
433,5421.0,2021-03-07 10:16:00,187.1,198
434,5421.0,2021-03-17 09:43:00,116.4,198
435,5421.0,2021-04-06 09:16:00,136.1,198
436,5421.0,2021-04-22 14:02:00,118.0,198
437,5421.0,2021-11-05 09:19:00,69.2,198
438,5421.0,2021-11-25 09:08:00,71.6,198
439,5421.0,2021-12-08 17:34:00,148.6,198
440,5421.0,2021-12-16 08:50:00,61.5,198
441,5421.0,2021-12-25 10:31:00,130.8,198
442,5421.0,2021-12-30 07:44:00,64.6,198
443,5421.0,2022-01-09 08:03:00,105.0,198
444,5421.0,2022-01-20 16:05:00,140.0,198
445,5421.0,2022-01-31 14:13:00,142.5,198
446,5421.0,2022-02-12 08:13:00,137.9,198
447,5421.0,2022-02-22 12:37:00,108.7,198
448,5421.0,2022-03-14 07:11:00,188.0,198
449,5441.0,2020-11-16 09:32:00,2000.0,446
450,5441.0,2020-12-02 15:48:00,2000.1,446
451,5441.0,2020-12-22 11:10:00,2510.4,446
452,5441.0,2021-01-06 18:17:00,2000.0,446
453,5441.0,2021-01-23 18:26:00,1000.0,446
454,5441.0,2021-01-25 17:21:00,2000.0,446
455,5441.0,2021-02-08 16:51:00,1500.0,446
456,5441.0,2021-02-22 08:27:00,2000.0,446
457,5441.0,2021-03-07 14:55:00,1600.0,446
458,5441.0,2021-03-18 09:17:00,1000.0,446
459,5441.0,2021-04-07 14:23:00,1500.0,446
460,5441.0,2021-04-22 17:00:00,1500.1,446
461,5441.0,2021-11-09 15:30:00,300.0,446
462,5441.0,2021-12-01 13:12:00,1000.0,446
463,5441.0,2021-12-16 17:12:00,1800.0,446
464,5441.0,2021-12-30 14:44:00,2000.1,446
465,5441.0,2022-01-13 18:00:00,1400.3,446
466,5441.0,2022-01-25 15:29:00,1200.1,446
467,5441.0,2022-02-14 13:25:00,1700.5,446
468,5441.0,2022-03-05 17:00:00,1400.1,446
469,5561.0,2020-11-06 18:02:00,259.2,446
470,5561.0,2020-11-24 09:46:00,95.9,446
471,5561.0,2020-12-09 10:18:00,113.8,446
472,5561.0,2020-12-18 08:56:00,79.5,446
473,5561.0,2020-12-26 09:04:00,101.4,446
474,5561.0,2021-01-05 09:24:00,102.6,446
475,5561.0,2021-01-18 17:36:00,123.2,446
476,5561.0,2021-01-28 16:44:00,104.4,446
477,5561.0,2021-02-07 10:21:00,122.6,446
478,5561.0,2021-02-17 08:59:00,85.9,446
479,5561.0,2021-02-25 09:16:00,96.2,446
480,5561.0,2021-03-08 11:43:00,104.8,446
481,5561.0,2021-03-19 09:19:00,92.9,446
482,5561.0,2021-11-24 10:36:00,67.4,446
483,5561.0,2021-12-14 15:40:00,104.7,446
484,5561.0,2021-12-27 08:33:00,106.1,446
485,5561.0,2022-01-17 09:10:00,177.6,446
486,5561.0,2022-01-27 13:59:00,71.8,446
487,5561.0,2022-02-08 08:56:00,94.8,446
488,5561.0,2022-02-27 10:23:00,113.5,446
489,5841.0,2020-12-04 13:27:00,482.0,198
490,5841.0,2020-12-10 14:50:00,123.2,198
491,5841.0,2020-12-24 14:56:00,342.0,198
492,5841.0,2021-01-16 11:42:00,645.2,198
493,5841.0,2021-02-07 10:57:00,481.4,198
494,5841.0,2021-03-01 08:52:00,395.6,198
495,5841.0,2021-03-22 09:28:00,336.9,198
496,5841.0,2021-11-16 14:59:00,225.9,198
497,5841.0,2021-12-14 14:34:00,396.6,198
498,5841.0,2022-01-05 00:00:00,72.0,198
499,5841.0,2022-01-09 15:13:00,564.8,198
500,5841.0,2022-01-29 14:41:00,386.5,198
501,5841.0,2022-02-17 10:45:00,477.3,198
502,5841.0,2022-03-12 13:44:00,425.5,198
503,6531.0,2020-11-12 09:19:00,90.1,198
504,6531.0,2020-11-18 09:56:00,81.1,198
505,6531.0,2020-11-24 07:21:00,110.2,198
506,6531.0,2020-11-30 07:43:00,140.3,198
507,6531.0,2020-12-04 07:58:00,114.0,198
508,6531.0,2020-12-09 10:17:00,131.7,198
509,6531.0,2020-12-14 08:32:00,130.0,198
510,6531.0,2020-12-18 10:53:00,123.6,198
511,6531.0,2020-12-23 09:43:00,166.9,198
512,6531.0,2020-12-30 12:48:00,272.4,198
513,6531.0,2021-01-04 07:12:00,160.4,198
514,6531.0,2021-01-08 09:45:00,174.0,198
515,6531.0,2021-01-12 06:57:00,159.8,198
516,6531.0,2021-01-17 08:52:00,168.7,198
517,6531.0,2021-01-21 17:34:00,158.9,198
518,6531.0,2021-01-25 10:46:00,152.9,198
519,6531.0,2021-01-30 08:50:00,164.0,198
520,6531.0,2021-02-04 10:10:00,195.4,198
521,6531.0,2021-02-09 09:47:00,130.2,198
522,6531.0,2021-02-13 08:18:00,192.9,198
523,6531.0,2021-02-18 08:53:00,154.1,198
524,6531.0,2021-02-24 19:31:00,186.6,198
525,6531.0,2021-03-01 08:49:00,158.3,198
526,6531.0,2021-03-08 17:25:00,227.7,198
527,6531.0,2021-03-15 07:40:00,184.8,198
528,6531.0,2021-03-22 07:33:00,149.5,198
529,6531.0,2021-03-29 08:43:00,97.2,198
530,6531.0,2021-04-07 09:03:00,137.4,198
531,6531.0,2021-04-15 07:48:00,156.1,198
532,6531.0,2021-04-22 07:15:00,111.0,198
533,6531.0,2021-11-01 07:48:00,54.4,198
534,6531.0,2021-11-11 12:23:00,137.8,198
535,6531.0,2021-11-19 10:09:00,146.8,198
536,6531.0,2021-11-24 08:04:00,96.3,198
537,6531.0,2021-11-30 07:21:00,195.9,198
538,6531.0,2021-12-03 06:48:00,80.4,198
539,6531.0,2021-12-09 07:23:00,189.7,198
540,6531.0,2021-12-14 07:50:00,178.9,198
541,6531.0,2021-12-17 08:01:00,99.2,198
542,6531.0,2021-12-21 11:26:00,185.5,198
543,6531.0,2021-12-25 08:23:00,171.2,198
544,6531.0,2022-01-03 08:11:00,152.1,198
545,6531.0,2022-01-06 07:59:00,175.6,198
546,6531.0,2022-01-10 08:45:00,199.3,198
547,6531.0,2022-01-13 07:26:00,142.6,198
548,6531.0,2022-01-18 10:05:00,244.5,198
549,6531.0,2022-01-22 07:59:00,181.8,198
550,6531.0,2022-01-25 08:51:00,157.7,198
551,6531.0,2022-01-28 09:35:00,145.5,198
552,6531.0,2022-01-31 11:45:00,155.9,198
553,6531.0,2022-02-03 08:05:00,151.5,198
554,6531.0,2022-02-07 10:42:00,207.9,198
555,6531.0,2022-02-12 07:54:00,244.8,198
556,6531.0,2022-02-15 07:36:00,139.9,198
557,6531.0,2022-02-18 08:45:00,140.5,198
558,6531.0,2022-02-21 10:22:00,150.6,198
559,6531.0,2022-02-24 16:07:00,160.6,198
560,6531.0,2022-02-28 07:09:00,153.3,198
561,6531.0,2022-03-04 09:10:00,165.6,198
562,6531.0,2022-03-08 07:51:00,157.6,198
563,6531.0,2022-03-11 07:39:00,101.4,198
564,6721.0,2020-11-02 15:07:00,200.0,446
565,6721.0,2020-11-12 15:07:00,180.0,446
566,6721.0,2020-11-25 07:38:00,170.0,446
567,6721.0,2020-11-30 09:03:00,180.0,446
568,6721.0,2020-12-08 11:26:00,380.0,446
569,6721.0,2020-12-14 07:12:00,180.0,446
570,6721.0,2020-12-18 08:11:00,180.0,446
571,6721.0,2020-12-23 14:32:00,380.1,446
572,6721.0,2020-12-26 15:42:00,170.0,446
573,6721.0,2020-12-31 10:58:00,370.0,446
574,6721.0,2021-01-05 17:29:00,370.0,446
575,6721.0,2021-01-11 07:27:00,350.0,446
576,6721.0,2021-01-15 07:04:00,380.0,446
577,6721.0,2021-01-19 08:48:00,190.0,446
578,6721.0,2021-01-23 08:25:00,350.0,446
579,6721.0,2021-01-27 07:03:00,180.0,446
580,6721.0,2021-02-01 09:17:00,380.0,446
581,6721.0,2021-02-06 07:50:00,300.0,446
582,6721.0,2021-02-10 07:12:00,220.0,446
583,6721.0,2021-02-15 09:51:00,220.0,446
584,6721.0,2021-02-22 06:36:00,350.1,446
585,6721.0,2021-02-27 13:19:00,370.0,446
586,6721.0,2021-03-04 07:48:00,180.0,446
587,6721.0,2021-03-11 06:46:00,370.0,446
588,6721.0,2021-03-19 06:39:00,180.0,446
589,6721.0,2021-04-14 07:58:00,350.0,446
590,6721.0,2021-11-01 08:16:00,200.1,446
591,6721.0,2021-11-19 09:56:00,200.0,446
592,6721.0,2021-11-29 08:09:00,350.0,446
593,6721.0,2021-12-09 11:29:00,200.0,446
594,6721.0,2021-12-14 07:05:00,160.0,446
595,6721.0,2021-12-20 08:10:00,350.0,446
596,6721.0,2021-12-25 07:25:00,367.2,446
597,6721.0,2021-12-27 18:16:00,400.0,446
598,6721.0,2022-01-03 07:16:00,360.2,446
599,6721.0,2022-01-07 08:07:00,550.0,446
600,6721.0,2022-01-12 08:02:00,400.0,446
601,6721.0,2022-01-17 11:01:00,401.5,446
602,6721.0,2022-01-21 15:30:00,300.0,446
603,6721.0,2022-01-25 07:21:00,380.0,446
604,6721.0,2022-01-29 17:27:00,360.0,446
605,6721.0,2022-02-03 09:12:00,350.0,446
606,6721.0,2022-02-07 09:11:00,300.0,446
607,6721.0,2022-02-12 15:57:00,250.0,446
608,6721.0,2022-02-17 09:03:00,380.0,446
609,6721.0,2022-02-23 08:26:00,550.0,446
610,6721.0,2022-03-01 18:57:00,380.0,446
611,6721.0,2022-03-08 06:56:00,150.0,446
612,7291.0,2020-11-23 13:18:00,50.3,446
613,7291.0,2020-12-09 15:44:00,134.1,446
614,7291.0,2020-12-26 12:45:00,196.2,446
615,7291.0,2021-01-08 13:22:00,197.2,446
616,7291.0,2021-01-28 10:01:00,274.8,446
617,7291.0,2021-02-17 08:18:00,283.6,446
618,7291.0,2021-03-09 16:52:00,314.3,446
619,7291.0,2021-03-23 08:48:00,147.9,446
620,7291.0,2021-04-06 14:51:00,88.8,446
621,7291.0,2021-04-26 15:48:00,101.4,446
622,7291.0,2021-11-01 15:35:00,125.2,446
623,7291.0,2021-11-24 06:53:00,63.8,446
624,7291.0,2021-12-09 10:36:00,72.3,446
625,7291.0,2021-12-23 17:21:00,76.7,446
626,7291.0,2022-01-12 17:58:00,107.8,446
627,7291.0,2022-01-31 09:44:00,125.1,446
628,7291.0,2022-02-27 10:12:00,137.8,446
629,7951.0,2020-11-28 09:24:00,117.7,198
630,7951.0,2020-12-15 15:06:00,115.8,198
631,7951.0,2020-12-28 17:03:00,118.9,198
632,7951.0,2021-01-12 11:54:00,143.8,198
633,7951.0,2021-01-27 08:36:00,129.5,198
634,7951.0,2021-02-10 15:11:00,120.6,198
635,7951.0,2021-02-24 15:00:00,73.5,198
636,7951.0,2021-03-24 11:12:00,127.1,198
637,7951.0,2021-11-12 09:19:00,65.9,198
638,7951.0,2021-11-29 15:05:00,90.9,198
639,7951.0,2021-12-15 11:41:00,123.1,198
640,7951.0,2022-01-06 15:07:00,213.8,198
641,7951.0,2022-01-22 10:03:00,150.7,198
642,7951.0,2022-02-05 15:40:00,131.8,198
643,7951.0,2022-02-21 13:49:00,138.3,198
644,7951.0,2022-03-08 11:20:00,117.2,198
645,8321.0,2020-11-17 09:49:00,139.0,446
646,8321.0,2020-11-27 10:10:00,68.5,446
647,8321.0,2020-12-08 09:53:00,96.8,446
648,8321.0,2020-12-18 14:26:00,123.1,446
649,8321.0,2020-12-26 11:58:00,116.4,446
650,8321.0,2021-01-06 15:19:00,227.7,446
651,8321.0,2021-01-14 13:42:00,122.7,446
652,8321.0,2021-01-22 13:56:00,190.7,446
653,8321.0,2021-02-01 09:11:00,207.0,446
654,8321.0,2021-02-10 07:53:00,181.2,446
655,8321.0,2021-02-19 11:28:00,182.8,446
656,8321.0,2021-02-27 14:58:00,151.4,446
657,8321.0,2021-03-09 16:32:00,169.1,446
658,8321.0,2021-03-19 08:32:00,122.2,446
659,8321.0,2021-03-30 08:33:00,154.0,446
660,8321.0,2021-04-19 09:05:00,150.0,446
661,8321.0,2021-11-11 07:54:00,110.9,446
662,8321.0,2021-11-27 08:03:00,72.2,446
663,8321.0,2021-12-16 07:58:00,147.5,446
664,8321.0,2021-12-27 11:21:00,101.4,446
665,8321.0,2022-01-07 16:25:00,115.5,446
666,8321.0,2022-01-21 08:10:00,133.7,446
667,8321.0,2022-01-31 17:02:00,101.5,446
668,8321.0,2022-02-11 07:23:00,103.2,446
669,8321.0,2022-02-23 12:02:00,98.5,446
670,8321.0,2022-03-05 15:28:00,85.5,446
671,8321.0,2022-03-17 07:33:00,82.6,446
672,8601.0,2020-11-13 10:25:00,271.7,446
673,8601.0,2020-11-27 16:39:00,131.4,446
674,8601.0,2020-12-15 17:24:00,200.6,446
675,8601.0,2020-12-30 11:29:00,165.9,446
676,8601.0,2021-01-14 08:31:00,219.5,446
677,8601.0,2021-01-28 16:53:00,160.0,446
678,8601.0,2021-02-10 10:46:00,165.3,446
679,8601.0,2021-02-24 08:45:00,146.0,446
680,8601.0,2021-03-10 15:29:00,90.8,446
681,8601.0,2021-11-17 09:26:00,88.4,446
682,8601.0,2021-12-17 08:58:00,169.6,446
683,8601.0,2022-01-06 17:21:00,155.0,446
684,8601.0,2022-01-22 18:14:00,122.2,446
685,8601.0,2022-02-04 14:31:00,104.9,446
686,8601.0,2022-02-19 12:48:00,104.4,446
687,8601.0,2022-03-07 15:59:00,104.1,446
688,506850.0,2020-11-06 15:51:00,104.1,446
689,506850.0,2020-11-26 08:09:00,117.1,446
690,506850.0,2020-12-09 13:54:00,80.0,446
691,506850.0,2020-12-28 16:56:00,133.4,446
692,506850.0,2021-01-15 17:38:00,139.9,446
693,506850.0,2021-02-02 10:50:00,219.9,446
694,506850.0,2021-02-23 13:21:00,157.0,446
695,506850.0,2021-03-17 09:27:00,217.8,446
696,506850.0,2021-04-10 08:40:00,100.3,446
697,506850.0,2021-11-15 14:28:00,185.0,446
698,506850.0,2021-12-03 10:36:00,103.2,446
699,506850.0,2021-12-20 09:44:00,93.3,446
700,506850.0,2022-01-08 09:16:00,397.6,446
701,506850.0,2022-01-25 08:42:00,275.3,446
702,506850.0,2022-02-01 14:17:00,58.2,446
703,506850.0,2022-02-18 15:30:00,225.1,446
704,506850.0,2022-03-10 15:18:00,141.4,446
705,604900.0,2020-11-26 13:57:00,276.7,446
706,807851.0,2022-01-07 17:49:00,318.1,446
707,808450.0,2021-01-19 16:23:00,200.1,446
708,808900.0,2020-12-24 15:34:00,140.0,446
709,1127000.0,2020-12-30 13:33:00,159.6,223
710,1234100.0,2020-11-27 11:14:00,200.0,446
711,1240700.0,2022-01-05 15:03:00,346.4,446
712,1311400.0,2022-03-03 08:25:00,99.1,198
713,2202200.0,2020-11-17 08:07:00,128.2,446
714,2246900.0,2020-12-01 15:16:00,168.8,492
715,2246900.0,2020-12-22 10:21:00,186.8,492
716,2348400.0,2021-01-19 17:26:00,125.5,446
717,2354001.0,2022-03-09 09:57:00,107.5,223
718,2358600.0,2020-12-16 08:42:00,249.5,446
719,2358600.0,2021-01-05 15:36:00,222.0,446
720,2358600.0,2021-01-21 15:40:00,275.3,446
721,2358600.0,2021-02-10 08:15:00,273.9,446
722,2358600.0,2021-03-03 11:20:00,237.8,446
723,2358600.0,2021-03-29 08:22:00,191.9,446
724,2358600.0,2021-12-20 15:14:00,274.3,446
725,2358600.0,2022-01-08 10:46:00,257.2,446
726,2358600.0,2022-01-26 16:28:00,186.1,446
727,2358600.0,2022-02-12 13:59:00,185.1,446
728,2358600.0,2022-02-28 15:24:00,150.8,446
729,2359004.0,2020-11-27 15:14:00,107.4,446
730,2359004.0,2020-12-16 08:37:00,98.2,446
731,2359004.0,2020-12-30 10:09:00,95.6,446
732,2359004.0,2021-01-19 14:32:00,154.5,446
733,2359004.0,2021-02-05 10:38:00,202.4,446
734,2359004.0,2021-02-25 15:18:00,126.8,446
735,2359004.0,2021-03-16 08:34:00,97.6,446
736,2359004.0,2021-11-10 15:40:00,83.4,446
737,2359004.0,2021-12-01 16:25:00,80.4,446
738,2359004.0,2021-12-21 16:33:00,123.2,446
739,2359004.0,2022-01-10 15:11:00,133.8,446
740,2359004.0,2022-01-29 10:33:00,101.6,446
741,2359004.0,2022-02-15 10:17:00,111.9,446
742,2359004.0,2022-03-07 14:01:00,109.6,446
743,2378000.0,2020-11-18 08:53:00,242.6,446
744,2382700.0,2020-11-16 16:09:00,161.1,446
745,2382700.0,2020-12-04 13:16:00,111.9,446
746,2382700.0,2020-12-24 08:00:00,172.8,446
747,2382700.0,2021-01-12 15:20:00,224.6,446
748,2382700.0,2021-01-28 11:14:00,140.1,446
749,2382700.0,2021-02-15 13:27:00,186.8,446
750,2382700.0,2021-03-05 14:21:00,224.0,446
751,2382700.0,2021-03-24 07:57:00,84.3,446
752,2382700.0,2021-04-20 08:20:00,135.4,446
753,2382700.0,2021-11-23 11:36:00,141.8,446
754,2382700.0,2021-12-11 15:12:00,98.9,446
755,2382700.0,2021-12-29 15:40:00,174.0,446
756,2382700.0,2022-01-13 15:05:00,244.4,446
757,2382700.0,2022-01-28 09:55:00,193.5,446
758,2382700.0,2022-02-16 07:45:00,287.9,446
759,2382700.0,2022-03-01 10:04:00,209.0,446
760,2417100.0,2020-11-13 13:36:00,101.3,446
761,2417100.0,2020-12-01 14:22:00,152.9,446
762,2417100.0,2020-12-22 18:53:00,221.3,446
763,2417100.0,2021-01-06 16:00:00,212.1,446
764,2417100.0,2021-01-26 16:32:00,160.0,446
765,2417100.0,2021-02-06 16:08:00,137.7,446
766,2417100.0,2021-02-27 14:53:00,246.9,446
767,2417100.0,2021-03-19 14:48:00,187.0,446
768,2417100.0,2021-04-08 10:31:00,120.4,446
769,2417100.0,2021-11-17 14:25:00,147.7,446
770,2417100.0,2021-12-08 16:29:00,110.6,446
771,2417100.0,2021-12-23 16:03:00,135.4,446
772,2417100.0,2022-01-13 11:27:00,314.0,446
773,2417100.0,2022-02-01 15:23:00,292.5,446
774,2417100.0,2022-02-19 16:03:00,282.1,446
775,2417100.0,2022-03-09 09:25:00,262.2,446
776,2418600.0,2022-03-17 10:35:00,200.1,446
777,3081000.0,2020-11-14 14:14:00,360.5,446
778,3081000.0,2020-11-24 11:22:00,238.5,446
779,3081000.0,2020-12-02 10:56:00,251.7,446
780,3081000.0,2020-12-10 10:48:00,283.0,446
781,3081000.0,2020-12-17 14:46:00,265.1,446
782,3081000.0,2020-12-25 12:33:00,297.7,446
783,3081000.0,2020-12-31 10:50:00,178.5,446
784,3081000.0,2021-01-08 14:42:00,309.7,446
785,3081000.0,2021-01-15 17:02:00,291.9,446
786,3081000.0,2021-01-22 11:09:00,269.1,446
787,3081000.0,2021-01-29 12:01:00,303.9,446
788,3081000.0,2021-02-05 09:18:00,302.2,446
789,3081000.0,2021-02-12 14:55:00,296.2,446
790,3081000.0,2021-02-19 10:39:00,262.5,446
791,3081000.0,2021-02-26 09:49:00,270.2,446
792,3081000.0,2021-03-05 11:57:00,269.4,446
793,3081000.0,2021-03-12 10:38:00,237.1,446
794,3081000.0,2021-03-19 11:10:00,246.0,446
795,3081000.0,2021-03-26 10:44:00,210.7,446
796,3081000.0,2021-04-06 10:59:00,289.7,446
797,3081000.0,2021-04-16 11:24:00,265.0,446
798,3081000.0,2021-04-30 11:15:00,332.8,446
799,3081000.0,2021-11-12 16:05:00,224.2,446
800,3081000.0,2021-11-25 15:18:00,308.5,446
801,3081000.0,2021-12-03 15:13:00,158.8,446
802,3081000.0,2021-12-10 14:53:00,238.4,446
803,3081000.0,2021-12-17 08:43:00,129.5,446
804,3081000.0,2021-12-24 10:39:00,263.2,446
805,3081000.0,2021-12-30 08:19:00,210.6,446
806,3081000.0,2022-01-07 10:44:00,263.6,446
807,3081000.0,2022-01-15 10:31:00,184.1,446
808,3081000.0,2022-01-21 09:10:00,261.4,446
809,3081000.0,2022-01-28 12:34:00,214.7,446
810,3081000.0,2022-02-04 10:49:00,246.4,446
811,3081000.0,2022-02-11 08:15:00,213.2,446
812,3081000.0,2022-02-18 12:30:00,241.0,446
813,3081000.0,2022-02-25 11:09:00,215.4,446
814,3081000.0,2022-03-04 09:19:00,203.9,446
815,3081000.0,2022-03-11 08:16:00,154.9,446
816,3105500.0,2021-04-20 15:33:00,200.1,446
817,3106000.0,2020-12-03 15:34:00,30.0,492
818,3351401.0,2020-12-07 16:15:00,323.2,446
819,3351401.0,2021-01-04 12:07:00,416.8,446
820,3351401.0,2021-01-26 16:51:00,189.4,446
821,3351401.0,2021-02-15 17:04:00,128.7,446
822,3351401.0,2021-03-05 09:25:00,110.5,446
823,3351401.0,2021-04-01 14:51:00,95.7,446
824,3351401.0,2021-11-11 15:04:00,100.4,446
825,3351401.0,2021-12-01 15:46:00,110.9,446
826,3351401.0,2021-12-22 14:16:00,171.3,446
827,3351401.0,2022-01-11 13:17:00,218.0,446
828,3351401.0,2022-01-29 12:26:00,234.2,446
829,3351401.0,2022-02-18 17:12:00,374.0,446
830,3351401.0,2022-03-09 09:52:00,197.8,446
831,3352820.0,2020-12-07 16:58:00,220.5,446
832,3697003.0,2021-01-28 09:06:00,200.0,446
833,3700360.0,2021-12-01 14:31:00,168.2,446
834,3729100.0,2021-12-23 08:17:00,366.2,904
835,3859400.0,2020-11-17 13:28:00,152.0,446
836,3859400.0,2020-11-27 11:33:00,75.9,446
837,3859400.0,2020-12-04 11:14:00,83.2,446
838,3859400.0,2020-12-14 14:42:00,127.9,446
839,3859400.0,2020-12-21 13:32:00,88.5,446
840,3859400.0,2020-12-28 10:31:00,217.8,446
841,3859400.0,2021-01-06 18:22:00,322.7,446
842,3859400.0,2021-01-13 16:37:00,154.6,446
843,3859400.0,2021-01-20 11:36:00,207.1,446
844,3859400.0,2021-01-27 09:18:00,122.7,446
845,3859400.0,2021-02-03 17:05:00,153.9,446
846,3859400.0,2021-02-10 10:58:00,80.3,446
847,3859400.0,2021-02-16 16:08:00,95.9,446
848,3859400.0,2021-02-18 09:50:00,132.5,446
849,3859400.0,2021-02-25 10:43:00,168.0,446
850,3859400.0,2021-03-04 15:48:00,143.3,446
851,3859400.0,2021-03-12 14:39:00,94.9,446
852,3859400.0,2021-03-23 09:54:00,90.5,446
853,3859400.0,2021-04-06 10:32:00,34.5,446
854,3859400.0,2021-04-21 15:11:00,120.9,446
855,3859400.0,2021-11-04 13:57:00,89.9,446
856,3859400.0,2021-11-18 10:30:00,77.6,446
857,3859400.0,2021-11-27 08:10:00,67.8,446
858,3859400.0,2021-12-06 09:56:00,78.6,446
859,3859400.0,2021-12-13 10:33:00,68.9,446
860,3859400.0,2021-12-22 08:33:00,219.2,446
861,3859400.0,2021-12-30 11:11:00,117.5,446
862,3859400.0,2022-01-07 21:00:00,164.3,446
863,3859400.0,2022-01-17 14:39:00,114.5,446
864,3859400.0,2022-01-27 10:46:00,123.8,446
865,3859400.0,2022-02-04 10:01:00,98.7,446
866,3859400.0,2022-02-14 10:50:00,111.8,446
867,3859400.0,2022-02-24 10:03:00,126.3,446
868,3859400.0,2022-03-08 09:07:00,120.0,446
869,5052050.0,2020-11-11 15:12:00,254.2,446
870,5052050.0,2020-12-01 16:07:00,140.2,446
871,5052050.0,2020-12-22 08:28:00,167.4,446
872,5052050.0,2021-01-11 14:40:00,193.2,446
873,5052050.0,2021-01-29 15:13:00,166.7,446
874,5052050.0,2021-02-16 16:47:00,161.7,446
875,5052050.0,2021-03-05 15:23:00,138.4,446
876,5052050.0,2021-03-24 14:57:00,107.5,446
877,5052050.0,2021-04-21 09:39:00,128.8,446
878,5052050.0,2021-11-19 15:46:00,141.4,446
879,5052050.0,2021-12-10 10:16:00,149.3,446
880,5052050.0,2021-12-30 11:06:00,262.7,446
881,5052050.0,2022-01-14 10:05:00,302.0,446
882,5052050.0,2022-02-02 13:37:00,291.7,446
883,5052050.0,2022-02-23 13:28:00,313.7,446
884,5052050.0,2022-03-12 15:06:00,177.9,446
885,5055250.0,2020-11-18 13:47:00,175.9,446
886,5055250.0,2020-12-17 16:42:00,221.7,446
887,5055250.0,2020-12-30 17:15:00,129.3,446
888,5055250.0,2021-01-13 18:50:00,152.1,446
889,5055250.0,2021-01-28 15:45:00,141.2,446
890,5055250.0,2021-02-10 10:23:00,182.8,446
891,5055250.0,2021-02-24 09:42:00,147.3,446
892,5055250.0,2021-03-10 15:08:00,154.5,446
893,5055250.0,2021-03-24 15:07:00,87.7,446
894,5055250.0,2021-04-23 14:04:00,175.2,446
895,5055250.0,2021-11-17 10:03:00,112.0,446
896,5055250.0,2021-12-01 08:40:00,114.9,446
897,5055250.0,2021-12-17 16:23:00,166.6,446
898,5055250.0,2022-01-06 17:47:00,285.4,446
899,5055250.0,2022-02-04 14:08:00,418.0,446
900,5055250.0,2022-02-19 12:34:00,208.0,446
901,5055250.0,2022-03-07 17:49:00,203.7,446
902,5062040.0,2021-12-20 16:16:00,37.8,446
903,5088000.0,2022-02-18 13:57:00,250.0,446
904,5088900.0,2020-11-27 09:52:00,82.6,198
905,5088900.0,2020-12-24 14:52:00,166.6,198
906,5088900.0,2021-01-07 11:48:00,164.8,198
907,5088900.0,2021-01-23 16:44:00,147.4,198
908,5088900.0,2021-02-06 13:38:00,79.2,198
909,5088900.0,2021-03-03 16:12:00,173.2,198
910,5088900.0,2021-12-13 09:22:00,142.5,198
911,5088900.0,2021-12-30 18:42:00,183.2,198
912,5088900.0,2022-01-12 14:29:00,223.6,198
913,5088900.0,2022-01-26 14:56:00,172.0,198
914,5088900.0,2022-02-22 09:32:00,324.4,198
915,5088900.0,2022-03-04 07:23:00,110.5,198
916,5104801.0,2021-11-08 08:15:00,129.9,223
917,5104900.0,2022-01-21 17:47:00,86.1,223
918,5105100.0,2022-02-08 09:15:00,58.2,198
919,5117752.0,2020-11-16 14:11:00,63.3,133
920,5117752.0,2020-12-01 13:37:00,73.6,133
921,5117752.0,2020-12-07 13:56:00,46.5,133
922,5117752.0,2020-12-14 18:51:00,55.2,133
923,5117752.0,2020-12-22 15:20:00,73.2,133
924,5117752.0,2020-12-29 13:57:00,60.7,133
925,5117752.0,2021-01-04 14:22:00,53.0,133
926,5117752.0,2021-01-08 11:32:00,43.0,133
927,5117752.0,2021-01-14 15:36:00,69.7,133
928,5117752.0,2021-01-20 15:34:00,65.3,133
929,5117752.0,2021-01-26 11:25:00,54.3,133
930,5117752.0,2021-02-01 11:12:00,59.1,133
931,5117752.0,2021-02-08 09:07:00,77.2,133
932,5117752.0,2021-02-15 13:46:00,69.8,133
933,5117752.0,2021-02-22 10:26:00,51.0,133
934,5117752.0,2021-02-27 09:38:00,49.8,133
935,5117752.0,2021-03-05 11:17:00,55.9,133
936,5117752.0,2021-03-12 12:05:00,52.0,133
937,5117752.0,2021-04-08 08:26:00,38.4,133
938,5117752.0,2021-12-03 08:16:00,25.5,133
939,5117752.0,2021-12-13 07:59:00,19.6,133
940,5117752.0,2021-12-20 08:20:00,40.9,133
941,5117752.0,2021-12-25 10:43:00,43.8,133
942,5117752.0,2021-12-30 14:28:00,60.2,133
943,5117752.0,2022-01-05 14:59:00,40.6,133
944,5117752.0,2022-01-12 15:48:00,84.4,133
945,5117752.0,2022-01-21 11:00:00,36.8,133
946,5117752.0,2022-01-26 14:31:00,51.9,133
947,5117752.0,2022-01-31 10:07:00,41.7,133
948,5117752.0,2022-02-05 08:28:00,56.8,133
949,5117752.0,2022-02-10 13:00:00,44.7,133
950,5117752.0,2022-02-16 08:44:00,56.1,133
951,5117752.0,2022-02-22 11:32:00,46.1,133
952,5117752.0,2022-03-01 17:07:00,29.1,133
953,5117752.0,2022-03-14 08:19:00,33.8,133
954,5123900.0,2022-02-26 17:28:00,208.6,198
955,5309320.0,2020-12-10 14:54:00,200.0,446
956,5834940.0,2020-11-17 16:25:00,169.3,446
957,5834940.0,2020-11-30 11:49:00,122.2,446
958,5834940.0,2020-12-15 09:30:00,180.8,446
959,5834940.0,2020-12-29 08:43:00,195.6,446
960,5834940.0,2021-01-13 09:42:00,218.1,446
961,5834940.0,2021-01-28 11:04:00,212.6,446
962,5834940.0,2021-02-10 12:44:00,199.0,446
963,5834940.0,2021-02-24 09:30:00,181.7,446
964,5834940.0,2021-03-11 08:56:00,176.9,446
965,5834940.0,2021-03-31 08:14:00,158.1,446
966,5834940.0,2021-12-02 10:06:00,96.0,446
967,5834940.0,2021-12-29 10:10:00,215.3,446
968,5834940.0,2022-01-13 11:55:00,147.6,446
969,5834940.0,2022-02-01 10:15:00,160.3,446
970,5834940.0,2022-02-28 12:24:00,212.1,446
971,5932470.0,2020-12-14 10:40:00,93.9,446
972,5932470.0,2020-12-21 08:56:00,191.0,446
973,5932470.0,2020-12-28 17:31:00,146.1,446
974,5932470.0,2020-12-31 08:56:00,61.4,446
975,5932470.0,2021-01-04 10:36:00,74.1,446
976,5932470.0,2021-01-09 09:16:00,161.5,446
977,5932470.0,2021-01-15 17:50:00,133.1,446
978,5932470.0,2021-01-20 10:32:00,110.5,446
979,5932470.0,2021-01-27 09:15:00,133.2,446
980,5932470.0,2021-02-02 14:40:00,111.8,446
981,5932470.0,2021-02-08 10:29:00,150.8,446
982,5932470.0,2021-02-17 14:27:00,113.8,446
983,5932470.0,2021-02-24 10:43:00,124.9,446
984,5932470.0,2021-03-02 15:42:00,137.3,446
985,5932470.0,2021-12-01 08:17:00,121.8,446
986,5932470.0,2021-12-18 09:34:00,128.5,446
987,5932470.0,2021-12-22 14:02:00,126.8,446
988,5932470.0,2021-12-28 11:19:00,173.1,446
989,5932470.0,2021-12-31 07:01:00,63.2,446
990,5932470.0,2022-01-05 13:20:00,186.0,446
991,5932470.0,2022-01-11 08:50:00,106.4,446
992,5932470.0,2022-01-20 17:09:00,260.5,446
993,5932470.0,2022-01-25 09:02:00,144.9,446
994,5932470.0,2022-01-31 11:02:00,140.7,446
995,5932470.0,2022-02-07 13:26:00,173.2,446
996,5932470.0,2022-02-14 09:02:00,92.6,446
997,5932470.0,2022-02-21 08:13:00,137.7,446
998,5932470.0,2022-02-25 11:48:00,158.9,446
999,5932470.0,2022-03-04 12:02:00,106.6,446
1000,5945940.0,2021-12-03 15:01:00,207.7,446
1001,5955620.0,2020-12-15 17:28:00,170.3,446
1002,5955620.0,2020-12-30 11:31:00,115.8,446
1003,5955620.0,2021-01-14 08:32:00,120.2,446
1004,5955620.0,2021-02-10 10:48:00,131.0,446
1005,5955620.0,2021-03-10 15:30:00,91.4,446
1006,5955620.0,2021-11-17 09:30:00,279.0,446
1007,5955620.0,2021-12-17 09:00:00,96.0,446
1008,5955620.0,2022-01-06 17:24:00,168.2,446
1009,5955620.0,2022-01-22 18:17:00,136.6,446
1010,5955620.0,2022-02-04 14:33:00,83.0,446
1011,5955620.0,2022-02-19 12:51:00,60.9,446
1012,5955620.0,2022-03-07 16:01:00,110.7,446
1013,5955660.0,2020-12-16 08:24:00,181.7,400
1014,5955660.0,2020-12-19 18:02:00,99.7,400
1015,5955660.0,2020-12-21 13:29:00,161.8,400
1016,5955660.0,2020-12-23 11:25:00,58.9,400
1017,5955660.0,2020-12-26 11:29:00,120.6,400
1018,5955660.0,2020-12-28 08:55:00,127.5,400
1019,5955660.0,2021-01-04 14:56:00,127.0,400
1020,5955660.0,2021-01-06 13:40:00,83.0,400
1021,5955660.0,2021-01-09 11:07:00,134.0,400
1022,5955660.0,2021-01-14 08:05:00,278.2,400
1023,5955660.0,2021-01-16 10:47:00,76.8,400
1024,5955660.0,2021-01-18 09:15:00,79.1,400
1025,5955660.0,2021-01-20 16:34:00,204.8,400
1026,5955660.0,2021-01-25 13:29:00,25.5,400
1027,5955660.0,2021-01-30 08:56:00,84.8,400
1028,5955660.0,2021-02-03 15:47:00,79.0,400
1029,5955660.0,2021-02-06 13:05:00,48.4,400
1030,5955660.0,2021-02-08 16:37:00,229.1,400
1031,5955660.0,2021-02-10 08:00:00,93.4,400
1032,5955660.0,2021-02-20 17:12:00,99.6,400
1033,5955660.0,2021-02-24 17:19:00,132.1,400
1034,5955660.0,2021-02-27 13:37:00,179.8,400
1035,5955660.0,2021-03-03 10:30:00,203.7,400
1036,5955660.0,2021-11-30 09:33:00,49.4,400
1037,5955660.0,2021-12-18 13:57:00,154.1,400
1038,5955660.0,2021-12-20 13:16:00,42.1,400
1039,5955660.0,2021-12-24 13:52:00,209.2,400
1040,5955660.0,2021-12-28 17:16:00,307.2,400
1041,5955660.0,2022-01-02 11:26:00,217.2,400
1042,5955660.0,2022-01-05 08:40:00,365.1,400
1043,5955660.0,2022-01-10 08:52:00,129.9,400
1044,5955660.0,2022-01-12 16:34:00,185.7,400
1045,5955660.0,2022-01-14 17:18:00,154.0,400
1046,5955660.0,2022-01-18 13:51:00,144.7,400
1047,5955660.0,2022-01-24 14:06:00,227.5,400
1048,5955660.0,2022-01-26 15:55:00,70.2,400
1049,5955660.0,2022-01-29 09:29:00,108.6,400
1050,5955660.0,2022-02-02 16:24:00,312.1,400
1051,5955660.0,2022-02-04 16:55:00,92.9,400
1052,5955660.0,2022-02-07 16:54:00,326.0,400
1053,5955660.0,2022-02-12 09:47:00,99.3,400
1054,5955660.0,2022-02-16 07:56:00,59.0,400
1055,5955660.0,2022-02-22 13:18:00,300.5,400
1056,5955660.0,2022-03-01 09:30:00,129.5,400
1057,5986600.0,2020-11-02 07:51:00,120.0,446
1058,5986600.0,2020-11-06 08:17:00,160.0,446
1059,5986600.0,2020-11-10 07:14:00,160.0,446
1060,5986600.0,2020-11-13 09:08:00,230.0,446
1061,5986600.0,2020-11-17 12:39:00,260.0,446
1062,5986600.0,2020-11-20 07:07:00,170.0,446
1063,5986600.0,2020-11-24 06:31:00,170.0,446
1064,5986600.0,2020-11-27 06:40:00,270.0,446
1065,5986600.0,2020-12-01 06:43:00,270.0,446
1066,5986600.0,2020-12-04 06:31:00,260.0,446
1067,5986600.0,2020-12-08 06:51:00,280.0,446
1068,5986600.0,2020-12-11 07:19:00,220.0,446
1069,5986600.0,2020-12-15 06:43:00,270.0,446
1070,5986600.0,2020-12-18 07:03:00,340.0,446
1071,5986600.0,2020-12-22 06:44:00,320.0,446
1072,5986600.0,2020-12-25 06:45:00,280.0,446
1073,5986600.0,2020-12-28 06:41:00,260.0,446
1074,5986600.0,2021-01-03 06:33:00,220.0,446
1075,5986600.0,2021-01-06 06:59:00,260.0,446
1076,5986600.0,2021-01-08 06:16:00,220.0,446
1077,5986600.0,2021-01-11 06:27:00,260.0,446
1078,5986600.0,2021-01-14 06:57:00,340.0,446
1079,5986600.0,2021-01-17 08:21:00,260.0,446
1080,5986600.0,2021-01-20 09:35:00,330.0,446
1081,5986600.0,2021-01-23 08:10:00,320.0,446
1082,5986600.0,2021-01-26 08:27:00,270.0,446
1083,5986600.0,2021-01-29 06:44:00,260.0,446
1084,5986600.0,2021-02-01 06:41:00,280.0,446
1085,5986600.0,2021-02-04 08:01:00,380.0,446
1086,5986600.0,2021-02-06 09:05:00,270.0,446
1087,5986600.0,2021-02-09 06:44:00,320.1,446
1088,5986600.0,2021-02-12 07:02:00,320.0,446
1089,5986600.0,2021-02-16 07:14:00,380.0,446
1090,5986600.0,2021-02-19 08:34:00,320.0,446
1091,5986600.0,2021-02-22 07:25:00,280.0,446
1092,5986600.0,2021-02-25 06:48:00,320.0,446
1093,5986600.0,2021-02-27 17:48:00,320.0,446
1094,5986600.0,2021-03-02 06:41:00,220.0,446
1095,5986600.0,2021-03-05 07:10:00,320.0,446
1096,5986600.0,2021-03-09 07:28:00,400.0,446
1097,5986600.0,2021-03-12 06:31:00,320.0,446
1098,5986600.0,2021-03-16 06:57:00,320.0,446
1099,5986600.0,2021-03-19 07:13:00,220.0,446
1100,5986600.0,2021-03-23 06:43:00,280.0,446
1101,5986600.0,2021-03-26 06:39:00,220.0,446
1102,5986600.0,2021-03-30 06:29:00,160.0,446
1103,5986600.0,2021-04-02 06:36:00,160.0,446
1104,5986600.0,2021-04-06 08:17:00,160.2,446
1105,5986600.0,2021-04-12 06:50:00,400.0,446
1106,5986600.0,2021-04-16 07:21:00,160.0,446
1107,5986600.0,2021-04-21 07:39:00,260.0,446
1108,5986600.0,2021-04-26 06:33:00,220.0,446
1109,5986600.0,2021-04-28 06:28:00,130.0,446
1110,5986600.0,2021-11-04 07:06:00,220.0,446
1111,5986600.0,2021-11-09 08:23:00,220.0,446
1112,5986600.0,2021-11-12 07:38:00,170.0,446
1113,5986600.0,2021-11-16 07:02:00,180.0,446
1114,5986600.0,2021-11-19 09:27:00,160.0,446
1115,5986600.0,2021-11-24 07:17:00,220.0,446
1116,5986600.0,2021-11-27 07:03:00,160.0,446
1117,5986600.0,2021-11-30 06:37:00,160.0,446
1118,5986600.0,2021-12-03 06:39:00,220.0,446
1119,5986600.0,2021-12-06 06:35:00,180.0,446
1120,5986600.0,2021-12-09 06:47:00,200.0,446
1121,5986600.0,2021-12-13 06:31:00,220.0,446
1122,5986600.0,2021-12-17 06:58:00,280.0,446
1123,5986600.0,2021-12-20 09:29:00,220.0,446
1124,5986600.0,2021-12-24 06:59:00,340.0,446
1125,5986600.0,2021-12-28 06:43:00,270.0,446
1126,5986600.0,2022-01-03 06:46:00,220.0,446
1127,5986600.0,2022-01-07 06:42:00,320.0,446
1128,5986600.0,2022-01-10 08:09:00,280.0,446
1129,5986600.0,2022-01-13 07:15:00,270.0,446
1130,5986600.0,2022-01-17 09:15:00,380.0,446
1131,5986600.0,2022-01-21 07:06:00,320.0,446
1132,5986600.0,2022-01-23 07:00:00,220.0,446
1133,5986600.0,2022-01-26 06:33:00,220.0,446
1134,5986600.0,2022-01-29 09:01:00,320.0,446
1135,5986600.0,2022-02-01 07:34:00,260.0,446
1136,5986600.0,2022-02-04 07:10:00,280.0,446
1137,5986600.0,2022-02-07 09:43:00,320.0,446
1138,5986600.0,2022-02-11 06:45:00,380.0,446
1139,5986600.0,2022-02-14 06:47:00,220.0,446
1140,5986600.0,2022-02-17 07:19:00,260.0,446
1141,5986600.0,2022-02-21 06:53:00,320.0,446
1142,5986600.0,2022-02-24 07:28:00,280.0,446
1143,5986600.0,2022-02-28 07:06:00,260.1,446
1144,5986600.0,2022-03-04 06:58:00,350.0,446
1145,5986600.0,2022-03-08 07:38:00,320.0,446
1146,5986600.0,2022-03-11 07:18:00,200.0,446
1147,5988190.0,2020-12-16 14:41:00,255.2,400
1148,5988190.0,2020-12-21 15:09:00,249.7,400
1149,5988190.0,2020-12-23 16:45:00,180.0,400
1150,5988190.0,2020-12-26 15:26:00,100.1,400
1151,5988190.0,2020-12-28 16:39:00,115.8,400
1152,5988190.0,2021-01-04 14:54:00,175.8,400
1153,5988190.0,2021-01-08 15:51:00,178.7,400
1154,5988190.0,2021-01-09 17:17:00,59.2,400
1155,5988190.0,2021-01-15 16:08:00,167.6,400
1156,5988190.0,2021-01-18 14:48:00,220.4,400
1157,5988190.0,2021-01-20 15:12:00,245.4,400
1158,5988190.0,2021-01-23 10:10:00,60.3,400
1159,5988190.0,2021-01-30 14:52:00,191.3,400
1160,5988190.0,2021-02-03 14:42:00,116.1,400
1161,5988190.0,2021-02-05 13:24:00,142.8,400
1162,5988190.0,2021-02-08 10:07:00,186.7,400
1163,5988190.0,2021-02-10 08:50:00,94.0,400
1164,5988190.0,2021-02-19 14:44:00,263.0,400
1165,5988190.0,2021-02-24 15:34:00,183.7,400
1166,5988190.0,2021-02-27 09:25:00,179.0,400
1167,5988190.0,2021-03-02 14:01:00,173.9,400
1168,5988190.0,2021-03-09 10:36:00,191.6,400
1169,5988190.0,2021-12-03 08:50:00,77.7,400
1170,5988190.0,2021-12-18 09:25:00,356.5,400
1171,5988190.0,2021-12-22 08:26:00,114.4,400
1172,5988190.0,2021-12-24 09:58:00,162.2,400
1173,5988190.0,2021-12-27 12:22:00,222.7,400
1174,5988190.0,2022-01-02 09:22:00,210.4,400
1175,5988190.0,2022-01-05 14:27:00,387.6,400
1176,5988190.0,2022-01-08 10:04:00,117.1,400
1177,5988190.0,2022-01-12 16:11:00,299.3,400
1178,5988190.0,2022-01-15 17:33:00,283.0,400
1179,5988190.0,2022-01-18 14:41:00,65.7,400
1180,5988190.0,2022-01-22 08:33:00,125.4,400
1181,5988190.0,2022-01-25 11:56:00,175.4,400
1182,5988190.0,2022-01-28 09:16:00,124.2,400
1183,5988190.0,2022-01-31 08:40:00,261.1,400
1184,5988190.0,2022-02-02 08:17:00,147.7,400
1185,5988190.0,2022-02-07 13:26:00,381.0,400
1186,5988190.0,2022-02-14 08:24:00,101.1,400
1187,5988190.0,2022-02-19 07:59:00,142.8,400
1188,5988190.0,2022-02-21 13:23:00,139.0,400
1189,5988190.0,2022-02-23 07:46:00,316.0,400
1190,5990760.0,2020-11-28 08:34:00,759.9,904
1191,5992890.0,2020-11-13 13:44:00,151.1,446
1192,5992890.0,2020-12-11 14:13:00,274.6,446
1193,5992890.0,2020-12-18 13:46:00,176.6,446
1194,5992890.0,2020-12-22 15:40:00,143.5,446
1195,5992890.0,2020-12-25 13:42:00,70.6,446
1196,5992890.0,2020-12-29 13:27:00,114.6,446
1197,5992890.0,2021-01-08 11:00:00,121.4,446
1198,5992890.0,2021-01-15 14:36:00,123.4,446
1199,5992890.0,2021-01-19 12:00:00,97.9,446
1200,5992890.0,2021-01-22 12:10:00,71.3,446
1201,5992890.0,2021-01-29 13:19:00,148.6,446
1202,5992890.0,2021-02-02 10:51:00,60.4,446
1203,5992890.0,2021-02-05 10:54:00,141.2,446
1204,5992890.0,2021-02-09 14:36:00,147.6,446
1205,5992890.0,2021-02-12 11:55:00,50.6,446
1206,5992890.0,2021-02-16 11:50:00,68.9,446
1207,5992890.0,2021-02-19 11:42:00,124.3,446
1208,5992890.0,2021-02-23 16:00:00,70.8,446
1209,5992890.0,2021-02-26 11:08:00,33.2,446
1210,5992890.0,2021-03-02 13:56:00,239.8,446
1211,5992890.0,2021-03-09 11:15:00,124.1,446
1212,5992890.0,2021-03-19 16:44:00,144.3,446
1213,5992890.0,2021-12-03 14:07:00,324.0,446
1214,5992890.0,2021-12-17 14:27:00,170.5,446
1215,5992890.0,2021-12-21 16:03:00,115.4,446
1216,5992890.0,2021-12-29 15:51:00,207.8,446
1217,5992890.0,2022-01-05 17:13:00,284.3,446
1218,5992890.0,2022-01-09 11:47:00,102.3,446
1219,5992890.0,2022-01-12 16:50:00,110.1,446
1220,5992890.0,2022-01-18 17:35:00,301.7,446
1221,5992890.0,2022-01-22 10:48:00,100.3,446
1222,5992890.0,2022-01-28 10:39:00,108.8,446
1223,5992890.0,2022-02-01 14:44:00,130.7,446
1224,5992890.0,2022-02-08 12:48:00,159.3,446
1225,5992890.0,2022-02-16 10:48:00,130.2,446
1226,5992890.0,2022-02-21 13:57:00,120.8,446
1227,5992890.0,2022-02-23 09:05:00,164.9,446
1228,5992890.0,2022-03-01 08:47:00,47.1,446
1229,5992890.0,2022-03-11 12:58:00,79.0,446
1230,5995800.0,2020-11-23 11:24:00,207.9,446
1231,5995800.0,2020-12-08 11:05:00,217.3,446
1232,5995800.0,2020-12-23 12:27:00,236.7,446
1233,5995800.0,2021-01-05 07:55:00,174.9,446
1234,5995800.0,2021-01-21 10:45:00,283.4,446
1235,5995800.0,2021-02-10 07:38:00,305.7,446
1236,5995800.0,2021-02-25 08:04:00,278.9,446
1237,5995800.0,2021-03-23 09:33:00,309.1,446
1238,5995800.0,2021-04-21 07:15:00,294.9,446
1239,5995800.0,2021-11-12 14:35:00,54.8,446
1240,5995800.0,2021-12-06 08:39:00,193.8,446
1241,5995800.0,2021-12-24 17:49:00,172.7,446
1242,5995800.0,2022-01-10 09:51:00,170.7,446
1243,5995800.0,2022-01-27 09:23:00,197.2,446
1244,5995800.0,2022-02-16 08:00:00,316.1,446
1245,5995800.0,2022-03-11 09:02:00,194.1,446
1246,6301840.0,2021-01-14 16:31:00,124.3,446
1247,6432070.0,2020-11-18 11:48:00,252.5,446
1248,6432070.0,2020-12-17 15:42:00,314.7,446
1249,6461500.0,2020-11-10 08:50:00,44.7,446
1250,6461500.0,2020-11-26 14:40:00,246.1,446
1251,6461500.0,2020-12-03 13:17:00,111.6,446
1252,6461500.0,2020-12-11 13:19:00,123.1,446
1253,6461500.0,2020-12-18 16:20:00,119.0,446
1254,6461500.0,2020-12-29 14:53:00,176.1,446
1255,6461500.0,2021-01-05 15:13:00,122.2,446
1256,6461500.0,2021-01-12 15:50:00,115.0,446
1257,6461500.0,2021-01-22 10:34:00,151.6,446
1258,6461500.0,2021-02-02 16:23:00,187.7,446
1259,6461500.0,2021-02-12 16:41:00,161.6,446
1260,6461500.0,2021-02-24 16:03:00,188.8,446
1261,6461500.0,2021-03-04 15:13:00,126.2,446
1262,6461500.0,2021-03-18 14:15:00,211.3,446
1263,6461500.0,2021-04-02 14:32:00,192.4,446
1264,6461500.0,2021-04-22 14:23:00,278.0,446
1265,6461500.0,2021-11-19 16:05:00,65.4,446
1266,6461500.0,2021-12-15 16:26:00,103.9,446
1267,6461500.0,2021-12-25 16:29:00,236.3,446
1268,6461500.0,2022-01-04 18:09:00,240.4,446
1269,6461500.0,2022-01-19 18:08:00,248.6,446
1270,6461500.0,2022-02-02 16:51:00,237.0,446
1271,6461500.0,2022-02-12 14:28:00,168.3,446
1272,6461500.0,2022-02-26 16:35:00,223.6,446
1273,6461500.0,2022-03-11 17:19:00,196.3,446
1274,6611200.0,2020-12-29 14:23:00,174.8,446
1275,6632180.0,2020-11-06 08:32:00,109.6,446
1276,6632180.0,2020-11-26 16:08:00,112.1,446
1277,6632180.0,2020-12-11 08:45:00,97.1,446
1278,6632180.0,2020-12-25 16:02:00,144.2,446
1279,6632180.0,2021-01-14 11:43:00,192.8,446
1280,6632180.0,2021-02-01 15:34:00,178.4,446
1281,6632180.0,2021-02-22 16:13:00,215.8,446
1282,6632180.0,2021-03-12 16:43:00,167.9,446
1283,6632180.0,2021-04-08 08:20:00,190.0,446
1284,6632180.0,2021-11-11 11:08:00,168.0,446
1285,6632180.0,2021-12-03 13:03:00,113.9,446
1286,6632180.0,2021-12-21 10:43:00,115.0,446
1287,6632180.0,2022-01-08 15:05:00,142.1,446
1288,6632180.0,2022-01-25 11:15:00,145.5,446
1289,6632180.0,2022-02-14 14:00:00,138.8,446
1290,6632180.0,2022-03-09 14:56:00,170.6,446
1291,6662480.0,2020-12-15 09:10:00,317.5,446
1292,6701980.0,2021-01-13 07:37:00,198.3,446
1293,6703030.0,2020-11-11 08:33:00,80.9,223
1294,6703030.0,2020-12-01 10:48:00,75.8,223
1295,6703030.0,2020-12-22 09:43:00,118.2,223
1296,6703030.0,2021-01-11 11:02:00,89.0,223
1297,6703030.0,2021-01-29 07:57:00,121.9,223
1298,6703030.0,2021-02-18 11:51:00,127.7,223
1299,6703030.0,2021-03-11 09:26:00,106.2,223
1300,6703030.0,2021-04-05 11:15:00,74.6,223
1301,6703030.0,2021-04-21 08:46:00,74.6,223
1302,6703030.0,2021-11-17 08:54:00,90.2,223
1303,6703030.0,2021-12-07 09:09:00,73.3,223
1304,6703030.0,2021-12-27 10:05:00,100.4,223
1305,6703030.0,2022-01-18 13:22:00,91.9,223
1306,6703030.0,2022-02-11 10:54:00,138.1,223
1307,6703030.0,2022-03-08 16:25:00,117.7,223
1308,6793020.0,2020-11-12 11:25:00,157.7,446
1309,6793020.0,2020-11-27 16:28:00,112.4,446
1310,6793020.0,2020-12-10 13:20:00,111.9,446
1311,6793020.0,2020-12-23 13:23:00,156.3,446
1312,6793020.0,2021-01-04 14:05:00,149.1,446
1313,6793020.0,2021-01-19 11:07:00,164.1,446
1314,6793020.0,2021-01-30 09:04:00,131.2,446
1315,6793020.0,2021-02-15 10:36:00,182.1,446
1316,6793020.0,2021-02-27 13:55:00,138.4,446
1317,6793020.0,2021-03-17 08:20:00,141.1,446
1318,6793020.0,2021-04-15 13:37:00,157.8,446
1319,6793020.0,2021-11-23 09:34:00,142.1,446
1320,6793020.0,2021-12-06 16:24:00,117.9,446
1321,6793020.0,2021-12-21 08:15:00,123.2,446
1322,6793020.0,2022-01-05 08:59:00,379.9,446
1323,6793020.0,2022-01-20 13:41:00,308.0,446
1324,6793020.0,2022-02-04 11:42:00,290.1,446
1325,6793020.0,2022-02-19 08:11:00,192.7,446
1326,6793020.0,2022-03-02 13:48:00,175.0,446
1327,6800010.0,2020-11-25 14:14:00,135.0,223
1328,6800010.0,2020-12-12 14:23:00,101.0,223
1329,6800010.0,2020-12-29 09:32:00,124.2,223
1330,6800010.0,2021-01-19 11:00:00,181.7,223
1331,6800010.0,2021-01-30 09:17:00,78.8,223
1332,6800010.0,2021-02-15 10:30:00,113.2,223
1333,6800010.0,2021-03-05 09:18:00,132.4,223
1334,6800010.0,2021-03-24 08:28:00,84.1,223
1335,6800010.0,2021-04-19 11:03:00,119.0,223
1336,6800010.0,2021-11-22 11:37:00,79.4,223
1337,6800010.0,2021-12-11 10:02:00,73.2,223
1338,6800010.0,2021-12-30 08:52:00,79.9,223
1339,6800010.0,2022-01-20 13:49:00,145.4,223
1340,6800010.0,2022-02-10 11:20:00,142.3,223
1341,6800010.0,2022-03-02 13:54:00,102.3,223
1342,7211500.0,2021-11-01 10:28:00,200.0,446
1343,7481420.0,2020-11-26 15:58:00,89.8,446
1344,7504000.0,2021-01-11 16:54:00,272.2,446
1345,7707620.0,2020-12-14 08:40:00,319.7,400
1346,7707620.0,2020-12-18 10:57:00,161.2,400
1347,7707620.0,2020-12-21 06:40:00,164.7,400
1348,7707620.0,2020-12-26 16:20:00,74.2,400
1349,7707620.0,2020-12-31 08:01:00,125.1,400
1350,7707620.0,2021-01-04 07:19:00,141.1,400
1351,7707620.0,2021-01-08 09:51:00,70.7,400
1352,7707620.0,2021-01-15 09:54:00,158.4,400
1353,7707620.0,2021-01-17 08:57:00,72.9,400
1354,7707620.0,2021-01-21 17:40:00,206.9,400
1355,7707620.0,2021-01-25 10:53:00,145.3,400
1356,7707620.0,2021-01-28 06:56:00,49.2,400
1357,7707620.0,2021-02-01 07:27:00,149.7,400
1358,7707620.0,2021-02-04 10:15:00,149.1,400
1359,7707620.0,2021-02-08 07:10:00,196.5,400
1360,7707620.0,2021-02-12 08:43:00,90.8,400
1361,7707620.0,2021-02-19 08:48:00,187.0,400
1362,7707620.0,2021-02-24 19:37:00,145.7,400
1363,7707620.0,2021-03-01 08:59:00,74.0,400
1364,7707620.0,2021-03-04 08:11:00,165.5,400
1365,7707620.0,2021-03-12 07:05:00,100.1,400
1366,7707620.0,2021-03-19 07:28:00,88.2,400
1367,7707620.0,2021-11-30 07:27:00,246.0,400
1368,7707620.0,2021-12-10 07:08:00,224.3,400
1369,7707620.0,2021-12-17 08:06:00,87.6,400
1370,7707620.0,2021-12-20 09:53:00,133.7,400
1371,7707620.0,2021-12-24 17:36:00,110.9,400
1372,7707620.0,2021-12-28 09:32:00,242.3,400
1373,7707620.0,2022-01-03 08:17:00,323.9,400
1374,7707620.0,2022-01-06 08:07:00,250.3,400
1375,7707620.0,2022-01-10 08:52:00,330.6,400
1376,7707620.0,2022-01-13 07:31:00,241.5,400
1377,7707620.0,2022-01-15 08:02:00,164.5,400
1378,7707620.0,2022-01-18 10:11:00,240.6,400
1379,7707620.0,2022-01-22 08:08:00,332.7,400
1380,7707620.0,2022-01-25 08:57:00,249.4,400
1381,7707620.0,2022-01-28 09:42:00,240.4,400
1382,7707620.0,2022-01-31 11:50:00,263.1,400
1383,7707620.0,2022-02-03 08:34:00,235.7,400
1384,7707620.0,2022-02-07 10:51:00,334.8,400
1385,7707620.0,2022-02-12 08:01:00,388.7,400
1386,7707620.0,2022-02-15 07:42:00,243.0,400
1387,7707620.0,2022-02-18 08:52:00,258.7,400
1388,7707620.0,2022-02-21 10:27:00,250.8,400
1389,7707620.0,2022-02-24 16:22:00,242.4,400
1390,7707620.0,2022-02-28 07:15:00,272.7,400
1391,7707620.0,2022-03-04 09:18:00,333.3,400
1392,7707620.0,2022-03-08 07:59:00,309.5,400
1393,7708500.0,2020-11-02 10:28:00,168.9,446
1394,7708500.0,2020-11-23 06:28:00,177.1,446
1395,7708500.0,2020-12-08 07:02:00,173.2,446
1396,7708500.0,2020-12-23 06:50:00,200.4,446
1397,7708500.0,2021-01-05 07:09:00,209.8,446
1398,7708500.0,2021-01-19 07:58:00,215.9,446
1399,7708500.0,2021-02-01 07:15:00,192.2,446
1400,7708500.0,2021-02-15 06:51:00,199.0,446
1401,7708500.0,2021-03-01 08:29:00,190.6,446
1402,7708500.0,2021-03-16 07:17:00,163.0,446
1403,7708500.0,2021-04-06 08:46:00,139.7,446
1404,7708500.0,2021-04-26 06:53:00,162.9,446
1405,7708500.0,2021-11-09 14:19:00,56.9,446
1406,7708500.0,2021-11-24 07:40:00,70.4,446
1407,7708500.0,2021-12-09 07:00:00,98.9,446
1408,7708500.0,2021-12-24 07:44:00,131.1,446
1409,7708500.0,2022-01-06 07:31:00,158.4,446
1410,7708500.0,2022-01-21 07:41:00,179.1,446
1411,7708500.0,2022-02-03 06:55:00,132.2,446
1412,7708500.0,2022-02-18 07:21:00,147.8,446
1413,7708500.0,2022-03-07 07:25:00,144.3,446
1414,8379960.0,2020-12-22 15:34:00,340.7,446
1415,8600200.0,2021-02-24 10:31:00,54.0,446
1416,8601530.0,2020-11-11 17:02:00,516.1,446
1417,8601530.0,2020-11-16 11:37:00,360.8,446
1418,8601530.0,2020-11-25 16:41:00,296.5,446
1419,8601530.0,2020-11-28 16:30:00,400.5,446
1420,8601530.0,2020-12-02 11:23:00,233.9,446
1421,8601530.0,2020-12-07 08:22:00,689.4,446
1422,8601530.0,2020-12-11 10:15:00,351.6,446
1423,8601530.0,2020-12-16 13:30:00,628.5,446
1424,8601530.0,2020-12-21 14:44:00,871.0,446
1425,8601530.0,2020-12-25 13:39:00,433.6,446
1426,8601530.0,2020-12-28 16:19:00,210.0,446
1427,8601530.0,2021-01-06 15:09:00,368.1,446
1428,8601530.0,2021-01-11 15:45:00,876.1,446
1429,8601530.0,2021-01-14 08:16:00,93.5,446
1430,8601530.0,2021-01-15 17:56:00,437.7,446
1431,8601530.0,2021-01-18 14:28:00,273.9,446
1432,8601530.0,2021-01-21 07:55:00,416.4,446
1433,8601530.0,2021-01-23 16:57:00,346.4,446
1434,8601530.0,2021-01-26 14:22:00,371.7,446
1435,8601530.0,2021-01-29 16:54:00,502.4,446
1436,8601530.0,2021-02-01 09:52:00,240.7,446
1437,8601530.0,2021-02-05 11:49:00,437.8,446
1438,8601530.0,2021-02-08 08:21:00,241.4,446
1439,8601530.0,2021-02-11 10:16:00,414.7,446
1440,8601530.0,2021-02-15 11:33:00,306.3,446
1441,8601530.0,2021-02-18 14:11:00,274.9,446
1442,8601530.0,2021-02-22 16:33:00,307.0,446
1443,8601530.0,2021-02-25 09:40:00,422.9,446
1444,8601530.0,2021-03-01 15:38:00,541.2,446
1445,8601530.0,2021-03-04 14:31:00,185.3,446
1446,8601530.0,2021-03-08 07:53:00,396.6,446
1447,8601530.0,2021-03-12 09:41:00,260.7,446
1448,8601530.0,2021-03-16 13:32:00,378.6,446
1449,8601530.0,2021-03-19 15:50:00,164.0,446
1450,8601530.0,2021-03-24 09:06:00,287.8,446
1451,8601530.0,2021-03-29 09:17:00,244.9,446
1452,8601530.0,2021-04-06 07:52:00,267.5,446
1453,8601530.0,2021-04-16 16:32:00,278.4,446
1454,8601530.0,2021-04-23 09:13:00,376.7,446
1455,8601530.0,2021-11-05 07:59:00,246.0,446
1456,8601530.0,2021-11-09 08:26:00,328.1,446
1457,8601530.0,2021-11-16 08:10:00,311.1,446
1458,8601530.0,2021-11-22 08:23:00,279.7,446
1459,8601530.0,2021-11-26 07:51:00,412.0,446
1460,8601530.0,2021-11-29 07:56:00,210.6,446
1461,8601530.0,2021-12-03 07:59:00,354.3,446
1462,8601530.0,2021-12-06 08:13:00,301.6,446
1463,8601530.0,2021-12-08 07:46:00,225.0,446
1464,8601530.0,2021-12-10 08:04:00,140.7,446
1465,8601530.0,2021-12-14 08:02:00,376.7,446
1466,8601530.0,2021-12-17 08:12:00,124.2,446
1467,8601530.0,2021-12-21 07:53:00,560.3,446
1468,8601530.0,2021-12-24 08:00:00,378.4,446
1469,8601530.0,2021-12-28 09:06:00,568.3,446
1470,8601530.0,2022-01-07 16:17:00,534.8,446
1471,8601530.0,2022-01-13 08:42:00,443.5,446
1472,8601530.0,2022-01-18 11:01:00,667.6,446
1473,8601530.0,2022-01-21 08:43:00,260.9,446
1474,8601530.0,2022-01-25 10:41:00,520.3,446
1475,8601530.0,2022-01-28 14:18:00,350.5,446
1476,8601530.0,2022-02-01 17:59:00,723.3,446
1477,8601530.0,2022-02-04 07:57:00,173.9,446
1478,8601530.0,2022-02-08 16:25:00,499.2,446
1479,8601530.0,2022-02-11 07:59:00,156.5,446
1480,8601530.0,2022-02-15 07:29:00,523.8,446
1481,8601530.0,2022-02-18 07:46:00,243.0,446
1482,8601530.0,2022-02-22 18:10:00,610.3,446
1483,8601530.0,2022-02-26 07:59:00,418.4,446
1484,8601530.0,2022-03-01 08:10:00,349.2,446
1485,8601530.0,2022-03-04 18:05:00,301.0,446
1486,8601530.0,2022-03-08 07:46:00,287.0,446
1487,8601530.0,2022-03-11 07:55:00,186.3,446
1488,8602090.0,2020-11-16 11:13:00,60.8,198
1489,8602090.0,2020-12-01 10:51:00,71.2,198
1490,8602090.0,2020-12-16 11:39:00,86.8,198
1491,8602090.0,2020-12-29 15:52:00,108.4,198
1492,8602090.0,2021-01-13 09:40:00,84.1,198
1493,8602090.0,2021-01-27 16:53:00,96.4,198
1494,8602090.0,2021-02-10 07:44:00,100.8,198
1495,8602090.0,2021-02-25 09:20:00,101.6,198
1496,8602090.0,2021-03-12 09:04:00,104.3,198
1497,8602090.0,2021-03-25 09:21:00,75.4,198
1498,8602090.0,2021-04-15 14:10:00,101.2,198
1499,8602090.0,2021-11-18 07:50:00,57.1,198
1500,8602090.0,2021-12-02 07:51:00,42.2,198
1501,8602090.0,2021-12-14 07:52:00,41.7,198
1502,8602090.0,2021-12-30 07:59:00,100.3,198
1503,8602090.0,2022-01-20 07:41:00,92.7,198
1504,8602090.0,2022-02-04 07:40:00,95.4,198
1505,8602090.0,2022-02-18 07:31:00,86.8,198
1506,8602090.0,2022-03-05 07:32:00,61.0,198
1507,8607730.0,2022-01-24 10:11:00,57.8,224
1508,8621530.0,2022-02-16 18:25:00,200.0,492
1509,8621530.0,2022-02-19 10:09:00,124.1,492
