"日期","收盘","开盘","高","低","交易量","涨跌幅"
"2022年4月8日","101.06","101.54","102.09","99.65","-","0.48%"
"2022年4月7日","100.58","101.78","103.59","98.41","296.03K","-0.48%"
"2022年4月6日","101.07","105.70","108.67","100.54","286.52K","-5.22%"
"2022年4月5日","106.64","108.51","109.90","104.53","203.06K","-0.83%"
"2022年4月4日","107.53","104.08","108.68","102.89","218.68K","3.01%"
"2022年4月1日","104.39","105.25","106.24","102.35","238.62K","-3.26%"
"2022年3月31日","107.91","112.81","112.94","106.50","8.68K","-4.88%"
"2022年3月30日","113.45","112.00","114.80","110.74","72.33K","2.92%"
"2022年3月29日","110.23","110.10","114.83","104.84","93.68K","-2.00%"
"2022年3月28日","112.48","119.90","119.90","109.06","150.82K","-6.77%"
"2022年3月25日","120.65","118.88","120.92","115.16","133.46K","1.36%"
"2022年3月24日","119.03","121.56","123.74","116.93","177.66K","-2.11%"
"2022年3月23日","121.60","114.70","122.34","114.45","224.53K","5.30%"
"2022年3月22日","115.48","117.04","119.48","112.64","204.66K","-0.12%"
"2022年3月21日","115.62","107.50","116.80","107.06","196.49K","7.12%"
"2022年3月18日","107.93","106.80","109.59","105.78","168.91K","1.21%"
"2022年3月17日","106.64","98.61","107.50","97.75","200.95K","8.79%"
"2022年3月16日","98.02","99.14","103.70","96.93","246.82K","-1.89%"
"2022年3月15日","99.91","105.34","105.71","97.44","318.12K","-6.54%"
"2022年3月14日","106.90","113.15","113.15","103.49","265.91K","-5.12%"
"2022年3月11日","112.67","110.26","113.91","107.13","287.39K","3.05%"
"2022年3月10日","109.33","112.65","118.36","109.00","352.34K","-1.63%"
"2022年3月9日","111.14","130.28","131.64","105.60","521.58K","-13.16%"
"2022年3月8日","127.98","124.56","133.15","121.31","469.99K","3.87%"
"2022年3月7日","123.21","122.79","139.13","119.04","419.93K","4.32%"
"2022年3月4日","118.11","114.23","118.98","109.62","334.41K","6.93%"
"2022年3月3日","110.46","115.27","119.84","109.40","452.52K","-2.19%"
"2022年3月2日","112.93","107.34","115.11","106.83","490.57K","7.58%"
"2022年3月1日","104.97","98.43","107.67","98.30","492.51K","3.94%"
"2022年2月28日","100.99","101.98","105.07","99.64","22.96K","3.12%"
"2022年2月25日","97.93","100.69","101.99","96.00","68.98K","-1.16%"
"2022年2月24日","99.08","98.08","105.79","97.56","167.79K","2.31%"
"2022年2月23日","96.84","96.65","98.71","95.81","238.63K","0.00%"
"2022年2月22日","96.84","96.55","99.50","95.80","316.38K","1.52%"
"2022年2月21日","95.39","94.29","97.40","92.57","217.04K","1.98%"
"2022年2月18日","93.54","92.73","94.15","90.12","348.35K","0.61%"
"2022年2月17日","92.97","92.20","94.50","92.14","347.79K","-1.94%"
"2022年2月16日","94.81","93.49","96.07","91.11","393.79K","1.64%"
"2022年2月15日","93.28","95.81","96.26","92.06","378.25K","-3.32%"
"2022年2月14日","96.48","95.20","96.78","93.44","373.09K","2.16%"
"2022年2月11日","94.44","91.17","95.66","90.51","452.11K","3.31%"
"2022年2月10日","91.41","91.75","93.10","90.88","369.01K","-0.15%"
"2022年2月9日","91.55","91.08","92.09","90.05","294.00K","0.85%"
"2022年2月8日","90.78","92.63","92.93","89.93","368.55K","-2.06%"
"2022年2月7日","92.69","92.75","94.00","92.13","317.29K","-0.62%"
"2022年2月4日","93.27","91.30","93.70","91.20","322.13K","2.37%"
"2022年2月3日","91.11","89.07","91.30","88.02","301.79K","1.83%"
"2022年2月2日","89.47","89.48","90.52","88.28","319.43K","0.35%"
"2022年2月1日","89.16","89.62","89.96","87.72","271.77K","-2.25%"
"2022年1月31日","91.21","90.80","91.48","90.61","11.01K","1.31%"
"2022年1月28日","90.03","89.98","91.70","89.41","102.01K","2.11%"
"2022年1月27日","88.17","88.50","89.74","87.79","131.70K","-0.64%"
"2022年1月26日","88.74","86.98","89.27","86.71","260.11K","0.61%"
"2022年1月25日","88.20","86.76","88.37","86.20","256.21K","2.24%"
"2022年1月24日","86.27","87.93","88.90","85.04","309.89K","-1.84%"
"2022年1月21日","87.89","86.75","88.23","85.71","288.21K","-0.55%"
"2022年1月20日","88.38","87.89","89.50","87.05","279.52K","-0.07%"
"2022年1月19日","88.44","88.65","89.17","87.61","350.94K","1.06%"
"2022年1月18日","87.51","86.47","88.66","86.44","356.88K","1.19%"
"2022年1月17日","86.48","86.15","86.71","85.54","139.82K","0.49%"
"2022年1月14日","86.06","84.12","86.50","83.99","304.72K","1.88%"
"2022年1月13日","84.47","84.87","85.10","83.79","265.20K","-0.24%"
"2022年1月12日","84.67","83.78","85.21","83.52","301.39K","1.13%"
"2022年1月11日","83.72","81.08","83.98","80.89","324.94K","3.52%"
"2022年1月10日","80.87","81.76","82.30","80.50","300.65K","-1.08%"
"2022年1月7日","81.75","82.00","83.00","81.42","286.11K","-0.29%"
"2022年1月6日","81.99","80.22","82.83","79.61","353.16K","1.47%"
"2022年1月5日","80.80","80.07","81.50","79.51","331.74K","1.00%"
"2022年1月4日","80.00","78.91","80.55","78.62","291.68K","1.29%"
"2022年1月3日","78.98","78.11","79.28","77.04","201.03K","1.54%"
"2021年12月31日","77.78","78.81","79.68","77.55","148.96K","-1.94%"
"2021年12月30日","79.32","79.19","79.66","78.50","10.90K","0.11%"
"2021年12月29日","79.23","79.28","80.17","78.13","69.63K","0.37%"
"2021年12月28日","78.94","78.67","79.85","78.48","50.41K","0.43%"
"2021年12月27日","78.60","76.32","79.08","75.75","85.39K","3.23%"
"2021年12月24日","76.14","76.72","76.79","75.75","30.54K","-0.92%"
"2021年12月23日","76.85","75.47","77.00","74.78","161.24K","2.07%"
"2021年12月22日","75.29","74.05","75.67","73.62","166.71K","1.77%"
"2021年12月21日","73.98","71.88","74.27","71.24","214.07K","3.44%"
"2021年12月20日","71.52","72.82","72.87","69.28","333.76K","-2.72%"
"2021年12月17日","73.52","74.50","74.98","72.65","231.41K","-2.00%"
"2021年12月16日","75.02","74.47","75.61","74.00","223.64K","1.54%"
"2021年12月15日","73.88","73.25","74.58","72.50","233.19K","0.24%"
"2021年12月14日","73.70","74.42","75.16","72.57","277.86K","-0.93%"
"2021年12月13日","74.39","75.37","76.39","74.20","265.51K","-1.01%"
"2021年12月10日","75.15","73.99","75.71","73.80","221.36K","0.98%"
"2021年12月9日","74.42","75.94","76.70","73.84","283.39K","-1.85%"
"2021年12月8日","75.82","75.44","76.37","74.38","322.08K","0.50%"
"2021年12月7日","75.44","73.60","76.27","73.20","312.28K","3.23%"
"2021年12月6日","73.08","70.24","73.80","70.24","255.40K","4.58%"
"2021年12月3日","69.88","70.22","72.62","69.24","331.82K","0.30%"
"2021年12月2日","69.67","69.72","70.70","65.72","526.60K","1.16%"
"2021年12月1日","68.87","69.80","72.87","68.14","420.40K","-2.41%"
"2021年11月30日","70.57","74.42","74.56","70.22","24.82K","-3.91%"
"2021年11月29日","73.44","73.88","77.02","72.41","126.35K","0.99%"
"2021年11月26日","72.72","81.65","81.66","72.14","170.78K","-11.55%"
"2021年11月25日","82.22","82.24","82.58","81.70","80.45K","-0.04%"
"2021年11月24日","82.25","81.88","83.00","81.74","231.07K","-0.07%"
"2021年11月23日","82.31","79.51","82.60","78.55","366.60K","3.27%"
"2021年11月22日","79.70","78.58","80.07","77.58","350.90K","1.03%"
"2021年11月19日","78.89","81.00","82.24","78.05","479.93K","-2.89%"
"2021年11月18日","81.24","80.10","81.41","79.28","306.85K","1.20%"
"2021年11月17日","80.28","82.05","82.22","79.78","406.75K","-2.61%"
"2021年11月16日","82.43","82.00","83.14","81.52","340.72K","0.46%"
"2021年11月15日","82.05","81.92","82.49","80.67","273.72K","-0.15%"
"2021年11月12日","82.17","82.83","82.87","81.26","289.30K","-0.84%"
"2021年11月11日","82.87","82.85","83.44","81.66","336.14K","0.28%"
"2021年11月10日","82.64","84.99","85.50","82.08","366.31K","-2.52%"
"2021年11月9日","84.78","83.47","85.30","83.16","346.57K","1.62%"
"2021年11月8日","83.43","82.58","84.00","82.53","269.60K","0.83%"
"2021年11月5日","82.74","81.25","83.16","80.26","379.69K","2.73%"
"2021年11月4日","80.54","81.58","84.49","80.20","472.43K","-1.77%"
"2021年11月3日","81.99","84.07","84.20","81.10","380.11K","-3.22%"
"2021年11月2日","84.72","84.45","85.23","83.76","317.07K","0.01%"
"2021年11月1日","84.71","83.63","85.12","83.03","302.90K","0.39%"
"2021年10月29日","84.38","84.33","84.83","83.79","22.77K","0.07%"
"2021年10月28日","84.32","84.21","84.59","82.32","118.14K","-0.31%"
"2021年10月27日","84.58","86.07","86.28","84.05","149.75K","-2.11%"
"2021年10月26日","86.40","86.03","86.50","85.27","222.56K","0.48%"
"2021年10月25日","85.99","85.65","86.70","85.43","294.55K","0.54%"
"2021年10月22日","85.53","84.52","85.93","83.82","298.35K","1.09%"
"2021年10月21日","84.61","85.90","86.10","83.36","373.65K","-1.41%"
"2021年10月20日","85.82","85.19","85.89","83.61","378.69K","0.87%"
"2021年10月19日","85.08","84.21","85.40","83.70","371.79K","0.89%"
"2021年10月18日","84.33","84.95","86.04","83.95","340.96K","-0.62%"
"2021年10月15日","84.86","84.30","85.10","84.16","276.47K","1.02%"
"2021年10月14日","84.00","83.45","84.50","83.18","316.64K","0.99%"
"2021年10月13日","83.18","83.10","83.69","82.20","333.68K","-0.29%"
"2021年10月12日","83.42","83.49","84.23","82.72","331.41K","-0.27%"
"2021年10月11日","83.65","82.65","84.60","82.54","330.44K","1.53%"
"2021年10月8日","82.39","82.38","83.43","81.96","360.97K","0.54%"
"2021年10月7日","81.95","80.98","82.50","79.08","393.10K","1.07%"
"2021年10月6日","81.08","82.57","83.47","80.60","401.36K","-1.79%"
"2021年10月5日","82.56","81.27","83.13","81.19","340.27K","1.60%"
"2021年10月4日","81.26","79.49","82.00","78.75","362.37K","2.50%"
"2021年10月1日","79.28","78.49","79.41","77.55","282.37K","0.97%"
"2021年9月30日","78.52","78.46","79.11","77.60","20.51K","-0.15%"
"2021年9月29日","78.64","78.25","79.40","77.50","97.97K","-0.57%"
"2021年9月28日","79.09","79.40","80.75","78.10","132.33K","-0.55%"
"2021年9月27日","79.53","78.25","79.90","78.21","231.13K","1.84%"
"2021年9月24日","78.09","77.26","78.24","76.85","163.23K","1.09%"
"2021年9月23日","77.25","75.90","77.35","75.60","226.59K","1.39%"
"2021年9月22日","76.19","74.56","76.26","74.49","255.75K","2.46%"
"2021年9月21日","74.36","74.33","75.18","73.26","258.71K","0.60%"
"2021年9月20日","73.92","75.33","75.40","73.52","313.75K","-1.88%"
"2021年9月17日","75.34","75.68","75.78","74.58","254.86K","-0.44%"
"2021年9月16日","75.67","75.46","75.87","74.48","236.51K","0.28%"
"2021年9月15日","75.46","73.92","76.13","73.78","289.45K","2.53%"
"2021年9月14日","73.60","73.62","74.28","73.08","278.58K","0.12%"
"2021年9月13日","73.51","72.88","73.92","72.69","244.73K","0.81%"
"2021年9月10日","72.92","71.37","73.15","70.94","250.51K","2.06%"
"2021年9月9日","71.45","72.61","73.20","70.88","377.81K","-1.58%"
"2021年9月8日","72.60","71.64","72.95","71.55","325.36K","1.27%"
"2021年9月7日","71.69","72.29","72.81","71.10","257.40K","-0.73%"
"2021年9月6日","72.22","72.57","72.78","71.51","127.87K","-0.54%"
"2021年9月3日","72.61","72.86","73.69","72.40","211.42K","-0.58%"
"2021年9月2日","73.03","71.31","73.47","70.92","255.42K","2.01%"
"2021年9月1日","71.59","71.68","72.38","70.42","282.49K","-1.92%"
"2021年8月31日","72.99","73.14","73.52","72.62","12.59K","-0.57%"
"2021年8月30日","73.41","73.25","73.69","72.00","68.66K","0.98%"
"2021年8月27日","72.70","71.53","72.76","71.17","92.20K","2.29%"
"2021年8月26日","71.07","71.94","72.13","70.66","179.57K","-1.63%"
"2021年8月25日","72.25","71.00","72.42","70.50","242.07K","1.69%"
"2021年8月24日","71.05","68.66","71.27","68.53","301.30K","3.35%"
"2021年8月23日","68.75","64.97","68.90","64.60","271.56K","5.48%"
"2021年8月20日","65.18","66.54","66.93","64.94","254.45K","-1.91%"
"2021年8月19日","66.45","67.57","67.64","65.57","345.97K","-2.61%"
"2021年8月18日","68.23","68.96","70.04","67.23","316.98K","-1.16%"
"2021年8月17日","69.03","69.77","70.00","68.82","239.96K","-0.69%"
"2021年8月16日","69.51","70.05","70.45","68.14","294.02K","-1.53%"
"2021年8月13日","70.59","71.12","71.38","70.00","202.42K","-1.01%"
"2021年8月12日","71.31","71.57","71.90","70.67","224.99K","-0.18%"
"2021年8月11日","71.44","70.83","71.72","69.07","324.04K","1.15%"
"2021年8月10日","70.63","69.35","71.24","68.94","246.13K","2.30%"
"2021年8月9日","69.04","70.26","70.26","67.60","353.68K","-2.35%"
"2021年8月6日","70.70","71.20","72.43","70.28","298.96K","-0.83%"
"2021年8月5日","71.29","70.27","71.50","69.75","261.05K","1.29%"
"2021年8月4日","70.38","72.33","72.83","70.11","370.13K","-2.80%"
"2021年8月3日","72.41","73.08","73.55","71.05","303.73K","-0.66%"
"2021年8月2日","72.89","75.39","75.39","72.31","304.87K","-4.51%"
"2021年7月30日","76.33","75.81","76.38","75.38","14.39K","0.37%"
"2021年7月29日","76.05","74.76","76.15","74.63","78.27K","1.75%"
"2021年7月28日","74.74","74.77","75.32","74.42","111.62K","0.35%"
"2021年7月27日","74.48","74.67","75.05","74.02","181.94K","-0.03%"
"2021年7月26日","74.50","74.12","74.84","72.75","210.64K","0.54%"
"2021年7月23日","74.10","73.56","74.22","73.32","181.66K","0.42%"
"2021年7月22日","73.79","72.24","73.90","71.74","251.60K","2.16%"
"2021年7月21日","72.23","68.92","72.38","68.63","306.32K","4.15%"
"2021年7月20日","69.35","68.99","69.73","67.44","316.48K","1.06%"
"2021年7月19日","68.62","72.86","73.34","67.75","510.92K","-6.75%"
"2021年7月16日","73.59","73.18","74.09","72.34","292.66K","0.16%"
"2021年7月15日","73.47","74.50","74.59","73.19","322.33K","-1.73%"
"2021年7月14日","74.76","76.28","76.72","73.79","376.94K","-2.26%"
"2021年7月13日","76.49","75.25","76.60","74.93","275.91K","1.77%"
"2021年7月12日","75.16","75.79","75.84","74.23","262.30K","-0.52%"
"2021年7月9日","75.55","74.39","75.80","73.80","248.18K","1.93%"
"2021年7月8日","74.12","73.35","74.40","72.11","314.34K","0.94%"
"2021年7月7日","73.43","74.69","75.99","72.60","387.43K","-1.48%"
"2021年7月6日","74.53","77.06","77.84","74.13","410.70K","-3.41%"
"2021年7月5日","77.16","76.23","77.26","75.70","157.22K","1.30%"
"2021年7月2日","76.17","75.64","76.43","75.21","236.22K","0.44%"
"2021年7月1日","75.84","74.69","76.74","74.55","405.16K","0.95%"
"2021年6月30日","75.13","75.18","75.60","74.39","15.06K","0.49%"
"2021年6月29日","74.76","74.67","75.51","73.90","94.94K","0.11%"
"2021年6月28日","74.68","75.99","76.60","74.51","142.11K","-1.97%"
"2021年6月25日","76.18","75.54","76.21","74.95","172.41K","0.82%"
"2021年6月24日","75.56","75.30","75.78","74.51","165.05K","0.49%"
"2021年6月23日","75.19","74.75","76.02","74.70","229.04K","0.51%"
"2021年6月22日","74.81","74.88","75.30","74.32","294.72K","-0.12%"
"2021年6月21日","74.90","73.33","74.95","72.98","265.47K","1.89%"
"2021年6月18日","73.51","73.00","73.76","72.18","231.55K","0.59%"
"2021年6月17日","73.08","73.80","74.50","72.01","336.64K","-1.76%"
"2021年6月16日","74.39","74.26","74.96","73.86","306.09K","0.54%"
"2021年6月15日","73.99","73.03","74.33","72.79","228.62K","1.55%"
"2021年6月14日","72.86","72.70","73.64","72.59","200.72K","0.23%"
"2021年6月11日","72.69","72.41","73.09","71.88","276.48K","0.23%"
"2021年6月10日","72.52","72.03","72.93","70.95","346.58K","0.42%"
"2021年6月9日","72.22","72.17","72.87","71.82","266.37K","0.00%"
"2021年6月8日","72.22","71.42","72.42","70.71","285.23K","1.02%"
"2021年6月7日","71.49","71.82","72.27","71.10","224.33K","-0.56%"
"2021年6月4日","71.89","71.25","72.17","70.73","222.00K","0.81%"
"2021年6月3日","71.31","71.27","71.99","70.66","229.79K","-0.06%"
"2021年6月2日","71.35","70.55","71.48","70.35","221.63K","1.57%"
"2021年6月1日","70.25","69.39","71.34","69.29","302.49K","1.34%"
"2021年5月31日","69.32","68.98","69.82","68.75","80.18K","-0.45%"
"2021年5月28日","69.63","69.69","69.92","69.26","21.26K","0.24%"
"2021年5月27日","69.46","68.78","69.51","68.11","86.51K","0.86%"
"2021年5月26日","68.87","68.55","69.17","68.02","134.62K","0.32%"
"2021年5月25日","68.65","68.47","68.90","67.83","183.13K","0.28%"
"2021年5月24日","68.46","66.72","68.64","66.46","227.25K","3.04%"
"2021年5月21日","66.44","65.22","66.94","64.57","257.64K","2.04%"
"2021年5月20日","65.11","66.63","67.17","64.80","388.16K","-2.33%"
"2021年5月19日","66.66","68.41","68.46","65.30","386.89K","-2.98%"
"2021年5月18日","68.71","69.61","70.24","67.28","378.02K","-1.08%"
"2021年5月17日","69.46","68.92","69.62","68.18","230.78K","1.09%"
"2021年5月14日","68.71","67.00","68.89","66.50","286.13K","2.48%"
"2021年5月13日","67.05","68.88","69.04","66.48","312.00K","-3.27%"
"2021年5月12日","69.32","68.78","69.90","68.18","310.30K","1.12%"
"2021年5月11日","68.55","68.29","68.75","67.13","321.86K","0.34%"
"2021年5月10日","68.32","68.74","69.20","67.41","265.60K","0.06%"
"2021年5月7日","68.28","68.26","68.65","67.39","262.58K","0.28%"
"2021年5月6日","68.09","68.47","69.37","67.93","273.28K","-1.26%"
"2021年5月5日","68.96","69.35","69.95","68.35","283.73K","0.12%"
"2021年5月4日","68.88","67.75","69.50","67.37","249.64K","1.95%"
"2021年5月3日","67.56","66.70","67.82","66.10","148.71K","0.46%"
"2021年4月30日","67.25","68.33","68.40","67.06","14.84K","-1.91%"
"2021年4月29日","68.56","67.18","68.95","67.13","91.52K","1.92%"
"2021年4月28日","67.27","66.58","67.85","66.13","148.95K","1.28%"
"2021年4月27日","66.42","65.76","66.80","65.66","222.92K","1.17%"
"2021年4月26日","65.65","66.10","66.26","64.57","257.58K","-0.70%"
"2021年4月23日","66.11","65.80","66.30","65.16","187.90K","1.09%"
"2021年4月22日","65.40","65.13","65.83","64.58","242.47K","0.12%"
"2021年4月21日","65.32","66.22","66.52","64.96","260.88K","-1.88%"
"2021年4月20日","66.57","67.20","68.08","65.51","328.24K","-0.72%"
"2021年4月19日","67.05","66.70","67.23","66.17","193.81K","0.42%"
"2021年4月16日","66.77","66.86","67.38","66.44","212.20K","-0.25%"
"2021年4月15日","66.94","66.38","67.03","65.95","240.31K","0.54%"
"2021年4月14日","66.58","64.01","66.90","63.88","323.04K","4.57%"
"2021年4月13日","63.67","63.24","64.19","63.18","242.41K","0.62%"
"2021年4月12日","63.28","63.03","64.31","62.41","257.84K","0.52%"
"2021年4月9日","62.95","63.28","63.49","62.57","216.24K","-0.40%"
"2021年4月8日","63.20","63.02","63.43","62.38","265.18K","0.06%"
"2021年4月7日","63.16","62.60","63.55","61.60","321.39K","0.67%"
"2021年4月6日","62.74","62.32","64.28","62.08","307.87K","0.95%"
"2021年4月5日","62.15","64.57","64.81","61.25","231.78K","-4.18%"
"2021年4月1日","64.86","63.12","65.17","62.38","480.37K","2.08%"
"2021年3月31日","63.54","64.13","64.79","63.53","9.70K","-0.94%"
"2021年3月30日","64.14","65.20","65.41","63.52","74.36K","-1.29%"
"2021年3月29日","64.98","64.58","65.46","63.13","91.75K","0.63%"
"2021年3月26日","64.57","62.01","64.89","61.85","147.74K","4.23%"
"2021年3月25日","61.95","63.99","64.19","60.98","202.58K","-3.82%"
"2021年3月24日","64.41","60.50","64.57","60.47","255.12K","5.95%"
"2021年3月23日","60.79","64.30","64.30","60.27","392.60K","-5.93%"
"2021年3月22日","64.62","64.53","65.12","63.45","236.34K","0.14%"
"2021年3月19日","64.53","62.99","64.95","62.07","446.11K","1.98%"
"2021年3月18日","63.28","67.77","68.15","61.45","516.08K","-6.94%"
"2021年3月17日","68.00","68.39","68.89","66.96","309.76K","-0.57%"
"2021年3月16日","68.39","68.81","68.94","67.36","248.99K","-0.71%"
"2021年3月15日","68.88","69.08","70.03","67.82","262.60K","-0.49%"
"2021年3月12日","69.22","69.59","69.90","69.03","251.54K","-0.59%"
"2021年3月11日","69.63","68.45","69.84","67.99","289.61K","2.55%"
"2021年3月10日","67.90","67.46","68.42","66.50","361.94K","0.56%"
"2021年3月9日","67.52","68.13","69.33","67.12","302.61K","-1.06%"
"2021年3月8日","68.24","69.97","71.38","67.80","352.59K","-1.61%"
"2021年3月5日","69.36","67.16","69.69","66.67","361.76K","3.93%"
"2021年3月4日","66.74","64.10","67.75","63.33","510.68K","4.17%"
"2021年3月3日","64.07","62.38","64.70","62.38","341.67K","2.19%"
"2021年3月2日","62.70","63.12","64.13","62.38","367.12K","-1.55%"
"2021年3月1日","63.69","64.85","65.93","63.17","291.91K","-3.69%"
"2021年2月26日","66.13","66.89","66.90","65.72","16.10K","-1.12%"
"2021年2月25日","66.88","67.20","67.70","66.48","109.65K","-0.24%"
"2021年2月24日","67.04","65.06","67.31","64.80","129.71K","2.55%"
"2021年2月23日","65.37","65.51","66.79","64.47","231.18K","0.20%"
"2021年2月22日","65.24","62.68","65.85","62.55","213.75K","3.70%"
"2021年2月19日","62.91","63.30","63.94","62.09","305.83K","-1.60%"
"2021年2月18日","63.93","65.02","65.52","63.22","420.56K","-0.64%"
"2021年2月17日","64.34","63.15","64.96","62.73","391.26K","1.56%"
"2021年2月16日","63.35","63.47","63.70","62.69","284.67K","0.08%"
"2021年2月15日","63.30","62.83","63.76","62.82","220.38K","1.39%"
"2021年2月12日","62.43","60.82","62.83","60.35","307.72K","2.11%"
"2021年2月11日","61.14","61.01","61.50","60.72","209.69K","-0.54%"
"2021年2月10日","61.47","61.21","61.69","60.87","287.71K","0.62%"
"2021年2月9日","61.09","60.80","61.34","60.05","319.50K","0.88%"
"2021年2月8日","60.56","59.43","60.72","59.43","269.31K","2.06%"
"2021年2月5日","59.34","59.17","59.79","59.08","229.42K","0.85%"
"2021年2月4日","58.84","58.59","59.12","58.04","244.07K","0.65%"
"2021年2月3日","58.46","57.85","58.94","57.50","276.86K","1.74%"
"2021年2月2日","57.46","56.35","58.05","56.33","337.68K","1.97%"
"2021年2月1日","56.35","54.91","56.53","54.60","288.25K","0.84%"
"2021年1月29日","55.88","55.52","56.37","55.31","19.94K","0.63%"
"2021年1月28日","55.53","55.41","56.59","55.31","122.48K","-0.50%"
"2021年1月27日","55.81","56.05","56.49","55.20","132.41K","-0.18%"
"2021年1月26日","55.91","55.93","56.34","55.39","163.20K","0.05%"
"2021年1月25日","55.88","55.26","56.02","55.07","198.27K","0.85%"
"2021年1月22日","55.41","56.00","56.03","54.48","269.37K","-1.23%"
"2021年1月21日","56.10","55.82","56.24","55.49","254.59K","0.04%"
"2021年1月20日","56.08","56.07","56.64","55.66","310.89K","0.32%"
"2021年1月19日","55.90","55.01","56.08","54.89","261.10K","2.10%"
"2021年1月18日","54.75","54.75","55.21","54.49","142.87K","-0.64%"
"2021年1月15日","55.10","56.41","56.50","54.64","298.41K","-2.34%"
"2021年1月14日","56.42","55.93","56.57","55.24","331.29K","0.64%"
"2021年1月13日","56.06","56.83","57.42","55.77","324.30K","-0.92%"
"2021年1月12日","56.58","55.66","56.79","55.51","288.14K","1.65%"
"2021年1月11日","55.66","56.24","56.39","54.99","295.07K","-0.59%"
"2021年1月8日","55.99","54.56","56.36","54.34","336.65K","2.96%"
"2021年1月7日","54.38","54.13","54.90","53.94","267.19K","0.15%"
"2021年1月6日","54.30","53.52","54.73","53.02","414.41K","1.31%"
"2021年1月5日","53.60","50.95","53.90","50.70","455.35K","4.91%"
"2021年1月4日","51.09","51.50","53.33","50.56","382.90K","-1.37%"
"2020年12月31日","51.80","51.49","51.84","50.90","133.22K","0.90%"
"2020年12月30日","51.34","51.32","51.56","51.04","17.63K","0.49%"
"2020年12月29日","51.09","51.02","51.63","50.86","91.33K","0.45%"
"2020年12月28日","50.86","51.25","52.02","50.53","81.06K","-0.84%"
"2020年12月24日","51.29","51.11","51.77","50.62","96.69K","0.18%"
"2020年12月23日","51.20","49.70","51.59","49.20","182.63K","2.24%"
"2020年12月22日","50.08","50.65","50.86","49.56","194.10K","-1.63%"
"2020年12月21日","50.91","52.22","52.32","49.20","288.74K","-2.58%"
"2020年12月18日","52.26","51.43","52.48","51.13","246.12K","1.48%"
"2020年12月17日","51.50","51.12","51.90","51.08","233.88K","0.82%"
"2020年12月16日","51.08","50.64","51.20","50.34","222.74K","0.63%"
"2020年12月15日","50.76","50.30","50.89","49.78","190.55K","0.93%"
"2020年12月14日","50.29","50.05","50.80","49.13","236.96K","0.64%"
"2020年12月11日","49.97","50.45","50.74","49.74","231.87K","-0.56%"
"2020年12月10日","50.25","49.00","51.06","48.86","288.73K","2.84%"
"2020年12月9日","48.86","48.84","49.55","48.40","267.79K","0.04%"
"2020年12月8日","48.84","48.58","49.00","48.09","225.24K","0.10%"
"2020年12月7日","48.79","49.23","49.43","48.40","207.51K","-0.93%"
"2020年12月4日","49.25","48.96","49.92","48.84","253.64K","1.11%"
"2020年12月3日","48.71","48.00","48.94","47.67","274.73K","0.95%"
"2020年12月2日","48.25","47.05","48.76","46.82","285.74K","1.75%"
"2020年12月1日","47.42","47.79","48.30","46.88","258.69K","-0.36%"
"2020年11月30日","47.59","47.91","47.99","46.85","20.68K","-1.22%"
"2020年11月27日","48.18","47.81","48.44","47.34","87.75K","0.79%"
"2020年11月26日","47.80","48.76","49.09","47.53","88.76K","-1.67%"
"2020年11月25日","48.61","47.80","49.06","47.72","231.03K","1.57%"
"2020年11月24日","47.86","45.90","48.03","45.89","263.24K","3.91%"
"2020年11月23日","46.06","45.08","46.12","44.89","267.25K","2.45%"
"2020年11月20日","44.96","44.15","45.24","44.05","264.01K","1.72%"
"2020年11月19日","44.20","43.96","44.57","43.79","210.30K","-0.32%"
"2020年11月18日","44.34","43.75","44.89","43.48","242.88K","1.35%"
"2020年11月17日","43.75","43.89","44.25","43.08","226.35K","-0.16%"
"2020年11月16日","43.82","42.71","44.67","42.71","268.43K","2.43%"
"2020年11月13日","42.78","43.20","43.34","42.63","216.74K","-1.72%"
"2020年11月12日","43.53","43.73","44.50","43.26","266.04K","-0.62%"
"2020年11月11日","43.80","43.77","45.30","43.60","346.77K","0.44%"
"2020年11月10日","43.61","41.75","44.11","41.71","315.25K","2.85%"
"2020年11月9日","42.40","39.65","43.48","39.46","393.05K","7.48%"
"2020年11月6日","39.45","40.63","40.69","39.34","255.44K","-3.62%"
"2020年11月5日","40.93","40.96","41.53","40.33","219.20K","-0.73%"
"2020年11月4日","41.23","40.13","41.33","39.42","250.87K","3.83%"
"2020年11月3日","39.71","39.26","40.45","38.65","278.63K","1.90%"
"2020年11月2日","38.97","37.37","39.36","35.74","326.07K","4.03%"
"2020年10月30日","37.46","37.50","38.10","36.80","20.19K","-0.50%"
"2020年10月29日","37.65","39.16","39.45","36.64","112.49K","-3.76%"
"2020年10月28日","39.12","40.61","40.70","38.75","163.83K","-5.05%"
"2020年10月27日","41.20","40.50","41.47","40.40","207.54K","1.83%"
"2020年10月26日","40.46","41.53","41.63","40.22","210.53K","-3.14%"
"2020年10月23日","41.77","42.40","42.80","41.50","205.21K","-1.63%"
"2020年10月22日","42.46","41.59","42.79","41.46","257.20K","1.75%"
"2020年10月21日","41.73","42.91","43.04","41.45","268.88K","-3.31%"
"2020年10月20日","43.16","42.45","43.30","42.19","252.05K","1.27%"
"2020年10月19日","42.62","42.69","43.23","42.36","209.06K","-0.72%"
"2020年10月16日","42.93","43.10","43.21","42.27","197.16K","-0.53%"
"2020年10月15日","43.16","43.45","43.48","41.56","295.28K","-0.37%"
"2020年10月14日","43.32","42.43","43.45","42.13","279.12K","2.05%"
"2020年10月13日","42.45","41.81","42.68","41.66","227.85K","1.75%"
"2020年10月12日","41.72","42.60","42.71","41.36","238.87K","-2.64%"
"2020年10月9日","42.85","43.36","43.57","42.61","254.62K","-1.13%"
"2020年10月8日","43.34","42.15","43.47","41.86","266.26K","3.22%"
"2020年10月7日","41.99","41.85","42.42","41.36","241.20K","-1.55%"
"2020年10月6日","42.65","41.41","42.84","41.22","291.68K","3.29%"
"2020年10月5日","41.29","39.19","41.78","39.14","273.76K","5.14%"
"2020年10月2日","39.27","40.65","40.77","38.79","337.41K","-4.06%"
"2020年10月1日","40.93","42.17","42.56","39.92","338.72K","-0.05%"
"2020年9月30日","40.95","40.66","40.98","40.30","19.38K","-0.19%"
"2020年9月29日","41.03","42.47","42.52","40.43","91.60K","-3.30%"
"2020年9月28日","42.43","41.87","42.62","41.48","91.82K","1.22%"
"2020年9月25日","41.92","41.85","42.33","41.52","129.40K","-0.05%"
"2020年9月24日","41.94","41.36","42.02","41.27","162.93K","0.41%"
"2020年9月23日","41.77","41.67","42.62","41.21","183.88K","0.12%"
"2020年9月22日","41.72","41.79","42.20","41.21","210.74K","0.68%"
"2020年9月21日","41.44","43.01","43.30","40.96","217.36K","-3.96%"
"2020年9月18日","43.15","43.22","43.80","42.53","204.66K","-0.35%"
"2020年9月17日","43.30","42.32","43.50","41.50","237.40K","2.56%"
"2020年9月16日","42.22","40.72","42.44","40.59","237.25K","4.17%"
"2020年9月15日","40.53","39.70","40.82","39.39","214.80K","2.32%"
"2020年9月14日","39.61","39.78","40.09","39.30","200.09K","-0.55%"
"2020年9月11日","39.83","39.96","40.34","39.38","211.88K","-0.57%"
"2020年9月10日","40.06","40.58","40.96","39.71","208.86K","-1.79%"
"2020年9月9日","40.79","39.65","41.20","39.37","278.22K","2.54%"
"2020年9月8日","39.78","42.08","42.23","39.31","363.53K","-5.31%"
"2020年9月7日","42.01","42.20","42.43","41.51","122.98K","-1.52%"
"2020年9月4日","42.66","43.76","44.54","42.30","270.96K","-3.20%"
"2020年9月3日","44.07","44.65","44.65","43.15","274.93K","-0.81%"
"2020年9月2日","44.43","45.83","46.05","44.20","260.14K","-2.52%"
"2020年9月1日","45.58","45.60","46.22","45.47","206.72K","0.66%"
"2020年8月31日","45.28","45.80","46.53","45.21","174.31K","0.51%"
"2020年8月28日","45.05","45.10","45.30","44.80","21.14K","-0.09%"
"2020年8月27日","45.09","45.70","45.87","44.56","102.26K","-1.21%"
"2020年8月26日","45.64","45.97","46.10","45.54","132.51K","-0.48%"
"2020年8月25日","45.86","45.12","46.07","45.08","178.31K","1.62%"
"2020年8月24日","45.13","44.50","45.18","44.29","176.64K","1.76%"
"2020年8月21日","44.35","45.03","45.08","43.59","221.99K","-1.22%"
"2020年8月20日","44.90","45.14","45.18","44.02","249.74K","-1.04%"
"2020年8月19日","45.37","45.17","45.48","44.81","174.88K","-0.20%"
"2020年8月18日","45.46","45.27","45.55","44.76","181.69K","0.20%"
"2020年8月17日","45.37","44.86","45.41","44.53","164.23K","1.27%"
"2020年8月14日","44.80","45.29","45.29","44.47","151.46K","-0.36%"
"2020年8月13日","44.96","45.32","45.58","44.82","148.41K","-1.03%"
"2020年8月12日","45.43","44.62","45.63","44.49","166.48K","2.09%"
"2020年8月11日","44.50","45.05","45.79","44.39","202.74K","-1.09%"
"2020年8月10日","44.99","44.66","45.26","44.37","135.30K","1.33%"
"2020年8月7日","44.40","45.15","45.30","44.27","171.72K","-1.53%"
"2020年8月6日","45.09","45.32","45.71","44.85","184.52K","-0.18%"
"2020年8月5日","45.17","44.28","46.23","44.24","246.98K","1.67%"
"2020年8月4日","44.43","43.84","44.82","43.24","227.12K","0.63%"
"2020年8月3日","44.15","43.53","44.46","42.89","198.70K","1.96%"
"2020年7月31日","43.30","43.29","43.44","43.05","14.42K","0.84%"
"2020年7月30日","42.94","43.73","43.80","41.38","63.20K","-1.85%"
"2020年7月29日","43.75","43.31","43.95","43.20","64.92K","1.23%"
"2020年7月28日","43.22","43.55","43.84","43.00","107.34K","-0.44%"
"2020年7月27日","43.41","43.35","43.77","42.39","174.75K","0.16%"
"2020年7月24日","43.34","43.27","43.90","42.79","191.05K","0.07%"
"2020年7月23日","43.31","44.10","44.77","43.13","262.24K","-2.21%"
"2020年7月22日","44.29","44.03","44.40","43.62","202.16K","-0.07%"
"2020年7月21日","44.32","43.17","44.89","43.16","229.78K","2.40%"
"2020年7月20日","43.28","43.08","43.45","42.36","179.43K","0.32%"
"2020年7月17日","43.14","43.40","43.45","42.64","162.40K","-0.53%"
"2020年7月16日","43.37","43.71","43.80","43.14","172.16K","-0.96%"
"2020年7月15日","43.79","43.07","43.85","42.70","232.18K","2.07%"
"2020年7月14日","42.90","42.24","43.22","41.80","221.12K","0.42%"
"2020年7月13日","42.72","43.12","43.34","42.14","200.31K","-1.20%"
"2020年7月10日","43.24","42.36","43.42","41.32","214.05K","2.10%"
"2020年7月9日","42.35","43.30","43.50","41.94","237.75K","-2.17%"
"2020年7月8日","43.29","42.81","43.47","42.75","185.14K","0.49%"
"2020年7月7日","43.08","43.13","43.45","42.46","183.23K","-0.05%"
"2020年7月6日","43.10","42.79","43.71","42.74","185.02K","0.70%"
"2020年7月3日","42.80","42.76","42.99","42.32","96.78K","-0.79%"
"2020年7月2日","43.14","41.84","43.23","41.73","196.69K","2.64%"
"2020年7月1日","42.03","41.58","42.62","41.03","252.52K","2.14%"
"2020年6月30日","41.15","41.33","41.62","40.90","12.60K","-1.34%"
"2020年6月29日","41.71","40.56","41.95","40.04","86.78K","1.68%"
"2020年6月26日","41.02","41.44","41.81","40.29","120.32K","-0.07%"
"2020年6月25日","41.05","40.35","41.64","39.47","166.05K","1.84%"
"2020年6月24日","40.31","42.45","42.89","39.63","195.72K","-5.44%"
"2020年6月23日","42.63","43.21","43.93","42.21","183.03K","-1.04%"
"2020年6月22日","43.08","41.74","43.18","41.58","187.65K","2.11%"
"2020年6月19日","42.19","41.72","42.92","41.03","217.49K","1.64%"
"2020年6月18日","41.51","40.43","41.64","40.06","175.79K","1.97%"
"2020年6月17日","40.71","40.61","41.46","40.03","175.24K","-0.61%"
"2020年6月16日","40.96","39.94","41.65","38.95","248.58K","3.12%"
"2020年6月15日","39.72","38.80","39.90","37.24","215.42K","2.56%"
"2020年6月12日","38.73","37.88","39.45","37.01","237.89K","0.47%"
"2020年6月11日","38.55","40.95","41.01","37.82","290.17K","-7.62%"
"2020年6月10日","41.73","40.72","41.99","40.14","234.19K","1.34%"
"2020年6月9日","41.18","41.10","41.45","39.85","222.36K","0.93%"
"2020年6月8日","40.80","42.40","43.41","40.68","227.88K","-3.55%"
"2020年6月5日","42.30","39.84","42.48","39.72","250.31K","5.78%"
"2020年6月4日","39.99","39.60","40.10","39.04","172.61K","0.50%"
"2020年6月3日","39.79","39.75","40.53","38.76","239.43K","0.56%"
"2020年6月2日","39.57","38.34","39.75","38.26","205.22K","3.26%"
"2020年6月1日","38.32","37.56","38.68","37.18","212.78K","8.46%"
"2020年5月29日","35.33","35.15","35.37","34.06","14.71K","0.11%"
"2020年5月28日","35.29","33.92","35.95","33.62","70.99K","1.58%"
"2020年5月27日","34.74","35.93","36.16","33.98","112.25K","-3.95%"
"2020年5月26日","36.17","35.66","36.68","35.26","129.98K","1.80%"
"2020年5月25日","35.53","34.98","35.97","34.46","28.96K","1.14%"
"2020年5月22日","35.13","36.18","36.23","33.54","174.59K","-2.58%"
"2020年5月21日","36.06","35.82","36.98","35.75","178.55K","0.87%"
"2020年5月20日","35.75","34.45","36.46","34.38","191.27K","3.17%"
"2020年5月19日","34.65","35.66","35.76","34.20","188.93K","-0.46%"
"2020年5月18日","34.81","32.78","35.72","32.69","232.25K","7.11%"
"2020年5月15日","32.50","31.52","32.91","30.94","211.28K","4.40%"
"2020年5月14日","31.13","29.52","31.55","28.88","222.21K","6.65%"
"2020年5月13日","29.19","29.35","30.55","28.86","221.11K","-2.64%"
"2020年5月12日","29.98","30.07","30.70","29.35","202.47K","1.18%"
"2020年5月11日","29.63","30.70","31.47","29.35","242.21K","-4.33%"
"2020年5月8日","30.97","29.60","31.14","29.43","147.30K","5.13%"
"2020年5月7日","29.46","29.64","31.84","29.08","259.89K","-0.87%"
"2020年5月6日","29.72","32.27","32.27","28.66","268.46K","-4.04%"
"2020年5月5日","30.97","28.10","32.06","27.77","267.14K","13.86%"
"2020年5月4日","27.20","26.10","28.08","25.50","215.73K","2.87%"
"2020年5月1日","26.44","26.95","27.88","25.76","216.98K","4.63%"
"2020年4月30日","25.27","22.87","25.76","22.87","9.69K","12.11%"
"2020年4月29日","22.54","20.66","23.88","20.53","86.55K","10.17%"
"2020年4月28日","20.46","19.90","21.29","18.73","123.22K","2.35%"
"2020年4月27日","19.99","21.55","21.91","19.11","162.39K","-6.76%"
"2020年4月24日","21.44","21.93","22.70","20.50","187.00K","0.52%"
"2020年4月23日","21.33","20.89","23.22","20.07","256.30K","4.71%"
"2020年4月22日","20.37","20.23","22.45","15.98","344.76K","5.38%"
"2020年4月21日","19.33","26.33","26.50","17.51","637.21K","-24.40%"
"2020年4月20日","25.57","28.05","28.25","25.37","361.83K","-8.94%"
"2020年4月17日","28.08","28.66","28.93","27.58","286.17K","0.93%"
"2020年4月16日","27.82","28.05","29.00","27.20","272.98K","0.47%"
"2020年4月15日","27.69","30.26","30.33","27.16","284.34K","-6.45%"
"2020年4月14日","29.60","32.25","32.32","29.38","297.55K","-6.74%"
"2020年4月13日","31.74","33.99","33.99","30.63","223.29K","0.83%"
"2020年4月9日","31.48","33.82","36.40","31.18","493.00K","-4.14%"
"2020年4月8日","32.84","32.63","33.87","31.54","320.61K","3.04%"
"2020年4月7日","31.87","33.66","34.18","31.74","303.42K","-3.57%"
"2020年4月6日","33.05","31.76","34.24","30.03","296.07K","-3.11%"
"2020年4月3日","34.11","29.89","35.00","28.25","541.28K","13.93%"
"2020年4月2日","29.94","25.61","36.29","25.45","612.27K","21.02%"
"2020年4月1日","24.74","25.99","26.28","24.52","347.29K","8.80%"
"2020年3月31日","22.74","23.00","23.87","22.59","14.77K","-0.09%"
"2020年3月30日","22.76","23.85","24.44","21.65","62.08K","-8.70%"
"2020年3月27日","24.93","26.68","27.00","24.13","112.74K","-5.35%"
"2020年3月26日","26.34","27.35","27.75","26.03","139.18K","-3.83%"
"2020年3月25日","27.39","27.80","28.29","25.68","154.94K","0.88%"
"2020年3月24日","27.15","27.72","28.65","26.69","198.91K","0.44%"
"2020年3月23日","27.03","26.75","27.54","24.68","257.59K","0.19%"
"2020年3月20日","26.98","28.10","30.94","26.81","313.84K","-5.23%"
"2020年3月19日","28.47","27.19","29.42","24.96","335.72K","14.43%"
"2020年3月18日","24.88","28.40","29.21","24.52","348.40K","-13.40%"
"2020年3月17日","28.73","30.14","31.25","28.50","270.24K","-4.39%"
"2020年3月16日","30.05","35.82","35.84","29.45","330.12K","-11.23%"
"2020年3月13日","33.85","32.85","36.15","32.50","360.63K","1.90%"
"2020年3月12日","33.22","35.99","36.46","32.50","472.74K","-7.18%"
"2020年3月11日","35.79","37.27","39.70","35.35","471.77K","-3.84%"
"2020年3月10日","37.22","35.84","38.22","35.00","551.29K","8.32%"
"2020年3月9日","34.36","38.28","38.34","31.02","779.72K","-24.10%"
"2020年3月6日","45.27","50.25","50.45","45.18","636.39K","-9.44%"
"2020年3月5日","49.99","51.66","52.04","49.70","361.04K","-2.23%"
"2020年3月4日","51.13","52.11","53.03","51.04","363.50K","-1.41%"
"2020年3月3日","51.86","53.47","53.90","51.22","407.55K","-0.08%"
"2020年3月2日","51.90","48.95","53.20","48.40","417.56K","2.73%"
"2020年2月28日","50.52","51.42","51.52","50.05","20.36K","-3.18%"
"2020年2月27日","52.18","53.18","53.25","50.97","112.16K","-2.34%"
"2020年2月26日","53.43","55.13","55.45","53.03","171.50K","-2.77%"
"2020年2月25日","54.95","56.46","56.98","54.62","210.28K","-2.40%"
"2020年2月24日","56.30","57.85","57.86","55.13","236.33K","-3.76%"
"2020年2月21日","58.50","59.00","59.25","57.73","236.49K","-1.37%"
"2020年2月20日","59.31","59.31","60.00","58.90","268.65K","0.32%"
"2020年2月19日","59.12","57.60","59.40","57.51","262.15K","2.37%"
"2020年2月18日","57.75","57.35","57.83","56.30","249.20K","0.14%"
"2020年2月17日","57.67","57.29","57.70","56.83","115.34K","0.61%"
"2020年2月14日","57.32","56.41","57.53","56.15","258.14K","1.74%"
"2020年2月13日","56.34","55.75","56.83","54.96","325.51K","0.99%"
"2020年2月12日","55.79","54.41","56.36","54.39","305.45K","3.30%"
"2020年2月11日","54.01","53.62","54.69","53.60","272.81K","1.39%"
"2020年2月10日","53.27","54.20","54.71","53.11","280.18K","-2.20%"
"2020年2月7日","54.47","55.14","55.40","54.21","270.80K","-0.84%"
"2020年2月6日","54.93","55.56","56.58","54.25","379.87K","-0.63%"
"2020年2月5日","55.28","54.05","56.46","54.05","412.27K","2.45%"
"2020年2月4日","53.96","54.33","55.65","53.69","409.86K","-0.90%"
"2020年2月3日","54.45","56.16","56.77","54.08","477.22K","-6.38%"
"2020年1月31日","58.16","59.30","59.45","57.94","19.60K","-0.22%"
"2020年1月30日","58.29","59.60","59.65","57.71","104.27K","-2.54%"
"2020年1月29日","59.81","59.86","60.62","59.26","142.68K","0.50%"
"2020年1月28日","59.51","59.03","60.12","58.50","248.95K","0.32%"
"2020年1月27日","59.32","60.23","60.49","58.50","259.77K","-2.26%"
"2020年1月24日","60.69","62.01","62.46","60.25","257.95K","-2.18%"
"2020年1月23日","62.04","62.68","62.69","61.25","361.91K","-1.85%"
"2020年1月22日","63.21","64.57","64.58","62.62","273.30K","-2.14%"
"2020年1月21日","64.59","65.26","65.35","64.06","248.56K","-0.94%"
"2020年1月20日","65.20","65.98","66.00","64.92","154.79K","0.54%"
"2020年1月17日","64.85","64.69","65.60","64.48","238.64K","0.36%"
"2020年1月16日","64.62","64.26","64.97","63.90","220.17K","0.97%"
"2020年1月15日","64.00","64.44","64.60","63.55","229.53K","-0.76%"
"2020年1月14日","64.49","64.29","65.05","63.92","270.50K","0.45%"
"2020年1月13日","64.20","65.13","65.27","63.92","262.47K","-1.20%"
"2020年1月10日","64.98","65.29","65.66","64.86","272.17K","-0.60%"
"2020年1月9日","65.37","66.00","66.10","64.56","364.45K","-0.11%"
"2020年1月8日","65.44","71.22","71.75","64.94","560.89K","-4.15%"
"2020年1月7日","68.27","68.63","68.75","67.65","284.92K","-0.93%"
"2020年1月6日","68.91","69.35","70.74","68.21","341.14K","0.45%"
"2020年1月3日","68.60","66.28","69.50","66.22","479.70K","3.55%"
"2020年1月2日","66.25","66.41","66.58","65.72","205.69K","0.38%"
"2019年12月31日","66.00","66.65","66.93","65.63","171.01K","-3.57%"
"2019年12月30日","68.44","68.20","68.99","68.16","29.42K","0.41%"
"2019年12月27日","68.16","67.91","68.33","67.57","112.22K","0.35%"
"2019年12月26日","67.92","67.27","67.99","67.22","69.82K","1.07%"
"2019年12月24日","67.20","66.44","67.26","66.36","106.43K","1.22%"
"2019年12月23日","66.39","66.15","66.62","65.81","131.42K","0.38%"
"2019年12月20日","66.14","66.56","66.72","65.70","217.98K","-0.60%"
"2019年12月19日","66.54","66.19","66.78","66.03","249.54K","0.56%"
"2019年12月18日","66.17","65.84","66.43","65.56","262.34K","0.11%"
"2019年12月17日","66.10","65.31","66.24","65.12","245.83K","1.16%"
"2019年12月16日","65.34","65.05","65.66","64.88","186.09K","0.18%"
"2019年12月13日","65.22","64.56","65.79","64.50","232.75K","1.59%"
"2019年12月12日","64.20","63.90","64.85","63.87","238.31K","0.75%"
"2019年12月11日","63.72","64.00","64.26","63.01","250.14K","-0.96%"
"2019年12月10日","64.34","64.03","64.69","63.78","235.19K","0.14%"
"2019年12月9日","64.25","64.29","64.50","63.61","239.77K","-0.22%"
"2019年12月6日","64.39","63.41","64.88","62.83","314.60K","1.58%"
"2019年12月5日","63.39","62.97","63.91","62.75","294.84K","0.62%"
"2019年12月4日","63.00","61.08","63.51","61.00","319.04K","3.58%"
"2019年12月3日","60.82","61.05","61.58","60.30","248.55K","-0.16%"
"2019年12月2日","60.92","60.73","62.09","60.72","297.87K","-2.42%"
"2019年11月29日","62.43","63.77","63.86","62.36","19.65K","-2.25%"
"2019年11月28日","63.87","63.91","64.00","63.19","96.08K","-0.30%"
"2019年11月27日","64.06","64.02","64.60","63.51","125.47K","-0.33%"
"2019年11月26日","64.27","63.70","64.32","63.44","181.10K","0.97%"
"2019年11月25日","63.65","63.60","63.80","62.97","212.05K","0.41%"
"2019年11月22日","63.39","63.62","64.27","62.98","228.74K","-0.91%"
"2019年11月21日","63.97","62.22","64.03","61.92","318.49K","2.52%"
"2019年11月20日","62.40","60.94","62.80","60.30","343.31K","2.45%"
"2019年11月19日","60.91","62.28","62.57","60.70","296.80K","-2.45%"
"2019年11月18日","62.44","63.36","63.57","61.94","228.25K","-1.36%"
"2019年11月15日","63.30","62.47","63.65","61.70","255.68K","1.64%"
"2019年11月14日","62.28","62.61","63.21","62.15","234.78K","-0.14%"
"2019年11月13日","62.37","61.85","62.74","61.22","273.03K","0.50%"
"2019年11月12日","62.06","62.11","62.85","61.82","238.17K","-0.19%"
"2019年11月11日","62.18","62.60","62.76","61.57","213.34K","-0.53%"
"2019年11月8日","62.51","62.29","62.70","60.66","287.67K","0.35%"
"2019年11月7日","62.29","61.73","62.89","61.65","261.07K","0.89%"
"2019年11月6日","61.74","62.78","63.32","61.59","275.94K","-1.94%"
"2019年11月5日","62.96","62.04","63.19","61.85","231.67K","1.34%"
"2019年11月4日","62.13","61.80","62.78","61.28","235.38K","0.71%"
"2019年11月1日","61.69","59.45","61.82","59.40","236.09K","2.42%"
"2019年10月31日","60.23","60.57","61.13","60.07","13.90K","-0.63%"
"2019年10月30日","60.61","61.60","61.93","60.45","105.87K","-1.59%"
"2019年10月29日","61.59","61.61","61.98","60.66","136.93K","0.03%"
"2019年10月28日","61.57","62.04","62.34","61.19","167.86K","-0.73%"
"2019年10月25日","62.02","61.50","62.11","60.93","204.45K","0.57%"
"2019年10月24日","61.67","60.99","61.90","60.64","215.54K","0.82%"
"2019年10月23日","61.17","59.48","61.30","58.85","313.23K","2.46%"
"2019年10月22日","59.70","59.05","60.26","58.75","260.60K","1.26%"
"2019年10月21日","58.96","59.23","59.55","58.26","212.57K","-0.77%"
"2019年10月18日","59.42","59.78","60.29","59.01","228.14K","-0.82%"
"2019年10月17日","59.91","58.99","60.04","58.69","269.84K","0.82%"
"2019年10月16日","59.42","58.90","59.75","58.36","257.88K","1.16%"
"2019年10月15日","58.74","59.30","59.68","58.00","305.68K","-1.03%"
"2019年10月14日","59.35","60.69","60.73","58.50","283.07K","-1.92%"
"2019年10月11日","60.51","59.53","60.69","59.21","367.63K","2.39%"
"2019年10月10日","59.10","58.04","59.60","57.80","262.53K","1.34%"
"2019年10月9日","58.32","58.02","59.35","57.91","266.48K","0.14%"
"2019年10月8日","58.24","58.47","58.92","57.38","274.74K","-0.19%"
"2019年10月7日","58.35","58.02","59.68","58.02","228.41K","-0.03%"
"2019年10月4日","58.37","57.69","58.96","57.67","299.92K","1.14%"
"2019年10月3日","57.71","57.54","57.99","56.15","336.90K","0.03%"
"2019年10月2日","57.69","59.25","59.50","57.22","307.91K","-2.04%"
"2019年10月1日","58.89","59.38","60.10","58.41","291.67K","-3.11%"
"2019年9月30日","60.78","62.24","62.24","60.73","22.01K","-1.83%"
"2019年9月27日","61.91","62.48","62.75","60.76","97.33K","-1.32%"
"2019年9月26日","62.74","62.58","62.92","61.45","115.57K","0.56%"
"2019年9月25日","62.39","62.44","62.81","61.23","201.47K","-1.13%"
"2019年9月24日","63.10","64.40","64.60","62.30","216.28K","-2.58%"
"2019年9月23日","64.77","65.23","65.50","63.53","204.78K","0.76%"
"2019年9月20日","64.28","65.00","65.28","64.05","224.88K","-0.19%"
"2019年9月19日","64.40","63.51","65.57","63.46","258.85K","1.26%"
"2019年9月18日","63.60","64.23","64.99","63.04","295.05K","-1.47%"
"2019年9月17日","64.55","68.15","69.26","63.55","620.49K","-6.48%"
"2019年9月16日","69.02","66.45","71.95","64.75","735.54K","14.61%"
"2019年9月13日","60.22","60.45","60.81","59.60","195.83K","-0.26%"
"2019年9月12日","60.38","61.16","61.39","58.92","358.09K","-0.71%"
"2019年9月11日","60.81","62.88","63.27","60.52","315.12K","-2.52%"
"2019年9月10日","62.38","62.82","63.78","62.17","267.55K","-0.34%"
"2019年9月9日","62.59","61.60","63.00","61.57","249.71K","1.71%"
"2019年9月6日","61.54","60.81","61.88","59.40","287.36K","0.97%"
"2019年9月5日","60.95","60.49","62.40","60.25","292.06K","0.41%"
"2019年9月4日","60.70","58.17","60.96","58.13","283.10K","4.19%"
"2019年9月3日","58.26","58.54","58.87","57.23","265.12K","-0.68%"
"2019年9月2日","58.66","58.80","59.26","58.10","121.64K","-2.93%"
"2019年8月30日","60.43","60.98","61.17","60.25","25.14K","-1.06%"
"2019年8月29日","61.08","60.48","61.19","59.98","131.09K","0.98%"
"2019年8月28日","60.49","60.04","61.00","59.80","134.26K","1.65%"
"2019年8月27日","59.51","58.80","60.17","58.51","218.37K","1.38%"
"2019年8月26日","58.70","58.35","60.17","58.24","183.30K","-1.08%"
"2019年8月23日","59.34","60.11","60.29","58.30","321.24K","-0.97%"
"2019年8月22日","59.92","60.43","60.89","59.47","276.11K","-0.63%"
"2019年8月21日","60.30","60.11","61.41","60.07","269.68K","0.45%"
"2019年8月20日","60.03","59.68","60.32","58.95","245.25K","0.49%"
"2019年8月19日","59.74","58.72","59.92","58.64","211.45K","1.88%"
"2019年8月16日","58.64","58.41","59.50","58.28","209.43K","0.70%"
"2019年8月15日","58.23","59.07","59.42","57.67","298.67K","-2.10%"
"2019年8月14日","59.48","61.07","61.08","58.21","320.43K","-2.97%"
"2019年8月13日","61.30","58.47","61.50","58.00","338.08K","4.66%"
"2019年8月12日","58.57","58.30","58.88","57.88","221.35K","0.07%"
"2019年8月9日","58.53","57.74","59.10","57.11","281.80K","2.00%"
"2019年8月8日","57.38","57.48","58.01","56.77","299.69K","2.05%"
"2019年8月7日","56.23","58.68","59.23","55.88","485.19K","-4.60%"
"2019年8月6日","58.94","59.56","60.56","58.55","328.15K","-1.45%"
"2019年8月5日","59.81","61.46","61.56","59.66","378.86K","-3.36%"
"2019年8月2日","61.89","61.16","62.95","60.98","364.14K","2.30%"
"2019年8月1日","60.50","64.09","64.54","60.02","433.72K","-7.17%"
"2019年7月31日","65.17","64.95","65.42","64.95","18.76K","0.70%"
"2019年7月30日","64.72","63.91","65.14","63.90","86.10K","1.59%"
"2019年7月29日","63.71","63.32","63.90","62.92","101.70K","0.39%"
"2019年7月26日","63.46","63.28","63.96","63.01","159.86K","0.11%"
"2019年7月25日","63.39","63.21","64.23","63.01","169.84K","0.33%"
"2019年7月24日","63.18","64.13","64.66","62.59","301.51K","-1.02%"
"2019年7月23日","63.83","63.26","64.46","62.66","272.73K","0.90%"
"2019年7月22日","63.26","63.05","64.03","62.77","267.78K","1.26%"
"2019年7月19日","62.47","62.50","63.37","61.83","298.98K","0.87%"
"2019年7月18日","61.93","63.52","64.46","61.29","374.89K","-2.72%"
"2019年7月17日","63.66","64.44","65.28","63.22","274.93K","-1.07%"
"2019年7月16日","64.35","66.31","67.09","63.82","356.74K","-3.20%"
"2019年7月15日","66.48","66.87","67.47","66.11","283.09K","-0.36%"
"2019年7月12日","66.72","66.83","67.29","66.51","244.70K","0.30%"
"2019年7月11日","66.52","66.81","67.65","66.43","283.02K","-0.73%"
"2019年7月10日","67.01","64.78","67.12","64.63","349.51K","4.44%"
"2019年7月9日","64.16","63.81","64.75","63.76","263.89K","0.08%"
"2019年7月8日","64.11","64.34","65.14","63.79","253.82K","-0.19%"
"2019年7月5日","64.23","63.27","64.52","62.91","203.54K","1.47%"
"2019年7月4日","63.30","63.88","64.07","62.95","114.98K","-0.81%"
"2019年7月3日","63.82","62.90","64.01","62.09","281.75K","2.28%"
"2019年7月2日","62.40","64.80","65.51","62.22","386.94K","-4.09%"
"2019年7月1日","65.06","65.05","66.75","64.22","361.41K","-2.24%"
"2019年6月28日","66.55","66.51","66.84","66.08","34.62K","0.00%"
"2019年6月27日","66.55","66.05","66.82","65.63","103.16K","0.09%"
"2019年6月26日","66.49","65.80","66.85","65.60","141.95K","2.21%"
"2019年6月25日","65.05","64.89","65.98","64.17","205.80K","0.29%"
"2019年6月24日","64.86","65.50","65.79","64.08","217.44K","-0.52%"
"2019年6月21日","65.20","64.86","65.76","64.00","257.92K","1.16%"
"2019年6月20日","64.45","62.45","64.82","62.40","394.17K","4.25%"
"2019年6月19日","61.82","62.40","62.55","61.40","320.06K","-0.51%"
"2019年6月18日","62.14","60.93","62.84","60.25","327.70K","1.97%"
"2019年6月17日","60.94","62.07","62.37","60.74","236.16K","-1.73%"
"2019年6月14日","62.01","61.25","62.57","60.74","262.31K","1.14%"
"2019年6月13日","61.31","59.94","62.64","59.78","435.42K","2.23%"
"2019年6月12日","59.97","61.79","61.85","59.57","343.21K","-3.72%"
"2019年6月11日","62.29","62.30","62.87","62.01","302.74K","0.00%"
"2019年6月10日","62.29","63.58","64.10","62.05","278.49K","-1.58%"
"2019年6月7日","63.29","62.40","63.59","61.77","307.96K","2.63%"
"2019年6月6日","61.67","60.40","62.43","60.22","343.64K","1.72%"
"2019年6月5日","60.63","61.58","62.27","59.45","428.01K","-2.16%"
"2019年6月4日","61.97","61.00","62.12","60.21","370.27K","1.13%"
"2019年6月3日","61.28","61.64","62.84","60.55","386.56K","-4.98%"
"2019年5月31日","64.49","66.24","66.28","64.37","21.75K","-3.56%"
"2019年5月30日","66.87","69.68","69.96","66.31","105.27K","-3.71%"
"2019年5月29日","69.45","70.10","70.10","68.08","148.48K","-0.94%"
"2019年5月28日","70.11","69.99","70.59","69.58","238.88K","0.00%"
"2019年5月27日","70.11","69.15","70.23","68.53","72.18K","2.07%"
"2019年5月24日","68.69","67.99","69.30","67.33","292.09K","1.37%"
"2019年5月23日","67.76","70.86","70.97","67.02","434.54K","-4.55%"
"2019年5月22日","70.99","71.91","72.04","70.42","371.52K","-1.65%"
"2019年5月21日","72.18","72.15","72.52","71.63","303.74K","0.29%"
"2019年5月20日","71.97","72.50","73.40","71.60","301.98K","-0.33%"
"2019年5月17日","72.21","72.82","73.23","71.79","255.53K","-0.56%"
"2019年5月16日","72.62","72.05","73.36","71.82","326.44K","1.18%"
"2019年5月15日","71.77","70.90","72.25","70.42","272.44K","0.74%"
"2019年5月14日","71.24","70.02","71.65","69.93","299.77K","1.44%"
"2019年5月13日","70.23","70.83","72.58","69.72","373.47K","-0.55%"
"2019年5月10日","70.62","70.45","71.23","70.18","300.46K","0.33%"
"2019年5月9日","70.39","70.23","70.65","69.40","328.74K","0.03%"
"2019年5月8日","70.37","69.88","70.70","69.33","295.44K","0.70%"
"2019年5月7日","69.88","71.15","71.33","69.38","332.07K","-1.91%"
"2019年5月6日","71.24","70.59","71.79","68.79","227.02K","0.55%"
"2019年5月3日","70.85","70.48","71.54","69.95","249.81K","0.14%"
"2019年5月2日","70.75","72.00","72.22","69.68","346.63K","-1.98%"
"2019年5月1日","72.18","71.73","72.36","71.30","230.80K","-0.85%"
"2019年4月30日","72.80","71.94","73.27","71.73","25.34K","1.05%"
"2019年4月29日","72.04","71.56","72.50","71.06","147.41K","-0.15%"
"2019年4月26日","72.15","74.20","74.42","71.30","222.89K","-2.96%"
"2019年4月25日","74.35","74.46","75.60","74.00","309.21K","-0.30%"
"2019年4月24日","74.57","74.27","74.73","74.02","276.67K","0.08%"
"2019年4月23日","74.51","74.38","74.73","73.99","308.99K","0.63%"
"2019年4月22日","74.04","71.93","74.52","71.86","305.17K","2.88%"
"2019年4月18日","71.97","71.63","72.04","71.20","259.04K","0.49%"
"2019年4月17日","71.62","71.83","72.27","71.45","276.61K","-0.14%"
"2019年4月16日","71.72","71.21","71.95","70.74","273.90K","0.76%"
"2019年4月15日","71.18","71.55","71.60","70.78","219.15K","-0.52%"
"2019年4月12日","71.55","70.95","71.87","70.90","237.22K","1.02%"
"2019年4月11日","70.83","71.56","71.68","70.57","278.09K","-1.25%"
"2019年4月10日","71.73","70.82","71.78","70.57","288.89K","1.59%"
"2019年4月9日","70.61","71.19","71.34","70.30","267.49K","-0.69%"
"2019年4月8日","71.10","70.56","71.19","70.43","288.13K","1.08%"
"2019年4月5日","70.34","69.13","70.48","68.92","263.87K","1.35%"
"2019年4月4日","69.40","69.44","70.03","68.87","281.88K","0.13%"
"2019年4月3日","69.31","69.47","69.96","68.80","341.50K","-0.09%"
"2019年4月2日","69.37","69.22","69.58","68.69","299.30K","0.52%"
"2019年4月1日","69.01","67.58","69.22","67.58","320.77K","0.91%"
"2019年3月29日","68.39","68.01","68.89","67.81","20.62K","0.84%"
"2019年3月28日","67.82","67.75","68.00","66.54","131.64K","-0.01%"
"2019年3月27日","67.83","67.90","68.35","67.19","148.15K","-0.21%"
"2019年3月26日","67.97","67.36","68.23","67.24","197.54K","1.13%"
"2019年3月25日","67.21","67.00","67.65","66.36","216.76K","0.27%"
"2019年3月22日","67.03","67.76","67.98","66.20","284.52K","-1.22%"
"2019年3月21日","67.86","68.38","68.69","67.59","303.23K","-0.93%"
"2019年3月20日","68.50","67.66","68.57","67.19","235.49K","1.32%"
"2019年3月19日","67.61","67.49","68.20","67.13","234.14K","0.10%"
"2019年3月18日","67.54","67.14","67.69","66.69","208.53K","0.57%"
"2019年3月15日","67.16","67.18","67.71","66.13","254.32K","-0.10%"
"2019年3月14日","67.23","67.65","68.14","67.03","235.99K","-0.47%"
"2019年3月13日","67.55","66.91","67.76","66.70","243.20K","1.32%"
"2019年3月12日","66.67","66.70","67.39","66.34","252.13K","0.14%"
"2019年3月11日","66.58","65.76","66.75","65.63","247.81K","1.28%"
"2019年3月8日","65.74","66.08","66.09","64.02","316.39K","-0.84%"
"2019年3月7日","66.30","65.88","67.00","65.75","276.24K","0.47%"
"2019年3月6日","65.99","65.49","66.18","65.22","283.20K","0.20%"
"2019年3月5日","65.86","65.46","66.23","65.04","216.39K","0.29%"
"2019年3月4日","65.67","64.97","66.34","64.93","233.54K","0.92%"
"2019年3月1日","65.07","66.48","67.14","64.59","297.19K","-1.45%"
"2019年2月28日","66.03","66.38","66.38","65.67","19.67K","-0.54%"
"2019年2月27日","66.39","65.64","66.70","65.27","102.14K","1.81%"
"2019年2月26日","65.21","64.79","65.74","64.32","127.60K","0.69%"
"2019年2月25日","64.76","66.97","67.47","64.54","220.94K","-3.52%"
"2019年2月22日","67.12","66.96","67.73","66.87","177.62K","0.07%"
"2019年2月21日","67.07","67.05","67.31","66.69","245.86K","-0.01%"
"2019年2月20日","67.08","66.30","67.38","65.63","276.48K","0.95%"
"2019年2月19日","66.45","66.44","66.65","65.58","246.65K","-0.08%"
"2019年2月18日","66.50","66.39","66.83","65.90","175.24K","0.38%"
"2019年2月15日","66.25","64.86","66.39","64.42","294.49K","2.60%"
"2019年2月14日","64.57","63.69","64.81","63.25","287.45K","1.51%"
"2019年2月13日","63.61","62.70","63.98","62.69","269.68K","1.91%"
"2019年2月12日","62.42","61.59","63.34","61.59","278.80K","1.48%"
"2019年2月11日","61.51","62.11","62.34","60.90","280.96K","-0.95%"
"2019年2月8日","62.10","61.66","62.36","61.04","254.95K","0.76%"
"2019年2月7日","61.63","62.50","62.91","60.60","286.17K","-1.69%"
"2019年2月6日","62.69","62.06","62.80","61.05","225.57K","1.15%"
"2019年2月5日","61.98","62.64","63.02","61.72","215.36K","-0.85%"
"2019年2月4日","62.51","62.83","63.63","61.28","297.43K","-0.38%"
"2019年2月1日","62.75","61.06","62.97","60.46","267.22K","1.39%"
"2019年1月31日","61.89","61.97","62.32","61.57","20.63K","0.39%"
"2019年1月30日","61.65","61.26","62.67","61.04","90.93K","0.54%"
"2019年1月29日","61.32","59.87","61.79","59.75","142.13K","2.32%"
"2019年1月28日","59.93","61.49","61.69","59.49","214.19K","-2.77%"
"2019年1月25日","61.64","61.13","61.92","60.70","218.03K","0.90%"
"2019年1月24日","61.09","61.02","61.51","60.41","274.48K","-0.08%"
"2019年1月23日","61.14","61.37","62.33","60.21","308.46K","-0.59%"
"2019年1月22日","61.50","62.59","62.71","60.57","283.22K","-1.98%"
"2019年1月21日","62.74","62.74","63.15","62.25","138.08K","0.06%"
"2019年1月18日","62.70","61.33","63.00","61.32","288.91K","2.48%"
"2019年1月17日","61.18","61.05","61.54","60.04","278.42K","-0.23%"
"2019年1月16日","61.32","60.42","61.45","60.03","315.59K","1.12%"
"2019年1月15日","60.64","59.36","60.86","59.11","234.36K","2.80%"
"2019年1月14日","58.99","60.62","61.04","58.90","263.28K","-2.46%"
"2019年1月11日","60.48","61.19","62.49","60.08","292.79K","-1.95%"
"2019年1月10日","61.68","61.15","61.91","60.44","300.92K","0.39%"
"2019年1月9日","61.44","59.15","61.69","59.05","329.05K","4.63%"
"2019年1月8日","58.72","57.64","58.87","57.13","288.25K","2.42%"
"2019年1月7日","57.33","57.41","58.93","57.26","296.58K","0.47%"
"2019年1月4日","57.06","55.67","58.31","55.34","321.11K","1.98%"
"2019年1月3日","55.95","54.29","56.30","53.93","278.36K","1.89%"
"2019年1月2日","54.91","54.12","56.56","52.51","300.95K","2.06%"
"2018年12月31日","53.80","53.00","54.82","52.66","109.11K","3.07%"
"2018年12月28日","52.20","53.44","53.80","51.60","17.11K","0.08%"
"2018年12月27日","52.16","54.65","54.67","51.94","102.59K","-4.24%"
"2018年12月26日","54.47","50.84","55.29","49.93","77.00K","7.93%"
"2018年12月24日","50.47","53.49","54.66","50.36","76.22K","-6.22%"
"2018年12月21日","53.82","54.97","55.33","52.79","226.34K","-0.98%"
"2018年12月20日","54.35","56.49","56.75","54.28","299.45K","-5.05%"
"2018年12月19日","57.24","56.51","58.11","56.04","319.37K","1.74%"
"2018年12月18日","56.26","59.00","59.24","55.89","398.56K","-5.62%"
"2018年12月17日","59.61","60.25","61.21","58.64","246.03K","-1.11%"
"2018年12月14日","60.28","61.53","61.58","59.92","206.56K","-1.90%"
"2018年12月13日","61.45","60.29","62.02","59.33","252.40K","2.16%"
"2018年12月12日","60.15","60.67","61.43","59.98","246.92K","-0.08%"
"2018年12月11日","60.20","59.91","61.10","59.58","235.33K","0.38%"
"2018年12月10日","59.97","61.34","62.33","59.61","264.95K","-2.76%"
"2018年12月7日","61.67","60.25","63.73","59.10","423.08K","2.68%"
"2018年12月6日","60.06","61.36","61.97","58.36","399.99K","-2.44%"
"2018年12月5日","61.56","61.35","63.29","60.80","256.24K","-0.84%"
"2018年12月4日","62.08","61.90","63.58","61.24","277.42K","0.63%"
"2018年12月3日","61.69","59.98","62.60","59.85","294.77K","5.08%"
"2018年11月30日","58.71","59.28","59.93","58.25","27.02K","-1.34%"
"2018年11月29日","59.51","59.12","60.37","57.50","94.57K","1.28%"
"2018年11月28日","58.76","60.63","61.27","58.55","150.81K","-2.41%"
"2018年11月27日","60.21","60.39","61.40","58.92","271.17K","-0.45%"
"2018年11月26日","60.48","58.98","61.13","58.60","267.38K","2.86%"
"2018年11月23日","58.80","62.58","62.79","58.41","279.67K","-6.07%"
"2018年11月22日","62.60","63.60","63.81","62.27","164.11K","-1.39%"
"2018年11月21日","63.48","62.60","64.48","62.56","334.98K","1.52%"
"2018年11月20日","62.53","66.90","66.90","61.71","417.01K","-6.38%"
"2018年11月19日","66.79","66.99","67.64","65.27","262.55K","0.04%"
"2018年11月16日","66.76","66.68","68.38","66.06","327.72K","0.21%"
"2018年11月15日","66.62","66.12","67.42","65.77","316.04K","0.76%"
"2018年11月14日","66.12","65.62","67.63","65.02","379.72K","0.99%"
"2018年11月13日","65.47","69.13","69.68","64.61","445.04K","-6.63%"
"2018年11月12日","70.12","70.69","71.88","68.87","319.23K","-0.09%"
"2018年11月9日","70.18","70.87","70.99","69.13","292.21K","-0.67%"
"2018年11月8日","70.65","72.10","73.08","70.56","350.47K","-1.97%"
"2018年11月7日","72.07","71.66","73.55","71.36","361.36K","-0.08%"
"2018年11月6日","72.13","72.85","73.28","71.18","290.88K","-1.42%"
"2018年11月5日","73.17","72.85","74.13","72.26","231.14K","0.47%"
"2018年11月2日","72.83","72.75","73.50","72.16","312.87K","-0.08%"
"2018年11月1日","72.89","74.69","74.99","72.56","360.16K","-3.42%"
"2018年10月31日","75.47","76.28","76.92","75.42","34.70K","-0.58%"
"2018年10月30日","75.91","76.82","77.32","75.09","115.19K","-1.85%"
"2018年10月29日","77.34","77.64","78.03","76.55","117.94K","-0.36%"
"2018年10月26日","77.62","76.60","77.91","75.77","229.75K","0.95%"
"2018年10月25日","76.89","75.67","77.08","75.35","215.24K","0.95%"
"2018年10月24日","76.17","76.35","77.57","75.11","366.65K","-0.35%"
"2018年10月23日","76.44","80.04","80.12","75.88","513.72K","-4.25%"
"2018年10月22日","79.83","80.11","80.41","78.99","269.91K","0.06%"
"2018年10月19日","79.78","79.44","80.88","79.22","291.07K","0.62%"
"2018年10月18日","79.29","80.23","80.31","78.69","359.01K","-0.95%"
"2018年10月17日","80.05","81.74","81.85","79.17","336.60K","-1.67%"
"2018年10月16日","81.41","80.88","81.75","79.80","329.33K","0.78%"
"2018年10月15日","80.78","81.00","81.92","79.85","284.65K","0.44%"
"2018年10月12日","80.43","80.28","81.48","79.23","373.09K","0.21%"
"2018年10月11日","80.26","82.47","82.63","79.80","482.51K","-3.41%"
"2018年10月10日","83.09","84.98","85.17","82.26","319.09K","-2.25%"
"2018年10月9日","85.00","83.91","85.45","83.73","351.40K","1.30%"
"2018年10月8日","83.91","84.17","84.31","82.66","290.09K","-0.30%"
"2018年10月5日","84.16","84.89","85.12","83.92","300.62K","-0.50%"
"2018年10月4日","84.58","85.99","86.43","84.14","361.25K","-1.98%"
"2018年10月3日","86.29","84.79","86.74","84.01","345.22K","1.76%"
"2018年10月2日","84.80","84.95","85.38","84.31","268.61K","-0.21%"
"2018年10月1日","84.98","82.79","85.45","82.55","347.53K","2.73%"
"2018年9月28日","82.72","81.63","82.87","81.60","19.68K","1.22%"
"2018年9月27日","81.72","81.80","82.44","81.32","124.00K","0.47%"
"2018年9月26日","81.34","81.45","82.22","81.10","130.53K","-0.65%"
"2018年9月25日","81.87","81.35","82.55","81.17","240.40K","0.83%"
"2018年9月24日","81.20","78.97","81.48","78.97","243.31K","3.05%"
"2018年9月21日","78.80","78.67","80.12","78.23","297.57K","0.13%"
"2018年9月20日","78.70","79.44","79.83","78.51","300.16K","-0.88%"
"2018年9月19日","79.40","78.97","79.50","78.51","275.87K","0.47%"
"2018年9月18日","79.03","77.78","79.73","77.46","259.18K","1.26%"
"2018年9月17日","78.05","78.07","78.90","77.73","207.61K","-0.05%"
"2018年9月14日","78.09","78.45","78.94","77.37","261.06K","-0.12%"
"2018年9月13日","78.18","79.60","79.71","77.87","298.14K","-1.96%"
"2018年9月12日","79.74","79.42","80.13","78.75","315.27K","0.86%"
"2018年9月11日","79.06","77.38","79.54","77.36","280.31K","2.18%"
"2018年9月10日","77.37","77.08","77.92","76.90","244.53K","0.70%"
"2018年9月7日","76.83","76.69","77.10","75.88","209.00K","0.43%"
"2018年9月6日","76.50","77.02","77.77","75.64","274.79K","-1.00%"
"2018年9月5日","77.27","77.82","78.09","76.91","277.12K","-1.15%"
"2018年9月4日","78.17","78.19","79.72","77.44","320.45K","0.03%"
"2018年9月3日","78.15","77.69","78.44","77.30","110.91K","0.94%"
"2018年8月31日","77.42","77.53","77.79","77.00","25.83K","-0.45%"
"2018年8月30日","77.77","77.33","78.03","77.18","90.22K","0.82%"
"2018年8月29日","77.14","75.99","77.42","75.67","130.44K","1.57%"
"2018年8月28日","75.95","76.34","76.97","75.73","179.66K","-0.34%"
"2018年8月27日","76.21","75.54","76.34","75.39","101.08K","0.51%"
"2018年8月24日","75.82","74.73","76.42","74.68","235.09K","1.46%"
"2018年8月23日","74.73","74.72","74.87","74.21","199.66K","-0.07%"
"2018年8月22日","74.78","72.76","75.00","72.70","300.69K","2.96%"
"2018年8月21日","72.63","72.15","72.95","72.05","201.24K","0.58%"
"2018年8月20日","72.21","71.77","72.75","71.42","249.10K","0.53%"
"2018年8月17日","71.83","71.35","72.49","71.25","217.16K","0.56%"
"2018年8月16日","71.43","70.65","71.52","70.40","227.20K","0.95%"
"2018年8月15日","70.76","72.22","72.44","70.30","298.11K","-2.35%"
"2018年8月14日","72.46","72.82","73.93","72.16","242.75K","-0.21%"
"2018年8月13日","72.61","73.00","73.09","71.04","220.34K","-0.27%"
"2018年8月10日","72.81","71.97","73.14","71.40","228.74K","1.03%"
"2018年8月9日","72.07","72.16","72.89","71.86","197.06K","-0.29%"
"2018年8月8日","72.28","74.64","74.87","71.65","269.51K","-3.17%"
"2018年8月7日","74.65","73.61","74.90","73.57","228.99K","1.22%"
"2018年8月6日","73.75","73.21","74.47","73.08","200.58K","0.74%"
"2018年8月3日","73.21","73.37","73.73","72.48","175.36K","-0.33%"
"2018年8月2日","73.45","72.42","73.75","71.84","226.45K","1.46%"
"2018年8月1日","72.39","74.07","74.12","72.13","284.02K","-2.51%"
"2018年7月31日","74.25","74.93","75.10","74.14","21.88K","-0.96%"
"2018年7月30日","74.97","74.31","75.27","74.14","81.03K","0.92%"
"2018年7月27日","74.29","74.50","74.85","73.83","119.34K","-0.34%"
"2018年7月26日","74.54","74.37","74.83","73.77","183.35K","0.83%"
"2018年7月25日","73.93","73.70","74.60","73.07","210.87K","0.67%"
"2018年7月24日","73.44","72.91","74.00","72.68","215.15K","0.52%"
"2018年7月23日","73.06","73.22","74.50","72.52","316.98K","-0.01%"
"2018年7月20日","73.07","72.65","73.47","72.26","231.51K","0.68%"
"2018年7月19日","72.58","73.06","73.79","71.83","313.81K","-0.44%"
"2018年7月18日","72.90","71.74","73.28","71.19","287.11K","1.03%"
"2018年7月17日","72.16","72.01","72.78","71.35","286.44K","0.45%"
"2018年7月16日","71.84","74.92","75.37","71.52","330.00K","-4.63%"
"2018年7月13日","75.33","74.34","75.93","73.22","302.43K","1.18%"
"2018年7月12日","74.45","74.17","75.10","72.67","416.41K","1.43%"
"2018年7月11日","73.40","78.78","78.83","73.04","560.84K","-6.92%"
"2018年7月10日","78.86","78.25","79.51","78.15","261.55K","1.01%"
"2018年7月9日","78.07","77.21","78.31","77.04","212.19K","1.24%"
"2018年7月6日","77.11","77.57","77.68","76.36","315.28K","-0.36%"
"2018年7月5日","77.39","78.14","78.50","77.30","254.02K","-1.09%"
"2018年7月4日","78.24","77.89","78.28","77.61","97.25K","0.62%"
"2018年7月3日","77.76","77.40","78.55","76.67","273.46K","0.60%"
"2018年7月2日","77.30","78.55","78.95","77.16","265.38K","-2.69%"
"2018年6月29日","79.44","77.79","79.70","77.45","17.12K","2.04%"
"2018年6月28日","77.85","77.50","78.42","77.09","144.22K","0.30%"
"2018年6月27日","77.62","76.54","78.16","76.28","166.19K","1.72%"
"2018年6月26日","76.31","74.74","76.72","74.13","289.47K","2.11%"
"2018年6月25日","74.73","74.80","75.13","73.74","274.38K","-1.09%"
"2018年6月22日","75.55","73.24","75.83","73.24","377.39K","3.42%"
"2018年6月21日","73.05","74.46","74.69","72.93","411.81K","-2.26%"
"2018年6月20日","74.74","75.20","75.86","74.10","368.84K","-0.45%"
"2018年6月19日","75.08","75.24","75.55","74.45","290.59K","-0.35%"
"2018年6月18日","75.34","73.06","75.49","72.45","316.12K","2.59%"
"2018年6月15日","73.44","75.98","76.06","73.00","285.80K","-3.29%"
"2018年6月14日","75.94","76.56","76.92","75.76","279.21K","-1.04%"
"2018年6月13日","76.74","75.40","76.87","75.26","292.47K","1.13%"
"2018年6月12日","75.88","76.50","77.07","75.43","260.33K","-0.76%"
"2018年6月11日","76.46","76.30","76.84","75.52","231.28K","0.00%"
"2018年6月8日","76.46","77.39","77.61","76.12","251.83K","-1.11%"
"2018年6月7日","77.32","75.88","77.45","75.44","327.98K","2.60%"
"2018年6月6日","75.36","75.19","76.25","74.46","365.65K","-0.03%"
"2018年6月5日","75.38","75.40","75.74","73.81","400.85K","0.12%"
"2018年6月4日","75.29","76.66","76.95","75.20","324.29K","-1.95%"
"2018年6月1日","76.79","77.71","77.95","76.35","296.57K","-1.03%"
"2018年5月31日","77.59","77.37","78.75","77.04","21.44K","0.12%"
"2018年5月30日","77.50","75.37","77.73","74.81","125.33K","2.80%"
"2018年5月29日","75.39","75.82","76.20","74.54","114.46K","0.12%"
"2018年5月28日","75.30","76.11","76.17","74.49","65.10K","-1.49%"
"2018年5月25日","76.44","78.82","78.88","76.01","275.72K","-2.98%"
"2018年5月24日","78.79","79.65","79.78","78.57","228.58K","-1.27%"
"2018年5月23日","79.80","79.47","79.85","78.21","292.97K","0.29%"
"2018年5月22日","79.57","79.36","80.49","79.16","305.31K","0.44%"
"2018年5月21日","79.22","78.61","79.59","78.10","245.77K","0.90%"
"2018年5月18日","78.51","79.46","79.87","78.33","277.28K","-1.00%"
"2018年5月17日","79.30","79.26","80.50","79.12","330.17K","0.03%"
"2018年5月16日","79.28","78.10","79.35","77.61","336.57K","1.08%"
"2018年5月15日","78.43","78.42","79.47","77.90","390.92K","0.26%"
"2018年5月14日","78.23","77.05","78.53","76.55","290.13K","1.44%"
"2018年5月11日","77.12","77.55","77.60","76.95","261.80K","-0.45%"
"2018年5月10日","77.47","77.44","78.00","76.51","314.19K","0.34%"
"2018年5月9日","77.21","76.19","77.43","76.08","364.75K","3.15%"
"2018年5月8日","74.85","75.60","76.18","73.10","519.80K","-1.73%"
"2018年5月7日","76.17","75.00","76.34","74.83","230.47K","1.74%"
"2018年5月4日","74.87","73.74","75.08","73.24","289.86K","1.70%"
"2018年5月3日","73.62","73.07","74.09","72.47","382.14K","0.35%"
"2018年5月2日","73.36","73.28","73.63","72.38","347.06K","0.31%"
"2018年5月1日","73.13","74.65","74.98","72.74","360.97K","-2.71%"
"2018年4月30日","75.17","74.62","75.41","73.47","24.76K","0.71%"
"2018年4月27日","74.64","74.72","75.03","74.35","156.53K","-0.13%"
"2018年4月26日","74.74","74.23","74.97","74.11","179.48K","1.00%"
"2018年4月25日","74.00","74.00","74.19","73.17","275.13K","0.19%"
"2018年4月24日","73.86","75.09","75.47","73.68","330.60K","-1.14%"
"2018年4月23日","74.71","73.77","75.10","73.13","317.45K","0.88%"
"2018年4月20日","74.06","73.94","74.20","72.83","371.90K","0.38%"
"2018年4月19日","73.78","73.72","74.75","73.46","393.96K","0.41%"
"2018年4月18日","73.48","71.72","73.93","71.66","352.65K","2.65%"
"2018年4月17日","71.58","71.65","71.89","70.83","315.04K","0.22%"
"2018年4月16日","71.42","72.70","72.85","71.11","297.44K","-1.60%"
"2018年4月13日","72.58","71.94","72.88","71.56","328.50K","0.78%"
"2018年4月12日","72.02","72.09","72.49","71.10","330.21K","-0.06%"
"2018年4月11日","72.06","71.03","73.09","70.57","495.41K","1.44%"
"2018年4月10日","71.04","68.46","71.34","68.46","452.34K","3.48%"
"2018年4月9日","68.65","67.10","68.80","67.00","257.50K","2.29%"
"2018年4月6日","67.11","68.09","68.62","66.86","296.09K","-1.79%"
"2018年4月5日","68.33","68.36","68.93","67.73","270.82K","0.46%"
"2018年4月4日","68.02","68.15","68.28","66.69","361.48K","-0.15%"
"2018年4月3日","68.12","67.63","68.46","67.62","232.26K","0.71%"
"2018年4月2日","67.64","69.32","70.04","67.49","190.05K","-3.74%"
"2018年3月29日","70.27","69.86","70.44","69.10","25.29K","1.06%"
"2018年3月28日","69.53","69.72","70.25","68.78","141.89K","-0.83%"
"2018年3月27日","70.11","70.13","71.03","69.45","131.39K","-0.01%"
"2018年3月26日","70.12","70.43","71.05","69.67","183.69K","-0.47%"
"2018年3月23日","70.45","69.11","70.57","68.87","283.01K","2.23%"
"2018年3月22日","68.91","69.63","69.70","68.58","286.63K","-0.81%"
"2018年3月21日","69.47","67.61","69.86","67.48","401.05K","3.04%"
"2018年3月20日","67.42","66.15","67.88","66.15","326.47K","2.07%"
"2018年3月19日","66.05","66.01","66.39","65.39","272.42K","-0.24%"
"2018年3月16日","66.21","65.07","66.42","64.88","264.21K","1.67%"
"2018年3月15日","65.12","64.90","65.38","64.61","208.59K","0.35%"
"2018年3月14日","64.89","64.73","65.21","64.06","267.59K","0.39%"
"2018年3月13日","64.64","64.92","65.68","64.05","320.57K","-0.48%"
"2018年3月12日","64.95","65.50","65.86","64.18","240.03K","-0.82%"
"2018年3月9日","65.49","63.93","65.63","63.69","286.49K","2.96%"
"2018年3月8日","63.61","64.51","64.56","63.43","294.79K","-1.13%"
"2018年3月7日","64.34","65.23","65.80","63.83","332.91K","-2.20%"
"2018年3月6日","65.79","65.74","66.16","65.30","199.79K","0.38%"
"2018年3月5日","65.54","64.65","65.88","64.10","261.06K","1.82%"
"2018年3月2日","64.37","64.07","64.64","63.20","266.38K","0.85%"
"2018年3月1日","63.83","64.57","65.04","63.19","340.97K","-2.96%"
"2018年2月28日","65.78","66.41","66.87","65.43","27.39K","-1.28%"
"2018年2月27日","66.63","67.57","67.61","66.32","106.34K","-1.29%"
"2018年2月26日","67.50","67.29","67.90","66.72","188.30K","0.28%"
"2018年2月23日","67.31","66.30","67.37","65.79","201.72K","1.39%"
"2018年2月22日","66.39","64.91","66.56","64.62","253.00K","1.48%"
"2018年2月21日","65.42","65.05","65.53","64.40","245.87K","0.26%"
"2018年2月20日","65.25","65.64","65.81","64.78","289.17K","-0.64%"
"2018年2月19日","65.67","64.96","65.90","64.84","125.63K","1.28%"
"2018年2月16日","64.84","64.66","65.22","64.19","239.58K","0.79%"
"2018年2月15日","64.33","64.44","65.15","63.12","292.91K","-0.05%"
"2018年2月14日","64.36","62.84","64.58","61.95","349.10K","2.61%"
"2018年2月13日","62.72","62.85","63.10","61.76","367.26K","0.21%"
"2018年2月12日","62.59","62.50","64.40","62.50","349.67K","-0.32%"
"2018年2月9日","62.79","64.44","64.64","61.77","399.50K","-3.12%"
"2018年2月8日","64.81","65.28","65.60","64.10","346.32K","-1.07%"
"2018年2月7日","65.51","67.20","67.72","65.16","567.76K","-2.02%"
"2018年2月6日","66.86","67.02","67.60","66.53","328.85K","-1.12%"
"2018年2月5日","67.62","68.15","68.46","66.90","335.64K","-1.40%"
"2018年2月2日","68.58","70.00","70.02","67.96","307.13K","-1.54%"
"2018年2月1日","69.65","69.00","69.97","68.81","336.92K","0.87%"
"2018年1月31日","69.05","68.43","69.15","68.33","20.43K","0.04%"
"2018年1月30日","69.02","69.30","69.39","68.40","135.87K","-0.63%"
"2018年1月29日","69.46","70.47","70.64","69.07","202.24K","-1.50%"
"2018年1月26日","70.52","70.07","70.83","70.05","227.60K","0.14%"
"2018年1月25日","70.42","70.95","71.28","69.97","301.93K","-0.16%"
"2018年1月24日","70.53","69.97","70.94","69.54","308.37K","0.81%"
"2018年1月23日","69.96","69.17","70.24","69.12","343.73K","1.35%"
"2018年1月22日","69.03","68.80","69.51","68.39","250.60K","0.61%"
"2018年1月19日","68.61","69.01","69.08","68.28","278.36K","-1.01%"
"2018年1月18日","69.31","69.53","69.63","68.80","270.23K","-0.10%"
"2018年1月17日","69.38","69.35","69.59","68.55","280.42K","0.33%"
"2018年1月16日","69.15","70.05","70.13","68.83","322.95K","-1.58%"
"2018年1月15日","70.26","69.88","70.37","69.55","173.46K","0.56%"
"2018年1月12日","69.87","69.15","69.93","68.59","302.10K","0.88%"
"2018年1月11日","69.26","69.15","70.05","69.00","341.94K","0.09%"
"2018年1月10日","69.20","69.12","69.37","68.75","290.54K","0.55%"
"2018年1月9日","68.82","68.00","69.29","67.70","319.92K","1.53%"
"2018年1月8日","67.78","67.80","67.99","67.44","210.35K","0.24%"
"2018年1月5日","67.62","67.97","68.11","67.26","183.45K","-0.66%"
"2018年1月4日","68.07","67.89","68.27","67.62","246.15K","0.34%"
"2018年1月3日","67.84","66.54","68.03","66.40","260.86K","1.91%"
"2018年1月2日","66.57","66.55","67.29","66.24","211.74K","-0.45%"
"2017年12月29日","66.87","66.15","66.98","66.15","157.95K","0.22%"
"2017年12月28日","66.72","66.43","66.85","66.23","35.09K","0.42%"
"2017年12月27日","66.44","66.76","66.94","66.03","122.43K","-0.87%"
"2017年12月26日","67.02","65.20","67.10","65.00","74.25K","2.71%"
"2017年12月22日","65.25","64.63","65.28","64.38","110.42K","0.54%"
"2017年12月21日","64.90","64.49","64.93","64.20","155.42K","0.53%"
"2017年12月20日","64.56","63.83","64.60","63.67","222.73K","1.19%"
"2017年12月19日","63.80","63.41","63.91","63.30","213.19K","0.62%"
"2017年12月18日","63.41","63.36","63.91","63.00","234.62K","0.28%"
"2017年12月15日","63.23","63.39","63.68","63.08","213.00K","-0.13%"
"2017年12月14日","63.31","62.81","63.50","62.01","277.67K","1.39%"
"2017年12月13日","62.44","63.80","64.32","62.36","354.37K","-1.42%"
"2017年12月12日","63.34","64.66","65.83","63.07","508.99K","-2.09%"
"2017年12月11日","64.69","63.29","64.93","62.99","488.01K","2.03%"
"2017年12月8日","63.40","62.08","63.64","62.01","362.43K","1.93%"
"2017年12月7日","62.20","61.30","62.26","61.15","238.96K","1.60%"
"2017年12月6日","61.22","62.64","62.93","61.13","314.26K","-2.61%"
"2017年12月5日","62.86","62.45","63.15","62.12","219.34K","0.66%"
"2017年12月4日","62.45","63.50","63.68","62.31","250.52K","-2.01%"
"2017年12月1日","63.73","62.74","64.32","62.59","308.15K","0.25%"
"2017年11月30日","63.57","63.28","64.21","63.21","26.21K","0.73%"
"2017年11月29日","63.11","63.30","64.07","62.50","178.20K","-0.79%"
"2017年11月28日","63.61","63.78","63.89","63.10","186.93K","-0.36%"
"2017年11月27日","63.84","63.80","63.99","63.10","249.09K","-0.03%"
"2017年11月24日","63.86","63.35","63.95","63.28","152.70K","0.49%"
"2017年11月23日","63.55","63.24","63.57","62.88","113.08K","0.36%"
"2017年11月22日","63.32","62.78","63.43","62.62","322.87K","1.20%"
"2017年11月21日","62.57","62.10","62.87","62.07","338.16K","0.56%"
"2017年11月20日","62.22","62.80","62.80","61.44","283.48K","-0.80%"
"2017年11月17日","62.72","61.41","62.92","61.08","356.74K","2.22%"
"2017年11月16日","61.36","61.88","62.15","61.25","314.06K","-0.82%"
"2017年11月15日","61.87","61.55","62.13","61.30","279.41K","-0.55%"
"2017年11月14日","62.21","63.06","63.17","61.21","418.94K","-1.50%"
"2017年11月13日","63.16","63.68","63.77","62.61","335.15K","-0.57%"
"2017年11月10日","63.52","63.80","64.27","63.35","307.97K","-0.64%"
"2017年11月9日","63.93","63.52","64.25","63.26","319.86K","0.69%"
"2017年11月8日","63.49","63.69","64.64","62.95","418.07K","-0.31%"
"2017年11月7日","63.69","64.12","64.65","63.50","389.46K","-0.90%"
"2017年11月6日","64.27","62.27","64.44","62.08","356.99K","3.54%"
"2017年11月3日","62.07","60.88","62.23","60.60","272.74K","2.39%"
"2017年11月2日","60.62","60.50","60.86","60.02","289.30K","0.21%"
"2017年11月1日","60.49","61.07","61.70","60.00","337.76K","-1.43%"
"2017年10月31日","61.37","60.86","61.41","60.53","29.12K","0.77%"
"2017年10月30日","60.90","60.66","61.00","60.14","168.54K","0.76%"
"2017年10月27日","60.44","59.37","60.65","58.82","209.89K","1.92%"
"2017年10月26日","59.30","58.42","59.55","58.05","232.28K","1.47%"
"2017年10月25日","58.44","58.44","58.74","57.85","260.55K","0.19%"
"2017年10月24日","58.33","57.41","58.57","57.04","334.68K","1.67%"
"2017年10月23日","57.37","57.95","58.05","57.27","353.07K","-0.66%"
"2017年10月20日","57.75","57.32","57.94","56.60","369.89K","0.91%"
"2017年10月19日","57.23","58.24","58.30","57.02","430.67K","-1.58%"
"2017年10月18日","58.15","58.16","58.54","57.74","329.33K","0.47%"
"2017年10月17日","57.88","57.78","58.35","57.18","405.22K","0.10%"
"2017年10月16日","57.82","57.28","58.47","57.12","341.78K","1.14%"
"2017年10月13日","57.17","56.44","57.57","56.34","332.60K","1.64%"
"2017年10月12日","56.25","56.74","56.83","55.88","339.53K","-1.21%"
"2017年10月11日","56.94","56.56","57.09","56.51","85.99K","0.58%"
"2017年10月10日","56.61","55.78","56.91","55.73","290.34K","1.47%"
"2017年10月9日","55.79","55.50","55.98","55.06","301.15K","0.31%"
"2017年10月6日","55.62","56.99","57.28","55.13","395.65K","-2.42%"
"2017年10月5日","57.00","55.77","57.24","55.70","379.30K","2.15%"
"2017年10月4日","55.80","55.67","56.20","55.38","330.85K","-0.36%"
"2017年10月3日","56.00","56.10","56.40","55.70","275.42K","-0.21%"
"2017年10月2日","56.12","56.73","56.76","55.50","352.05K","-2.47%"
"2017年9月29日","57.54","57.60","57.80","57.14","24.02K","0.23%"
"2017年9月28日","57.41","57.70","58.65","56.85","117.89K","-0.85%"
"2017年9月27日","57.90","58.57","58.89","57.57","142.87K","-0.92%"
"2017年9月26日","58.44","59.05","59.49","57.77","214.73K","-0.98%"
"2017年9月25日","59.02","56.87","59.25","56.70","224.94K","3.80%"
"2017年9月22日","56.86","56.50","56.91","56.22","208.36K","0.76%"
"2017年9月21日","56.43","56.17","56.53","55.76","251.62K","0.25%"
"2017年9月20日","56.29","55.35","56.48","55.26","295.65K","2.09%"
"2017年9月19日","55.14","55.48","55.89","54.89","221.76K","-0.61%"
"2017年9月18日","55.48","55.59","55.95","54.82","278.12K","-0.25%"
"2017年9月15日","55.62","55.29","55.85","54.86","271.07K","0.27%"
"2017年9月14日","55.47","55.02","55.99","54.93","327.35K","0.56%"
"2017年9月13日","55.16","54.18","55.21","54.03","291.47K","1.64%"
"2017年9月12日","54.27","53.77","54.44","53.42","279.34K","0.80%"
"2017年9月11日","53.84","53.82","54.14","53.04","276.43K","0.11%"
"2017年9月8日","53.78","54.54","54.87","53.57","307.45K","-1.30%"
"2017年9月7日","54.49","54.13","54.67","53.89","306.72K","0.54%"
"2017年9月6日","54.20","53.16","54.31","53.09","322.60K","1.54%"
"2017年9月5日","53.38","52.30","53.66","52.09","300.78K","1.99%"
"2017年9月4日","52.34","52.85","52.85","51.99","121.54K","-0.78%"
"2017年9月1日","52.75","52.84","52.95","52.24","262.20K","0.71%"
"2017年8月31日","52.38","50.58","52.43","50.56","33.50K","2.99%"
"2017年8月30日","50.86","51.97","52.01","50.58","152.59K","-2.19%"
"2017年8月29日","52.00","52.04","52.19","51.36","139.97K","0.21%"
"2017年8月28日","51.89","52.38","52.84","51.52","141.58K","-0.99%"
"2017年8月25日","52.41","52.30","52.68","51.93","218.09K","0.71%"
"2017年8月24日","52.04","52.55","52.71","51.61","255.76K","-1.01%"
"2017年8月23日","52.57","51.68","52.63","51.45","287.20K","1.35%"
"2017年8月22日","51.87","51.78","52.28","51.39","313.92K","0.41%"
"2017年8月21日","51.66","53.00","53.00","51.30","271.57K","-2.01%"
"2017年8月18日","52.72","50.89","52.96","50.78","317.44K","3.31%"
"2017年8月17日","51.03","50.40","51.12","50.00","334.30K","1.51%"
"2017年8月16日","50.27","50.98","51.40","50.15","305.55K","-1.04%"
"2017年8月15日","50.80","50.65","51.15","50.02","334.16K","0.14%"
"2017年8月14日","50.73","52.02","52.38","50.55","281.57K","-2.63%"
"2017年8月11日","52.10","51.94","52.28","51.30","245.31K","0.39%"
"2017年8月10日","51.90","52.72","53.64","51.67","450.28K","-1.52%"
"2017年8月9日","52.70","51.99","52.85","51.81","265.61K","1.07%"
"2017年8月8日","52.14","52.24","52.73","51.82","235.16K","-0.44%"
"2017年8月7日","52.37","52.39","52.53","51.37","260.94K","-0.10%"
"2017年8月4日","52.42","51.97","52.52","51.43","278.78K","0.79%"
"2017年8月3日","52.01","52.24","52.89","51.77","402.66K","-0.67%"
"2017年8月2日","52.36","51.38","52.43","51.18","406.42K","1.12%"
"2017年8月1日","51.78","52.70","52.93","50.88","392.64K","-1.65%"
"2017年7月31日","52.65","52.60","52.92","52.20","25.54K","0.25%"
"2017年7月28日","52.52","51.60","52.70","51.31","159.15K","2.00%"
"2017年7月27日","51.49","50.86","51.64","50.50","184.43K","1.02%"
"2017年7月26日","50.97","50.63","51.06","50.07","258.95K","1.53%"
"2017年7月25日","50.20","48.64","50.91","48.63","284.29K","3.29%"
"2017年7月24日","48.60","47.96","48.77","47.68","287.93K","1.12%"
"2017年7月21日","48.06","49.33","49.65","47.81","338.35K","-2.52%"
"2017年7月20日","49.30","49.65","50.19","49.19","315.34K","-0.80%"
"2017年7月19日","49.70","48.70","49.81","48.58","300.37K","1.76%"
"2017年7月18日","48.84","48.40","49.41","48.24","251.50K","0.87%"
"2017年7月17日","48.42","49.14","49.26","48.31","227.42K","-1.00%"
"2017年7月14日","48.91","48.37","49.11","48.15","295.66K","1.01%"
"2017年7月13日","48.42","47.70","48.53","47.18","262.63K","1.42%"
"2017年7月12日","47.74","48.21","48.79","47.35","333.70K","0.46%"
"2017年7月11日","47.52","46.99","48.21","46.29","283.39K","1.37%"
"2017年7月10日","46.88","46.84","47.38","46.11","268.90K","0.36%"
"2017年7月7日","46.71","47.76","47.76","46.28","302.32K","-2.91%"
"2017年7月6日","48.11","48.28","49.18","47.77","308.26K","0.67%"
"2017年7月5日","47.79","49.67","49.84","47.00","372.98K","-3.67%"
"2017年7月4日","49.61","49.63","49.90","49.29","129.57K","-0.14%"
"2017年7月3日","49.68","48.95","49.71","48.54","244.52K","3.67%"
"2017年6月30日","47.92","47.46","48.12","47.46","26.18K","1.05%"
"2017年6月29日","47.42","47.39","48.03","47.14","179.56K","0.23%"
"2017年6月28日","47.31","46.25","47.47","46.25","162.58K","1.41%"
"2017年6月27日","46.65","45.85","47.06","45.79","263.26K","1.79%"
"2017年6月26日","45.83","45.63","46.24","45.04","203.22K","0.64%"
"2017年6月23日","45.54","45.28","45.75","45.03","252.26K","0.71%"
"2017年6月22日","45.22","44.81","45.79","44.53","346.76K","0.89%"
"2017年6月21日","44.82","45.89","46.63","44.35","389.71K","-2.61%"
"2017年6月20日","46.02","46.96","47.23","45.42","343.46K","-1.90%"
"2017年6月19日","46.91","47.21","47.76","46.77","261.49K","-0.97%"
"2017年6月16日","47.37","46.82","47.61","46.81","227.42K","0.96%"
"2017年6月15日","46.92","46.80","47.20","46.70","301.40K","-0.17%"
"2017年6月14日","47.00","48.18","48.69","46.74","464.42K","-3.53%"
"2017年6月13日","48.72","48.32","48.82","47.87","321.28K","0.89%"
"2017年6月12日","48.29","48.06","49.15","48.01","316.56K","0.29%"
"2017年6月9日","48.15","47.79","48.56","47.40","285.82K","0.61%"
"2017年6月8日","47.86","48.26","48.60","47.56","445.97K","-0.42%"
"2017年6月7日","48.06","49.97","50.14","47.96","461.75K","-4.11%"
"2017年6月6日","50.12","49.57","50.30","49.00","329.71K","1.31%"
"2017年6月5日","49.47","49.87","50.74","49.04","348.41K","-0.96%"
"2017年6月2日","49.95","50.23","50.52","48.95","451.46K","-1.34%"
"2017年6月1日","50.63","51.17","51.45","50.23","462.92K","0.64%"
"2017年5月31日","50.31","51.92","51.92","49.81","41.68K","-2.95%"
"2017年5月30日","51.84","52.25","52.35","51.19","137.21K","-0.86%"
"2017年5月29日","52.29","52.24","52.61","51.86","36.59K","0.27%"
"2017年5月26日","52.15","51.38","52.30","50.71","265.83K","1.34%"
"2017年5月25日","51.46","54.15","54.67","51.03","464.50K","-4.63%"
"2017年5月24日","53.96","54.14","54.62","53.66","351.64K","-0.35%"
"2017年5月23日","54.15","53.87","54.43","53.20","328.33K","0.52%"
"2017年5月22日","53.87","53.85","54.37","53.66","379.12K","0.48%"
"2017年5月19日","53.61","52.57","53.82","52.55","333.27K","2.09%"
"2017年5月18日","52.51","52.19","52.74","51.11","363.69K","0.57%"
"2017年5月17日","52.21","51.20","52.61","51.04","331.36K","1.08%"
"2017年5月16日","51.65","51.88","52.36","51.10","340.96K","-0.33%"
"2017年5月15日","51.82","50.89","52.63","50.74","331.42K","1.93%"
"2017年5月12日","50.84","50.76","51.09","50.33","304.76K","0.14%"
"2017年5月11日","50.77","50.28","51.16","50.25","315.59K","1.10%"
"2017年5月10日","50.22","48.95","50.63","48.81","368.11K","3.06%"
"2017年5月9日","48.73","49.44","49.72","48.39","332.91K","-1.24%"
"2017年5月8日","49.34","49.27","49.92","48.48","400.72K","0.49%"
"2017年5月5日","49.10","48.45","49.63","46.64","530.44K","1.49%"
"2017年5月4日","48.38","50.59","50.73","48.16","541.58K","-4.75%"
"2017年5月3日","50.79","50.99","51.14","50.20","357.19K","0.65%"
"2017年5月2日","50.46","51.39","52.16","50.14","364.06K","-2.06%"
"2017年5月1日","51.52","51.88","51.97","51.22","121.53K","-0.41%"
"2017年4月28日","51.73","51.58","52.12","51.31","23.20K","0.56%"
"2017年4月27日","51.44","51.57","51.76","50.45","187.13K","-0.73%"
"2017年4月26日","51.82","51.81","52.46","51.38","206.56K","-0.54%"
"2017年4月25日","52.10","51.60","52.39","51.30","272.76K","0.97%"
"2017年4月24日","51.60","52.11","52.57","51.42","267.28K","-0.69%"
"2017年4月21日","51.96","53.00","53.29","51.57","348.48K","-1.94%"
"2017年4月20日","52.99","53.09","53.55","52.68","401.85K","0.11%"
"2017年4月19日","52.93","54.78","55.20","52.58","435.41K","-3.57%"
"2017年4月18日","54.89","55.39","55.48","54.61","373.10K","-0.85%"
"2017年4月17日","55.36","55.55","55.98","55.29","158.97K","-0.95%"
"2017年4月13日","55.89","55.66","56.06","55.56","325.31K","0.05%"
"2017年4月12日","55.86","56.28","56.65","55.50","373.53K","-0.66%"
"2017年4月11日","56.23","56.08","56.30","55.45","340.42K","0.45%"
"2017年4月10日","55.98","55.19","56.05","55.19","298.90K","1.34%"
"2017年4月7日","55.24","54.88","56.08","54.57","317.78K","0.64%"
"2017年4月6日","54.89","54.13","55.00","54.02","239.47K","0.97%"
"2017年4月5日","54.36","54.22","55.09","53.97","353.02K","0.35%"
"2017年4月4日","54.17","53.18","54.38","52.73","302.11K","1.98%"
"2017年4月3日","53.12","53.62","53.74","53.03","241.75K","0.55%"
"2017年3月31日","52.83","52.83","53.45","52.35","27.46K","-0.25%"
"2017年3月30日","52.96","52.39","53.10","52.03","128.55K","1.03%"
"2017年3月29日","52.42","51.43","52.48","51.36","140.44K","2.12%"
"2017年3月28日","51.33","50.77","51.87","50.77","186.41K","1.14%"
"2017年3月27日","50.75","51.03","51.10","50.03","195.52K","-0.10%"
"2017年3月24日","50.80","50.64","51.06","50.40","215.34K","0.47%"
"2017年3月23日","50.56","50.83","51.10","50.25","320.21K","-0.16%"
"2017年3月22日","50.64","50.86","50.98","49.71","327.91K","-0.63%"
"2017年3月21日","50.96","51.70","52.22","50.73","291.71K","-1.28%"
"2017年3月20日","51.62","51.80","51.94","51.01","239.25K","-0.27%"
"2017年3月17日","51.76","51.74","52.18","51.53","220.35K","0.04%"
"2017年3月16日","51.74","52.08","52.65","51.50","281.53K","-0.14%"
"2017年3月15日","51.81","51.50","52.15","51.36","327.90K","1.75%"
"2017年3月14日","50.92","51.34","51.86","50.25","411.63K","-0.84%"
"2017年3月13日","51.35","51.49","51.70","50.85","276.76K","-0.04%"
"2017年3月10日","51.37","52.33","53.02","51.14","351.34K","-1.57%"
"2017年3月9日","52.19","53.49","53.86","51.50","504.12K","-1.73%"
"2017年3月8日","53.11","55.63","55.77","52.93","444.13K","-5.03%"
"2017年3月7日","55.92","55.95","56.65","55.56","269.52K","-0.16%"
"2017年3月6日","56.01","55.80","56.25","55.32","224.20K","0.20%"
"2017年3月3日","55.90","55.18","55.95","55.09","248.71K","1.49%"
"2017年3月2日","55.08","56.31","56.44","55.03","350.12K","-2.27%"
"2017年3月1日","56.36","56.45","57.05","56.24","261.74K","1.39%"
"2017年2月28日","55.59","56.02","56.15","55.23","28.35K","-0.61%"
"2017年2月27日","55.93","55.96","56.77","55.86","139.29K","-0.11%"
"2017年2月24日","55.99","56.40","56.66","55.74","164.96K","-1.04%"
"2017年2月23日","56.58","56.20","57.26","56.18","223.59K","1.33%"
"2017年2月22日","55.84","56.74","57.01","55.64","245.16K","-1.45%"
"2017年2月21日","56.66","56.17","57.31","56.10","335.44K","0.85%"
"2017年2月20日","56.18","55.90","56.42","55.70","209.63K","0.66%"
"2017年2月17日","55.81","55.73","55.88","55.10","270.49K","0.29%"
"2017年2月16日","55.65","55.74","56.24","55.13","310.84K","-0.18%"
"2017年2月15日","55.75","55.82","56.25","55.56","272.52K","-0.39%"
"2017年2月14日","55.97","55.75","56.46","55.53","254.98K","0.68%"
"2017年2月13日","55.59","56.68","56.81","55.41","234.31K","-1.96%"
"2017年2月10日","56.70","55.66","56.88","55.59","284.71K","1.92%"
"2017年2月9日","55.63","55.30","55.92","55.23","263.40K","0.93%"
"2017年2月8日","55.12","54.50","55.68","54.44","409.83K","0.13%"
"2017年2月7日","55.05","55.91","55.98","54.58","317.18K","-1.20%"
"2017年2月6日","55.72","56.85","57.13","55.65","252.70K","-1.92%"
"2017年2月3日","56.81","56.92","57.30","56.39","264.76K","0.44%"
"2017年2月2日","56.56","56.53","57.45","56.33","297.35K","-0.42%"
"2017年2月1日","56.80","55.55","56.83","55.36","301.24K","1.97%"
"2017年1月31日","55.70","55.25","56.00","54.90","28.80K","0.85%"
"2017年1月30日","55.23","55.47","55.70","54.97","104.90K","-0.52%"
"2017年1月27日","55.52","56.09","56.50","54.86","142.07K","-1.28%"
"2017年1月26日","56.24","55.39","56.55","55.21","265.72K","2.11%"
"2017年1月25日","55.08","55.24","55.65","54.75","275.73K","-0.65%"
"2017年1月24日","55.44","55.42","55.87","55.07","254.89K","0.38%"
"2017年1月23日","55.23","55.70","55.75","54.65","305.85K","-0.47%"
"2017年1月20日","55.49","54.33","55.80","54.18","293.54K","2.46%"
"2017年1月19日","54.16","54.29","54.77","53.90","346.87K","0.45%"
"2017年1月18日","53.92","55.48","55.90","53.77","360.15K","-2.79%"
"2017年1月17日","55.47","55.74","56.95","55.40","335.73K","-0.70%"
"2017年1月16日","55.86","55.64","55.92","55.19","112.58K","0.74%"
"2017年1月13日","55.45","56.00","56.21","55.28","247.09K","-1.00%"
"2017年1月12日","56.01","55.19","56.43","55.01","331.63K","1.65%"
"2017年1月11日","55.10","53.80","55.67","53.70","419.90K","2.72%"
"2017年1月10日","53.64","54.95","55.36","53.58","332.98K","-2.37%"
"2017年1月9日","54.94","56.81","57.00","54.74","266.39K","-3.78%"
"2017年1月6日","57.10","56.88","57.47","56.28","234.87K","0.37%"
"2017年1月5日","56.89","56.35","57.35","56.01","269.61K","0.76%"
"2017年1月4日","56.46","55.73","56.55","55.33","282.55K","1.78%"
"2017年1月3日","55.47","57.05","58.37","55.30","340.82K","-2.38%"
"2017年1月2日","56.82","56.82","56.82","56.82","-","0.00%"
"2016年12月30日","56.82","57.00","57.20","56.46","129.10K","1.21%"
"2016年12月29日","56.14","56.01","56.63","55.91","49.08K","-0.14%"
"2016年12月28日","56.22","56.06","56.56","55.89","109.91K","0.23%"
"2016年12月27日","56.09","55.18","57.15","55.04","67.84K","1.69%"
"2016年12月23日","55.16","54.84","55.25","54.26","104.09K","0.20%"
"2016年12月22日","55.05","54.55","55.23","54.05","194.66K","1.08%"
"2016年12月21日","54.46","55.52","55.87","54.32","277.73K","-1.61%"
"2016年12月20日","55.35","55.02","55.92","54.75","257.02K","0.78%"
"2016年12月19日","54.92","55.40","55.80","54.69","228.39K","-0.53%"
"2016年12月16日","55.21","54.11","55.38","53.71","229.19K","2.20%"
"2016年12月15日","54.02","53.76","54.50","53.15","266.15K","0.22%"
"2016年12月14日","53.90","55.16","55.81","53.52","353.97K","-3.27%"
"2016年12月13日","55.72","55.70","56.44","55.13","283.43K","0.05%"
"2016年12月12日","55.69","55.88","57.89","55.11","372.17K","2.50%"
"2016年12月9日","54.33","53.97","54.46","53.77","264.80K","0.82%"
"2016年12月8日","53.89","53.15","54.05","52.81","334.18K","1.68%"
"2016年12月7日","53.00","53.94","54.23","52.92","298.57K","-1.72%"
"2016年12月6日","53.93","54.50","54.94","53.51","280.65K","-1.84%"
"2016年12月5日","54.94","54.40","55.33","53.77","288.55K","0.88%"
"2016年12月2日","54.46","53.88","54.50","52.84","312.78K","0.96%"
"2016年12月1日","53.94","51.72","54.53","51.51","460.86K","6.88%"
"2016年11月30日","50.47","46.54","50.49","46.51","43.12K","8.82%"
"2016年11月29日","46.38","48.07","48.10","45.92","133.11K","-3.86%"
"2016年11月28日","48.24","46.71","48.81","46.28","207.96K","2.12%"
"2016年11月25日","47.24","48.96","49.02","46.85","181.17K","-3.59%"
"2016年11月24日","49.00","49.03","49.21","48.76","71.19K","0.10%"
"2016年11月23日","48.95","49.20","49.50","48.56","275.29K","-0.35%"
"2016年11月22日","49.12","49.25","49.96","48.14","436.93K","0.45%"
"2016年11月21日","48.90","46.92","49.15","46.92","282.70K","4.35%"
"2016年11月18日","46.86","46.05","46.99","45.75","249.34K","0.80%"
"2016年11月17日","46.49","46.44","47.62","45.97","280.94K","-0.30%"
"2016年11月16日","46.63","46.88","47.56","46.25","335.48K","-0.68%"
"2016年11月15日","46.95","44.70","47.25","44.67","354.27K","5.67%"
"2016年11月14日","44.43","44.54","44.99","43.57","260.15K","-0.72%"
"2016年11月11日","44.75","45.80","45.89","44.19","286.71K","-2.38%"
"2016年11月10日","45.84","46.36","46.92","45.56","302.45K","-1.12%"
"2016年11月9日","46.36","46.04","46.95","44.40","448.12K","0.70%"
"2016年11月8日","46.04","46.30","46.69","45.60","320.98K","-0.24%"
"2016年11月7日","46.15","45.70","46.38","45.38","276.17K","1.25%"
"2016年11月4日","45.58","46.43","46.56","45.08","384.56K","-1.66%"
"2016年11月3日","46.35","47.15","47.52","45.99","283.66K","-1.09%"
"2016年11月2日","46.86","47.90","48.02","46.46","366.82K","-2.66%"
"2016年11月1日","48.14","48.72","49.26","47.72","462.80K","-0.33%"
"2016年10月31日","48.30","49.41","49.72","47.98","32.21K","-2.84%"
"2016年10月28日","49.71","50.41","50.58","49.31","94.84K","-1.51%"
"2016年10月27日","50.47","50.05","50.90","49.83","138.09K","0.98%"
"2016年10月26日","49.98","50.26","50.69","49.65","304.52K","-1.59%"
"2016年10月25日","50.79","51.44","51.83","50.22","237.73K","-1.30%"
"2016年10月24日","51.46","51.89","52.01","50.50","277.24K","-0.62%"
"2016年10月21日","51.78","51.40","51.94","51.12","249.16K","0.78%"
"2016年10月20日","51.38","52.60","52.72","51.17","279.31K","-2.45%"
"2016年10月19日","52.67","52.13","53.14","52.09","292.95K","1.92%"
"2016年10月18日","51.68","51.72","52.15","51.25","274.17K","0.31%"
"2016年10月17日","51.52","51.93","52.29","51.16","247.03K","-0.83%"
"2016年10月14日","51.95","52.06","52.55","51.50","248.44K","-0.15%"
"2016年10月13日","52.03","51.60","52.15","50.92","310.65K","0.42%"
"2016年10月12日","51.81","52.48","52.87","51.61","254.73K","-1.14%"
"2016年10月11日","52.41","53.11","53.32","52.12","373.85K","-1.37%"
"2016年10月10日","53.14","51.63","53.73","51.30","334.27K","2.33%"
"2016年10月7日","51.93","52.72","52.84","51.33","310.02K","-1.10%"
"2016年10月6日","52.51","51.76","52.75","51.32","293.87K","1.25%"
"2016年10月5日","51.86","51.22","52.09","51.22","302.09K","1.95%"
"2016年10月4日","50.87","50.93","51.55","50.34","269.27K","-0.04%"
"2016年10月3日","50.89","50.02","51.14","49.74","284.26K","3.73%"
"2016年9月30日","49.06","49.18","49.25","48.21","26.94K","-0.37%"
"2016年9月29日","49.24","48.87","49.81","47.99","114.83K","1.13%"
"2016年9月28日","48.69","46.14","48.96","45.70","188.67K","5.92%"
"2016年9月27日","45.97","47.06","47.28","45.63","241.18K","-2.91%"
"2016年9月26日","47.35","46.05","47.66","45.74","208.15K","3.18%"
"2016年9月23日","45.89","47.42","48.26","45.65","306.86K","-3.69%"
"2016年9月22日","47.65","46.99","47.83","46.99","290.33K","1.75%"
"2016年9月21日","46.83","46.45","47.14","46.38","249.08K","2.07%"
"2016年9月20日","45.88","45.91","46.30","45.09","298.80K","-0.15%"
"2016年9月19日","45.95","46.01","46.93","45.85","209.91K","0.39%"
"2016年9月16日","45.77","46.31","46.41","45.48","226.32K","-1.76%"
"2016年9月15日","46.59","46.06","47.00","45.67","320.72K","1.61%"
"2016年9月14日","45.85","47.33","47.48","45.70","332.96K","-2.65%"
"2016年9月13日","47.10","48.17","48.22","46.96","280.02K","-2.52%"
"2016年9月12日","48.32","47.81","48.63","46.90","258.76K","0.65%"
"2016年9月9日","48.01","49.63","49.70","47.76","262.15K","-3.96%"
"2016年9月8日","49.99","48.55","50.14","48.21","327.24K","4.19%"
"2016年9月7日","47.98","47.20","48.56","46.97","224.23K","1.52%"
"2016年9月6日","47.26","47.43","47.99","46.29","215.06K","-0.78%"
"2016年9月5日","47.63","46.70","49.40","46.40","287.95K","1.71%"
"2016年9月2日","46.83","45.79","47.02","45.41","279.34K","3.04%"
"2016年9月1日","45.45","46.98","47.24","45.32","290.04K","-3.38%"
"2016年8月31日","47.04","48.29","48.42","46.96","20.61K","-2.75%"
"2016年8月30日","48.37","49.25","49.76","48.23","124.52K","-1.81%"
"2016年8月29日","49.26","49.54","49.60","48.97","65.67K","-1.32%"
"2016年8月26日","49.92","49.66","50.76","49.12","209.62K","0.50%"
"2016年8月25日","49.67","49.03","49.78","48.70","217.13K","1.26%"
"2016年8月24日","49.05","49.57","49.87","48.68","280.92K","-1.82%"
"2016年8月23日","49.96","49.04","50.21","48.48","314.18K","1.63%"
"2016年8月22日","49.16","50.70","50.70","49.07","270.37K","-3.38%"
"2016年8月19日","50.88","50.96","51.22","50.32","252.34K","-0.02%"
"2016年8月18日","50.89","49.76","51.05","49.52","268.83K","2.09%"
"2016年8月17日","49.85","48.88","49.93","48.55","377.40K","1.26%"
"2016年8月16日","49.23","48.22","49.36","47.90","331.86K","1.82%"
"2016年8月15日","48.35","47.14","48.54","46.84","234.40K","2.94%"
"2016年8月12日","46.97","46.18","47.25","45.74","258.00K","2.02%"
"2016年8月11日","46.04","43.78","46.30","43.46","335.53K","4.52%"
"2016年8月10日","44.05","44.92","45.68","43.81","284.86K","-2.07%"
"2016年8月9日","44.98","45.25","45.77","44.76","216.22K","-0.90%"
"2016年8月8日","45.39","44.34","45.71","44.24","221.51K","2.53%"
"2016年8月5日","44.27","44.18","44.49","43.51","236.87K","-0.05%"
"2016年8月4日","44.29","43.36","44.34","42.51","276.42K","2.76%"
"2016年8月3日","43.10","41.94","43.47","41.56","320.44K","3.11%"
"2016年8月2日","41.80","42.23","43.18","41.51","262.56K","-0.81%"
"2016年8月1日","42.14","43.11","43.85","41.87","234.77K","-0.75%"
"2016年7月29日","42.46","42.61","42.83","41.80","21.54K","-0.56%"
"2016年7月28日","42.70","43.53","43.72","42.56","110.09K","-1.77%"
"2016年7月27日","43.47","44.55","44.91","43.27","194.57K","-3.12%"
"2016年7月26日","44.87","44.82","44.96","44.14","240.33K","0.34%"
"2016年7月25日","44.72","45.70","45.87","44.55","188.81K","-2.12%"
"2016年7月22日","45.69","46.21","46.50","45.17","243.49K","-1.10%"
"2016年7月21日","46.20","47.17","47.56","46.05","237.48K","-2.06%"
"2016年7月20日","47.17","46.76","47.49","45.90","296.30K","1.09%"
"2016年7月19日","46.66","46.93","47.49","46.53","214.36K","-0.64%"
"2016年7月18日","46.96","47.92","47.95","46.50","230.50K","-1.37%"
"2016年7月15日","47.61","47.03","48.25","46.65","260.43K","0.51%"
"2016年7月14日","47.37","46.59","47.47","46.34","289.40K","2.40%"
"2016年7月13日","46.26","48.13","48.20","46.09","299.80K","-4.56%"
"2016年7月12日","48.47","46.17","48.57","46.09","321.53K","4.80%"
"2016年7月11日","46.25","46.49","47.10","45.90","229.28K","-1.09%"
"2016年7月8日","46.76","46.60","47.23","46.15","237.28K","0.78%"
"2016年7月7日","46.40","49.12","49.59","46.15","328.10K","-4.92%"
"2016年7月6日","48.80","48.06","49.31","47.17","279.12K","1.75%"
"2016年7月5日","47.96","50.03","50.05","47.54","305.74K","-4.27%"
"2016年7月4日","50.10","50.60","50.75","50.03","113.45K","-0.50%"
"2016年7月1日","50.35","49.90","50.66","49.25","248.69K","1.35%"
"2016年6月30日","49.68","50.21","50.28","49.47","25.41K","-1.84%"
"2016年6月29日","50.61","48.84","50.74","48.62","112.96K","4.18%"
"2016年6月28日","48.58","47.61","48.79","47.47","173.18K","3.01%"
"2016年6月27日","47.16","48.43","48.90","46.69","243.26K","-2.58%"
"2016年6月24日","48.41","50.69","50.74","47.54","351.74K","-4.91%"
"2016年6月23日","50.91","50.14","51.18","49.89","246.95K","2.06%"
"2016年6月22日","49.88","51.06","51.24","49.18","282.72K","-1.46%"
"2016年6月21日","50.62","50.43","51.10","49.46","256.95K","-0.06%"
"2016年6月20日","50.65","49.42","50.68","49.24","244.41K","3.01%"
"2016年6月17日","49.17","47.28","49.40","47.25","222.73K","4.20%"
"2016年6月16日","47.19","48.56","48.77","46.94","287.30K","-3.63%"
"2016年6月15日","48.97","49.22","49.80","48.39","298.84K","-1.73%"
"2016年6月14日","49.83","49.89","50.05","49.20","224.01K","-1.03%"
"2016年6月13日","50.35","50.42","50.79","49.61","208.81K","-0.38%"
"2016年6月10日","50.54","51.91","52.10","50.33","210.06K","-2.71%"
"2016年6月9日","51.95","52.74","52.86","51.53","213.12K","-1.07%"
"2016年6月8日","52.51","51.41","52.80","51.32","260.75K","2.08%"
"2016年6月7日","51.44","50.46","51.54","50.28","208.82K","1.76%"
"2016年6月6日","50.55","49.83","50.83","49.72","223.76K","1.83%"
"2016年6月3日","49.64","49.95","50.33","49.30","227.82K","-0.80%"
"2016年6月2日","50.04","49.63","50.30","48.84","270.12K","0.64%"
"2016年6月1日","49.72","49.65","50.00","48.65","266.00K","0.06%"
"2016年5月31日","49.69","49.70","50.05","49.23","28.69K","-0.14%"
"2016年5月30日","49.76","49.43","49.83","48.92","23.09K","0.89%"
"2016年5月27日","49.32","49.42","49.55","48.69","130.18K","-0.54%"
"2016年5月26日","49.59","49.76","50.51","49.25","221.26K","-0.30%"
"2016年5月25日","49.74","49.16","49.96","48.91","237.79K","2.32%"
"2016年5月24日","48.61","48.35","49.24","47.80","211.58K","0.54%"
"2016年5月23日","48.35","48.72","48.84","47.58","225.09K","-0.76%"
"2016年5月20日","48.72","48.90","49.39","48.07","255.58K","-0.18%"
"2016年5月19日","48.81","48.67","48.88","47.38","302.10K","-0.25%"
"2016年5月18日","48.93","49.36","49.85","48.45","319.81K","-0.71%"
"2016年5月17日","49.28","49.03","49.75","48.57","262.32K","0.63%"
"2016年5月16日","48.97","47.80","49.47","47.77","294.38K","2.38%"
"2016年5月13日","47.83","47.85","48.12","47.26","239.05K","-0.52%"
"2016年5月12日","48.08","47.32","48.19","46.80","353.85K","1.01%"
"2016年5月11日","47.60","45.59","47.75","44.80","381.74K","4.57%"
"2016年5月10日","45.52","43.49","45.70","43.33","343.21K","4.33%"
"2016年5月9日","43.63","45.75","46.48","43.43","364.58K","-3.84%"
"2016年5月6日","45.37","45.16","46.12","44.19","283.65K","0.80%"
"2016年5月5日","45.01","45.08","46.77","44.65","280.79K","0.87%"
"2016年5月4日","44.62","45.21","46.01","44.19","293.82K","-0.78%"
"2016年5月3日","44.97","45.80","46.40","44.62","276.40K","-1.88%"
"2016年5月2日","45.83","47.37","47.40","45.72","168.09K","-4.78%"
"2016年4月29日","48.13","47.90","48.50","47.41","29.52K","-0.02%"
"2016年4月28日","48.14","47.10","48.19","46.74","113.08K","2.03%"
"2016年4月27日","47.18","46.26","47.45","45.63","150.79K","3.15%"
"2016年4月26日","45.74","44.69","46.49","44.36","199.24K","2.83%"
"2016年4月25日","44.48","45.13","45.59","44.26","211.68K","-1.40%"
"2016年4月22日","45.11","44.75","45.90","44.30","272.85K","1.30%"
"2016年4月21日","44.53","45.54","46.18","44.44","312.60K","-2.77%"
"2016年4月20日","45.80","43.52","45.88","42.81","297.26K","4.02%"
"2016年4月19日","44.03","43.14","44.50","42.60","355.95K","2.61%"
"2016年4月18日","42.91","41.80","43.43","40.10","383.37K","-0.44%"
"2016年4月15日","43.10","43.80","44.05","42.28","285.17K","-1.69%"
"2016年4月14日","43.84","44.01","44.62","43.29","234.37K","-0.77%"
"2016年4月13日","44.18","44.44","44.94","43.76","348.59K","-1.14%"
"2016年4月12日","44.69","42.70","44.81","42.56","357.35K","4.34%"
"2016年4月11日","42.83","42.00","43.06","41.41","279.92K","2.12%"
"2016年4月8日","41.94","39.68","42.01","39.62","340.22K","6.37%"
"2016年4月7日","39.43","39.90","40.29","38.70","308.72K","-1.03%"
"2016年4月6日","39.84","38.40","39.94","38.34","323.37K","5.20%"
"2016年4月5日","37.87","37.50","38.44","37.27","296.45K","0.48%"
"2016年4月4日","37.69","38.69","38.92","37.50","286.65K","-2.53%"
"2016年4月1日","38.67","40.14","40.43","38.55","286.17K","-2.35%"
"2016年3月31日","39.60","39.12","40.00","38.74","27.80K","0.87%"
"2016年3月30日","39.26","39.42","40.61","39.09","103.12K","0.31%"
"2016年3月29日","39.14","40.19","40.25","38.76","149.53K","-2.81%"
"2016年3月28日","40.27","40.58","41.00","39.64","78.63K","-0.42%"
"2016年3月24日","40.44","40.40","40.64","39.22","203.28K","-0.07%"
"2016年3月23日","40.47","41.56","41.82","40.42","240.91K","-3.16%"
"2016年3月22日","41.79","41.47","42.08","40.97","268.21K","0.60%"
"2016年3月21日","41.54","41.31","41.88","40.48","234.10K","0.83%"
"2016年3月18日","41.20","41.38","42.54","41.07","286.65K","-0.82%"
"2016年3月17日","41.54","40.45","41.60","40.41","249.23K","3.00%"
"2016年3月16日","40.33","39.14","40.44","38.83","263.87K","4.10%"
"2016年3月15日","38.74","39.67","39.74","38.32","224.36K","-2.00%"
"2016年3月14日","39.53","40.25","40.65","38.82","264.71K","-2.13%"
"2016年3月11日","40.39","40.33","41.03","40.02","276.65K","0.85%"
"2016年3月10日","40.05","40.89","41.01","39.63","287.78K","-2.48%"
"2016年3月9日","41.07","39.65","41.18","39.39","333.49K","3.58%"
"2016年3月8日","39.65","40.71","41.48","39.31","352.25K","-2.91%"