date,sonw(accumulated)
2010/1/1,27
2010/1/2,29
2010/1/3,27
2010/1/4,31
2010/1/5,31
2010/1/6,31
2010/1/7,30
2010/1/8,37
2010/1/9,36
2010/1/10,36
2010/1/11,34
2010/1/12,35
2010/1/13,48
2010/1/14,47
2010/1/15,46
2010/1/16,55
2010/1/17,64
2010/1/18,58
2010/1/19,53
2010/1/20,51
2010/1/21,59
2010/1/22,52
2010/1/23,49
2010/1/24,49
2010/1/25,47
2010/1/26,47
2010/1/27,46
2010/1/28,46
2010/1/29,48
2010/1/30,48
2010/1/31,52
2010/2/1,52
2010/2/2,49
2010/2/3,50
2010/2/4,49
2010/2/5,50
2010/2/6,62
2010/2/7,63
2010/2/8,62
2010/2/9,60
2010/2/10,58
2010/2/11,58
2010/2/12,62
2010/2/13,63
2010/2/14,62
2010/2/15,61
2010/2/16,79
2010/2/17,79
2010/2/18,71
2010/2/19,72
2010/2/20,70
2010/2/21,70
2010/2/22,67
2010/2/23,66
2010/2/24,61
2010/2/25,56
2010/2/26,49
2010/2/27,44
2010/2/28,47
2010/3/1,50
2010/3/2,47
2010/3/3,49
2010/3/4,47
2010/3/5,56
2010/3/6,49
2010/3/7,61
2010/3/8,58
2010/3/9,50
2010/3/10,50
2010/3/11,49
2010/3/12,47
2010/3/13,44
2010/3/14,44
2010/3/15,41
2010/3/16,39
2010/3/17,37
2010/3/18,37
2010/3/19,34
2010/3/20,33
2010/3/21,29
2010/3/22,29
2010/3/23,26
2010/3/24,26
2010/3/25,25
2010/3/26,26
2010/3/27,31
2010/3/28,30
2010/3/29,30
2010/3/30,26
2010/3/31,22
2010/4/1,19
2010/4/2,10
2010/4/3,3
2010/4/4,1
2010/4/5,0
2010/4/6,0
2010/4/7,0
2010/4/8,0
2010/4/9,0
2010/4/10,0
2010/4/11,0
2010/4/12,0
2010/4/13,0
2010/4/14,0
2010/4/15,0
2010/4/16,0
2010/4/17,0
2010/4/18,0
2010/4/19,0
2010/4/20,0
2010/4/21,0
2010/4/22,0
2010/4/23,0
2010/4/24,0
2010/4/25,0
2010/4/26,0
2010/4/27,0
2010/4/28,0
2010/4/29,0
2010/4/30,0
2010/5/1,0
2010/5/2,0
2010/5/3,0
2010/5/4,0
2010/5/5,0
2010/5/6,0
2010/5/7,0
2010/5/8,0
2010/5/9,0
2010/5/10,0
2010/5/11,0
2010/5/12,0
2010/5/13,0
2010/5/14,0
2010/5/15,0
2010/5/16,0
2010/5/17,0
2010/5/18,0
2010/5/19,0
2010/5/20,0
2010/5/21,0
2010/5/22,0
2010/5/23,0
2010/5/24,0
2010/5/25,0
2010/5/26,0
2010/5/27,0
2010/5/28,0
2010/5/29,0
2010/5/30,0
2010/5/31,0
2010/6/1,0
2010/6/2,0
2010/6/3,0
2010/6/4,0
2010/6/5,0
2010/6/6,0
2010/6/7,0
2010/6/8,0
2010/6/9,0
2010/6/10,0
2010/6/11,0
2010/6/12,0
2010/6/13,0
2010/6/14,0
2010/6/15,0
2010/6/16,0
2010/6/17,0
2010/6/18,0
2010/6/19,0
2010/6/20,0
2010/6/21,0
2010/6/22,0
2010/6/23,0
2010/6/24,0
2010/6/25,0
2010/6/26,0
2010/6/27,0
2010/6/28,0
2010/6/29,0
2010/6/30,0
2010/7/1,0
2010/7/2,0
2010/7/3,0
2010/7/4,0
2010/7/5,0
2010/7/6,0
2010/7/7,0
2010/7/8,0
2010/7/9,0
2010/7/10,0
2010/7/11,0
2010/7/12,0
2010/7/13,0
2010/7/14,0
2010/7/15,0
2010/7/16,0
2010/7/17,0
2010/7/18,0
2010/7/19,0
2010/7/20,0
2010/7/21,0
2010/7/22,0
2010/7/23,0
2010/7/24,0
2010/7/25,0
2010/7/26,0
2010/7/27,0
2010/7/28,0
2010/7/29,0
2010/7/30,0
2010/7/31,0
2010/8/1,0
2010/8/2,0
2010/8/3,0
2010/8/4,0
2010/8/5,0
2010/8/6,0
2010/8/7,0
2010/8/8,0
2010/8/9,0
2010/8/10,0
2010/8/11,0
2010/8/12,0
2010/8/13,0
2010/8/14,0
2010/8/15,0
2010/8/16,0
2010/8/17,0
2010/8/18,0
2010/8/19,0
2010/8/20,0
2010/8/21,0
2010/8/22,0
2010/8/23,0
2010/8/24,0
2010/8/25,0
2010/8/26,0
2010/8/27,0
2010/8/28,0
2010/8/29,0
2010/8/30,0
2010/8/31,0
2010/9/1,0
2010/9/2,0
2010/9/3,0
2010/9/4,0
2010/9/5,0
2010/9/6,0
2010/9/7,0
2010/9/8,0
2010/9/9,0
2010/9/10,0
2010/9/11,0
2010/9/12,0
2010/9/13,0
2010/9/14,0
2010/9/15,0
2010/9/16,0
2010/9/17,0
2010/9/18,0
2010/9/19,0
2010/9/20,0
2010/9/21,0
2010/9/22,0
2010/9/23,0
2010/9/24,0
2010/9/25,0
2010/9/26,0
2010/9/27,0
2010/9/28,0
2010/9/29,0
2010/9/30,0
2010/10/1,0
2010/10/2,0
2010/10/3,0
2010/10/4,0
2010/10/5,0
2010/10/6,0
2010/10/7,0
2010/10/8,0
2010/10/9,0
2010/10/10,0
2010/10/11,0
2010/10/12,0
2010/10/13,0
2010/10/14,0
2010/10/15,0
2010/10/16,0
2010/10/17,0
2010/10/18,0
2010/10/19,0
2010/10/20,0
2010/10/21,0
2010/10/22,0
2010/10/23,0
2010/10/24,0
2010/10/25,0
2010/10/26,4
2010/10/27,7
2010/10/28,3
2010/10/29,0
2010/10/30,0
2010/10/31,0
2010/11/1,0
2010/11/2,0
2010/11/3,0
2010/11/4,0
2010/11/5,0
2010/11/6,0
2010/11/7,0
2010/11/8,0
2010/11/9,0
2010/11/10,0
2010/11/11,0
2010/11/12,0
2010/11/13,0
2010/11/14,0
2010/11/15,0
2010/11/16,0
2010/11/17,0
2010/11/18,0
2010/11/19,0
2010/11/20,0
2010/11/21,0
2010/11/22,0
2010/11/23,0
2010/11/24,0
2010/11/25,0
2010/11/26,0
2010/11/27,0
2010/11/28,0
2010/11/29,16
2010/11/30,17
2010/12/1,12
2010/12/2,3
2010/12/3,0
2010/12/4,0
2010/12/5,0
2010/12/6,0
2010/12/7,0
2010/12/8,0
2010/12/9,0
2010/12/10,0
2010/12/11,0
2010/12/12,4
2010/12/13,3
2010/12/14,4
2010/12/15,4
2010/12/16,3
2010/12/17,2
2010/12/18,14
2010/12/19,13
2010/12/20,10
2010/12/21,3
2010/12/22,8
2010/12/23,11
2010/12/24,10
2010/12/25,10
2010/12/26,10
2010/12/27,10
2010/12/28,10
2010/12/29,20
2010/12/30,20
2010/12/31,17
2011/1/1,17
2011/1/2,20
2011/1/3,20
2011/1/4,21
2011/1/5,21
2011/1/6,37
2011/1/7,53
2011/1/8,58
2011/1/9,61
2011/1/10,60
2011/1/11,57
2011/1/12,59
2011/1/13,65
2011/1/14,60
2011/1/15,59
2011/1/16,61
2011/1/17,76
2011/1/18,75
2011/1/19,70
2011/1/20,66
2011/1/21,72
2011/1/22,68
2011/1/23,65
2011/1/24,65
2011/1/25,62
2011/1/26,61
2011/1/27,61
2011/1/28,60
2011/1/29,59
2011/1/30,65
2011/1/31,65
2011/2/1,85
2011/2/2,82
2011/2/3,76
2011/2/4,72
2011/2/5,69
2011/2/6,66
2011/2/7,71
2011/2/8,69
2011/2/9,68
2011/2/10,82
2011/2/11,81
2011/2/12,73
2011/2/13,85
2011/2/14,87
2011/2/15,82
2011/2/16,80
2011/2/17,76
2011/2/18,74
2011/2/19,82
2011/2/20,82
2011/2/21,76
2011/2/22,73
2011/2/23,70
2011/2/24,67
2011/2/25,63
2011/2/26,64
2011/2/27,64
2011/2/28,64
2011/3/1,63
2011/3/2,69
2011/3/3,90
2011/3/4,92
2011/3/5,87
2011/3/6,80
2011/3/7,74
2011/3/8,72
2011/3/9,75
2011/3/10,86
2011/3/11,81
2011/3/12,78
2011/3/13,74
2011/3/14,68
2011/3/15,72
2011/3/16,69
2011/3/17,76
2011/3/18,76
2011/3/19,69
2011/3/20,64
2011/3/21,61
2011/3/22,63
2011/3/23,59
2011/3/24,59
2011/3/25,59
2011/3/26,57
2011/3/27,55
2011/3/28,53
2011/3/29,47
2011/3/30,42
2011/3/31,35
2011/4/1,30
2011/4/2,25
2011/4/3,28
2011/4/4,27
2011/4/5,20
2011/4/6,12
2011/4/7,6
2011/4/8,0
2011/4/9,0
2011/4/10,0
2011/4/11,0
2011/4/12,0
2011/4/13,0
2011/4/14,0
2011/4/15,0
2011/4/16,0
2011/4/17,0
2011/4/18,0
2011/4/19,0
2011/4/20,0
2011/4/21,0
2011/4/22,0
2011/4/23,0
2011/4/24,0
2011/4/25,0
2011/4/26,0
2011/4/27,0
2011/4/28,0
2011/4/29,0
2011/4/30,0
2011/5/1,0
2011/5/2,0
2011/5/3,0
2011/5/4,0
2011/5/5,0
2011/5/6,0
2011/5/7,0
2011/5/8,0
2011/5/9,0
2011/5/10,0
2011/5/11,0
2011/5/12,0
2011/5/13,0
2011/5/14,0
2011/5/15,0
2011/5/16,0
2011/5/17,0
2011/5/18,0
2011/5/19,0
2011/5/20,0
2011/5/21,0
2011/5/22,0
2011/5/23,0
2011/5/24,0
2011/5/25,0
2011/5/26,0
2011/5/27,0
2011/5/28,0
2011/5/29,0
2011/5/30,0
2011/5/31,0
2011/6/1,0
2011/6/2,0
2011/6/3,0
2011/6/4,0
2011/6/5,0
2011/6/6,0
2011/6/7,0
2011/6/8,0
2011/6/9,0
2011/6/10,0
2011/6/11,0
2011/6/12,0
2011/6/13,0
2011/6/14,0
2011/6/15,0
2011/6/16,0
2011/6/17,0
2011/6/18,0
2011/6/19,0
2011/6/20,0
2011/6/21,0
2011/6/22,0
2011/6/23,0
2011/6/24,0
2011/6/25,0
2011/6/26,0
2011/6/27,0
2011/6/28,0
2011/6/29,0
2011/6/30,0
2011/7/1,0
2011/7/2,0
2011/7/3,0
2011/7/4,0
2011/7/5,0
2011/7/6,0
2011/7/7,0
2011/7/8,0
2011/7/9,0
2011/7/10,0
2011/7/11,0
2011/7/12,0
2011/7/13,0
2011/7/14,0
2011/7/15,0
2011/7/16,0
2011/7/17,0
2011/7/18,0
2011/7/19,0
2011/7/20,0
2011/7/21,0
2011/7/22,0
2011/7/23,0
2011/7/24,0
2011/7/25,0
2011/7/26,0
2011/7/27,0
2011/7/28,0
2011/7/29,0
2011/7/30,0
2011/7/31,0
2011/8/1,0
2011/8/2,0
2011/8/3,0
2011/8/4,0
2011/8/5,0
2011/8/6,0
2011/8/7,0
2011/8/8,0
2011/8/9,0
2011/8/10,0
2011/8/11,0
2011/8/12,0
2011/8/13,0
2011/8/14,0
2011/8/15,0
2011/8/16,0
2011/8/17,0
2011/8/18,0
2011/8/19,0
2011/8/20,0
2011/8/21,0
2011/8/22,0
2011/8/23,0
2011/8/24,0
2011/8/25,0
2011/8/26,0
2011/8/27,0
2011/8/28,0
2011/8/29,0
2011/8/30,0
2011/8/31,0
2011/9/1,0
2011/9/2,0
2011/9/3,0
2011/9/4,0
2011/9/5,0
2011/9/6,0
2011/9/7,0
2011/9/8,0
2011/9/9,0
2011/9/10,0
2011/9/11,0
2011/9/12,0
2011/9/13,0
2011/9/14,0
2011/9/15,0
2011/9/16,0
2011/9/17,0
2011/9/18,0
2011/9/19,0
2011/9/20,0
2011/9/21,0
2011/9/22,0
2011/9/23,0
2011/9/24,0
2011/9/25,0
2011/9/26,0
2011/9/27,0
2011/9/28,0
2011/9/29,0
2011/9/30,0
2011/10/1,0
2011/10/2,0
2011/10/3,0
2011/10/4,0
2011/10/5,0
2011/10/6,0
2011/10/7,0
2011/10/8,0
2011/10/9,0
2011/10/10,0
2011/10/11,0
2011/10/12,0
2011/10/13,0
2011/10/14,0
2011/10/15,0
2011/10/16,0
2011/10/17,0
2011/10/18,0
2011/10/19,0
2011/10/20,0
2011/10/21,0
2011/10/22,0
2011/10/23,0
2011/10/24,0
2011/10/25,0
2011/10/26,0
2011/10/27,0
2011/10/28,0
2011/10/29,0
2011/10/30,0
2011/10/31,0
2011/11/1,0
2011/11/2,0
2011/11/3,0
2011/11/4,0
2011/11/5,0
2011/11/6,0
2011/11/7,0
2011/11/8,0
2011/11/9,0
2011/11/10,0
2011/11/11,0
2011/11/12,0
2011/11/13,0
2011/11/14,0
2011/11/15,0
2011/11/16,1
2011/11/17,10
2011/11/18,2
2011/11/19,0
2011/11/20,2
2011/11/21,7
2011/11/22,3
2011/11/23,0
2011/11/24,0
2011/11/25,0
2011/11/26,0
2011/11/27,0
2011/11/28,0
2011/11/29,0
2011/11/30,8
2011/12/1,5
2011/12/2,7
2011/12/3,19
2011/12/4,19
2011/12/5,13
2011/12/6,12
2011/12/7,10
2011/12/8,10
2011/12/9,15
2011/12/10,13
2011/12/11,17
2011/12/12,18
2011/12/13,22
2011/12/14,17
2011/12/15,15
2011/12/16,15
2011/12/17,16
2011/12/18,16
2011/12/19,17
2011/12/20,18
2011/12/21,17
2011/12/22,32
2011/12/23,33
2011/12/24,30
2011/12/25,29
2011/12/26,41
2011/12/27,44
2011/12/28,42
2011/12/29,49
2011/12/30,46
2011/12/31,43
2012/1/1,43
2012/1/2,45
2012/1/3,46
2012/1/4,49
2012/1/5,53
2012/1/6,61
2012/1/7,59
2012/1/8,56
2012/1/9,59
2012/1/10,70
2012/1/11,68
2012/1/12,66
2012/1/13,61
2012/1/14,58
2012/1/15,56
2012/1/16,56
2012/1/17,56
2012/1/18,54
2012/1/19,52
2012/1/20,51
2012/1/21,50
2012/1/22,50
2012/1/23,56
2012/1/24,55
2012/1/25,52
2012/1/26,51
2012/1/27,54
2012/1/28,57
2012/1/29,64
2012/1/30,63
2012/1/31,59
2012/2/1,58
2012/2/2,63
2012/2/3,64
2012/2/4,65
2012/2/5,63
2012/2/6,60
2012/2/7,58
2012/2/8,57
2012/2/9,55
2012/2/10,57
2012/2/11,60
2012/2/12,58
2012/2/13,59
2012/2/14,57
2012/2/15,58
2012/2/16,61
2012/2/17,58
2012/2/18,65
2012/2/19,68
2012/2/20,64
2012/2/21,65
2012/2/22,62
2012/2/23,67
2012/2/24,76
2012/2/25,71
2012/2/26,74
2012/2/27,73
2012/2/28,71
2012/2/29,70
2012/3/1,65
2012/3/2,62
2012/3/3,68
2012/3/4,70
2012/3/5,67
2012/3/6,68
2012/3/7,61
2012/3/8,61
2012/3/9,59
2012/3/10,56
2012/3/11,54
2012/3/12,53
2012/3/13,57
2012/3/14,52
2012/3/15,52
2012/3/16,50
2012/3/17,47
2012/3/18,52
2012/3/19,52
2012/3/20,51
2012/3/21,49
2012/3/22,44
2012/3/23,44
2012/3/24,48
2012/3/25,50
2012/3/26,49
2012/3/27,50
2012/3/28,43
2012/3/29,39
2012/3/30,31
2012/3/31,19
2012/4/1,20
2012/4/2,18
2012/4/3,18
2012/4/4,23
2012/4/5,23
2012/4/6,21
2012/4/7,23
2012/4/8,23
2012/4/9,17
2012/4/10,10
2012/4/11,2
2012/4/12,0
2012/4/13,0
2012/4/14,0
2012/4/15,0
2012/4/16,0
2012/4/17,0
2012/4/18,0
2012/4/19,0
2012/4/20,0
2012/4/21,0
2012/4/22,0
2012/4/23,0
2012/4/24,0
2012/4/25,0
2012/4/26,0
2012/4/27,0
2012/4/28,0
2012/4/29,0
2012/4/30,0
2012/5/1,0
2012/5/2,0
2012/5/3,0
2012/5/4,0
2012/5/5,0
2012/5/6,0
2012/5/7,0
2012/5/8,0
2012/5/9,0
2012/5/10,0
2012/5/11,0
2012/5/12,0
2012/5/13,0
2012/5/14,0
2012/5/15,0
2012/5/16,0
2012/5/17,0
2012/5/18,0
2012/5/19,0
2012/5/20,0
2012/5/21,0
2012/5/22,0
2012/5/23,0
2012/5/24,0
2012/5/25,0
2012/5/26,0
2012/5/27,0
2012/5/28,0
2012/5/29,0
2012/5/30,0
2012/5/31,0
2012/6/1,0
2012/6/2,0
2012/6/3,0
2012/6/4,0
2012/6/5,0
2012/6/6,0
2012/6/7,0
2012/6/8,0
2012/6/9,0
2012/6/10,0
2012/6/11,0
2012/6/12,0
2012/6/13,0
2012/6/14,0
2012/6/15,0
2012/6/16,0
2012/6/17,0
2012/6/18,0
2012/6/19,0
2012/6/20,0
2012/6/21,0
2012/6/22,0
2012/6/23,0
2012/6/24,0
2012/6/25,0
2012/6/26,0
2012/6/27,0
2012/6/28,0
2012/6/29,0
2012/6/30,0
2012/7/1,0
2012/7/2,0
2012/7/3,0
2012/7/4,0
2012/7/5,0
2012/7/6,0
2012/7/7,0
2012/7/8,0
2012/7/9,0
2012/7/10,0
2012/7/11,0
2012/7/12,0
2012/7/13,0
2012/7/14,0
2012/7/15,0
2012/7/16,0
2012/7/17,0
2012/7/18,0
2012/7/19,0
2012/7/20,0
2012/7/21,0
2012/7/22,0
2012/7/23,0
2012/7/24,0
2012/7/25,0
2012/7/26,0
2012/7/27,0
2012/7/28,0
2012/7/29,0
2012/7/30,0
2012/7/31,0
2012/8/1,0
2012/8/2,0
2012/8/3,0
2012/8/4,0
2012/8/5,0
2012/8/6,0
2012/8/7,0
2012/8/8,0
2012/8/9,0
2012/8/10,0
2012/8/11,0
2012/8/12,0
2012/8/13,0
2012/8/14,0
2012/8/15,0
2012/8/16,0
2012/8/17,0
2012/8/18,0
2012/8/19,0
2012/8/20,0
2012/8/21,0
2012/8/22,0
2012/8/23,0
2012/8/24,0
2012/8/25,0
2012/8/26,0
2012/8/27,0
2012/8/28,0
2012/8/29,0
2012/8/30,0
2012/8/31,0
2012/9/1,0
2012/9/2,0
2012/9/3,0
2012/9/4,0
2012/9/5,0
2012/9/6,0
2012/9/7,0
2012/9/8,0
2012/9/9,0
2012/9/10,0
2012/9/11,0
2012/9/12,0
2012/9/13,0
2012/9/14,0
2012/9/15,0
2012/9/16,0
2012/9/17,0
2012/9/18,0
2012/9/19,0
2012/9/20,0
2012/9/21,0
2012/9/22,0
2012/9/23,0
2012/9/24,0
2012/9/25,0
2012/9/26,0
2012/9/27,0
2012/9/28,0
2012/9/29,0
2012/9/30,0
2012/10/1,0
2012/10/2,0
2012/10/3,0
2012/10/4,0
2012/10/5,0
2012/10/6,0
2012/10/7,0
2012/10/8,0
2012/10/9,0
2012/10/10,0
2012/10/11,0
2012/10/12,0
2012/10/13,0
2012/10/14,0
2012/10/15,0
2012/10/16,0
2012/10/17,0
2012/10/18,0
2012/10/19,0
2012/10/20,0
2012/10/21,0
2012/10/22,0
2012/10/23,0
2012/10/24,0
2012/10/25,0
2012/10/26,0
2012/10/27,0
2012/10/28,0
2012/10/29,0
2012/10/30,0
2012/10/31,0
2012/11/1,0
2012/11/2,0
2012/11/3,0
2012/11/4,0
2012/11/5,0
2012/11/6,0
2012/11/7,0
2012/11/8,0
2012/11/9,0
2012/11/10,0
2012/11/11,0
2012/11/12,0
2012/11/13,0
2012/11/14,0
2012/11/15,0
2012/11/16,0
2012/11/17,0
2012/11/18,1
2012/11/19,1
2012/11/20,0
2012/11/21,0
2012/11/22,0
2012/11/23,1
2012/11/24,0
2012/11/25,0
2012/11/26,0
2012/11/27,8
2012/11/28,6
2012/11/29,0
2012/11/30,1
2012/12/1,23
2012/12/2,24
2012/12/3,18
2012/12/4,11
2012/12/5,4
2012/12/6,11
2012/12/7,11
2012/12/8,32
2012/12/9,31
2012/12/10,27
2012/12/11,39
2012/12/12,63
2012/12/13,67
2012/12/14,58
2012/12/15,55
2012/12/16,68
2012/12/17,59
2012/12/18,87
2012/12/19,84
2012/12/20,76
2012/12/21,70
2012/12/22,70
2012/12/23,72
2012/12/24,74
2012/12/25,71
2012/12/26,81
2012/12/27,73
2012/12/28,71
2012/12/29,67
2012/12/30,65
2012/12/31,60
2013/1/1,60
2013/1/2,58
2013/1/3,57
2013/1/4,58
2013/1/5,58
2013/1/6,61
2013/1/7,59
2013/1/8,57
2013/1/9,57
2013/1/10,57
2013/1/11,56
2013/1/12,56
2013/1/13,62
2013/1/14,59
2013/1/15,69
2013/1/16,69
2013/1/17,75
2013/1/18,81
2013/1/19,83
2013/1/20,92
2013/1/21,92
2013/1/22,89
2013/1/23,90
2013/1/24,96
2013/1/25,97
2013/1/26,86
2013/1/27,89
2013/1/28,90
2013/1/29,96
2013/1/30,97
2013/1/31,94
2013/2/1,91
2013/2/2,85
2013/2/3,73
2013/2/4,81
2013/2/5,87
2013/2/6,82
2013/2/7,101
2013/2/8,104
2013/2/9,110
2013/2/10,105
2013/2/11,100
2013/2/12,97
2013/2/13,96
2013/2/14,106
2013/2/15,103
2013/2/16,116
2013/2/17,128
2013/2/18,119
2013/2/19,120
2013/2/20,117
2013/2/21,120
2013/2/22,114
2013/2/23,110
2013/2/24,119
2013/2/25,137
2013/2/26,136
2013/2/27,123
2013/2/28,118
2013/3/1,115
2013/3/2,112
2013/3/3,120
2013/3/4,120
2013/3/5,114
2013/3/6,112
2013/3/7,110
2013/3/8,115
2013/3/9,130
2013/3/10,129
2013/3/11,131
2013/3/12,125
2013/3/13,117
2013/3/14,114
2013/3/15,110
2013/3/16,114
2013/3/17,113
2013/3/18,106
2013/3/19,100
2013/3/20,107
2013/3/21,117
2013/3/22,109
2013/3/23,100
2013/3/24,97
2013/3/25,95
2013/3/26,95
2013/3/27,92
2013/3/28,87
2013/3/29,82
2013/3/30,82
2013/3/31,78
2013/4/1,76
2013/4/2,71
2013/4/3,67
2013/4/4,60
2013/4/5,52
2013/4/6,47
2013/4/7,36
2013/4/8,23
2013/4/9,17
2013/4/10,12
2013/4/11,10
2013/4/12,3
2013/4/13,0
2013/4/14,0
2013/4/15,0
2013/4/16,0
2013/4/17,0
2013/4/18,0
2013/4/19,1
2013/4/20,0
2013/4/21,0
2013/4/22,0
2013/4/23,0
2013/4/24,0
2013/4/25,0
2013/4/26,0
2013/4/27,0
2013/4/28,0
2013/4/29,0
2013/4/30,0
2013/5/1,0
2013/5/2,0
2013/5/3,0
2013/5/4,0
2013/5/5,0
2013/5/6,0
2013/5/7,0
2013/5/8,0
2013/5/9,0
2013/5/10,0
2013/5/11,0
2013/5/12,0
2013/5/13,0
2013/5/14,0
2013/5/15,0
2013/5/16,0
2013/5/17,0
2013/5/18,0
2013/5/19,0
2013/5/20,0
2013/5/21,0
2013/5/22,0
2013/5/23,0
2013/5/24,0
2013/5/25,0
2013/5/26,0
2013/5/27,0
2013/5/28,0
2013/5/29,0
2013/5/30,0
2013/5/31,0
2013/6/1,0
2013/6/2,0
2013/6/3,0
2013/6/4,0
2013/6/5,0
2013/6/6,0
2013/6/7,0
2013/6/8,0
2013/6/9,0
2013/6/10,0
2013/6/11,0
2013/6/12,0
2013/6/13,0
2013/6/14,0
2013/6/15,0
2013/6/16,0
2013/6/17,0
2013/6/18,0
2013/6/19,0
2013/6/20,0
2013/6/21,0
2013/6/22,0
2013/6/23,0
2013/6/24,0
2013/6/25,0
2013/6/26,0
2013/6/27,0
2013/6/28,0
2013/6/29,0
2013/6/30,0
2013/7/1,0
2013/7/2,0
2013/7/3,0
2013/7/4,0
2013/7/5,0
2013/7/6,0
2013/7/7,0
2013/7/8,0
2013/7/9,0
2013/7/10,0
2013/7/11,0
2013/7/12,0
2013/7/13,0
2013/7/14,0
2013/7/15,0
2013/7/16,0
2013/7/17,0
2013/7/18,0
2013/7/19,0
2013/7/20,0
2013/7/21,0
2013/7/22,0
2013/7/23,0
2013/7/24,0
2013/7/25,0
2013/7/26,0
2013/7/27,0
2013/7/28,0
2013/7/29,0
2013/7/30,0
2013/7/31,0
2013/8/1,0
2013/8/2,0
2013/8/3,0
2013/8/4,0
2013/8/5,0
2013/8/6,0
2013/8/7,0
2013/8/8,0
2013/8/9,0
2013/8/10,0
2013/8/11,0
2013/8/12,0
2013/8/13,0
2013/8/14,0
2013/8/15,0
2013/8/16,0
2013/8/17,0
2013/8/18,0
2013/8/19,0
2013/8/20,0
2013/8/21,0
2013/8/22,0
2013/8/23,0
2013/8/24,0
2013/8/25,0
2013/8/26,0
2013/8/27,0
2013/8/28,0
2013/8/29,0
2013/8/30,0
2013/8/31,0
2013/9/1,0
2013/9/2,0
2013/9/3,0
2013/9/4,0
2013/9/5,0
2013/9/6,0
2013/9/7,0
2013/9/8,0
2013/9/9,0
2013/9/10,0
2013/9/11,0
2013/9/12,0
2013/9/13,0
2013/9/14,0
2013/9/15,0
2013/9/16,0
2013/9/17,0
2013/9/18,0
2013/9/19,0
2013/9/20,0
2013/9/21,0
2013/9/22,0
2013/9/23,0
2013/9/24,0
2013/9/25,0
2013/9/26,0
2013/9/27,0
2013/9/28,0
2013/9/29,0
2013/9/30,0
2013/10/1,0
2013/10/2,0
2013/10/3,0
2013/10/4,0
2013/10/5,0
2013/10/6,0
2013/10/7,0
2013/10/8,0
2013/10/9,0
2013/10/10,0
2013/10/11,0
2013/10/12,0
2013/10/13,0
2013/10/14,0
2013/10/15,0
2013/10/16,0
2013/10/17,0
2013/10/18,0
2013/10/19,0
2013/10/20,0
2013/10/21,0
2013/10/22,0
2013/10/23,0
2013/10/24,0
2013/10/25,0
2013/10/26,0
2013/10/27,0
2013/10/28,0
2013/10/29,0
2013/10/30,0
2013/10/31,0
2013/11/1,0
2013/11/2,0
2013/11/3,0
2013/11/4,0
2013/11/5,0
2013/11/6,0
2013/11/7,0
2013/11/8,0
2013/11/9,0
2013/11/10,0
2013/11/11,5
2013/11/12,3
2013/11/13,2
2013/11/14,0
2013/11/15,0
2013/11/16,0
2013/11/17,0
2013/11/18,0
2013/11/19,0
2013/11/20,0
2013/11/21,0
2013/11/22,0
2013/11/23,0
2013/11/24,0
2013/11/25,0
2013/11/26,0
2013/11/27,1
2013/11/28,11
2013/11/29,8
2013/11/30,6
2013/12/1,5
2013/12/2,6
2013/12/3,4
2013/12/4,3
2013/12/5,2
2013/12/6,0
2013/12/7,0
2013/12/8,3
2013/12/9,1
2013/12/10,0
2013/12/11,0
2013/12/12,1
2013/12/13,18
2013/12/14,17
2013/12/15,18
2013/12/16,13
2013/12/17,8
2013/12/18,6
2013/12/19,6
2013/12/20,6
2013/12/21,6
2013/12/22,27
2013/12/23,32
2013/12/24,29
2013/12/25,30
2013/12/26,27
2013/12/27,25
2013/12/28,35
2013/12/29,42
2013/12/30,52
2013/12/31,50
2014/1/1,57
2014/1/2,56
2014/1/3,50
2014/1/4,65
2014/1/5,64
2014/1/6,60
2014/1/7,56
2014/1/8,53
2014/1/9,50
2014/1/10,49
2014/1/11,47
2014/1/12,54
2014/1/13,63
2014/1/14,60
2014/1/15,55
2014/1/16,53
2014/1/17,63
2014/1/18,60
2014/1/19,59
2014/1/20,61
2014/1/21,66
2014/1/22,71
2014/1/23,75
2014/1/24,69
2014/1/25,62
2014/1/26,70
2014/1/27,72
2014/1/28,66
2014/1/29,66
2014/1/30,63
2014/1/31,74
2014/2/1,71
2014/2/2,66
2014/2/3,62
2014/2/4,71
2014/2/5,79
2014/2/6,78
2014/2/7,77
2014/2/8,78
2014/2/9,72
2014/2/10,76
2014/2/11,85
2014/2/12,81
2014/2/13,85
2014/2/14,83
2014/2/15,77
2014/2/16,80
2014/2/17,89
2014/2/18,92
2014/2/19,90
2014/2/20,93
2014/2/21,111
2014/2/22,113
2014/2/23,107
2014/2/24,101
2014/2/25,94
2014/2/26,90
2014/2/27,87
2014/2/28,81
2014/3/1,77
2014/3/2,75
2014/3/3,77
2014/3/4,81
2014/3/5,86
2014/3/6,87
2014/3/7,87
2014/3/8,86
2014/3/9,89
2014/3/10,107
2014/3/11,99
2014/3/12,96
2014/3/13,91
2014/3/14,87
2014/3/15,89
2014/3/16,87
2014/3/17,85
2014/3/18,80
2014/3/19,77
2014/3/20,74
2014/3/21,83
2014/3/22,83
2014/3/23,81
2014/3/24,74
2014/3/25,69
2014/3/26,63
2014/3/27,57
2014/3/28,50
2014/3/29,44
2014/3/30,38
2014/3/31,35
2014/4/1,28
2014/4/2,23
2014/4/3,16
2014/4/4,5
2014/4/5,9
2014/4/6,6
2014/4/7,5
2014/4/8,0
2014/4/9,0
2014/4/10,0
2014/4/11,1
2014/4/12,0
2014/4/13,0
2014/4/14,0
2014/4/15,0
2014/4/16,0
2014/4/17,0
2014/4/18,0
2014/4/19,0
2014/4/20,0
2014/4/21,0
2014/4/22,0
2014/4/23,0
2014/4/24,0
2014/4/25,0
2014/4/26,0
2014/4/27,0
2014/4/28,0
2014/4/29,0
2014/4/30,0
2014/5/1,0
2014/5/2,0
2014/5/3,0
2014/5/4,0
2014/5/5,0
2014/5/6,0
2014/5/7,0
2014/5/8,0
2014/5/9,0
2014/5/10,0
2014/5/11,0
2014/5/12,0
2014/5/13,0
2014/5/14,0
2014/5/15,0
2014/5/16,0
2014/5/17,0
2014/5/18,0
2014/5/19,0
2014/5/20,0
2014/5/21,0
2014/5/22,0
2014/5/23,0
2014/5/24,0
2014/5/25,0
2014/5/26,0
2014/5/27,0
2014/5/28,0
2014/5/29,0
2014/5/30,0
2014/5/31,0
2014/6/1,0
2014/6/2,0
2014/6/3,0
2014/6/4,0
2014/6/5,0
2014/6/6,0
2014/6/7,0
2014/6/8,0
2014/6/9,0
2014/6/10,0
2014/6/11,0
2014/6/12,0
2014/6/13,0
2014/6/14,0
2014/6/15,0
2014/6/16,0
2014/6/17,0
2014/6/18,0
2014/6/19,0
2014/6/20,0
2014/6/21,0
2014/6/22,0
2014/6/23,0
2014/6/24,0
2014/6/25,0
2014/6/26,0
2014/6/27,0
2014/6/28,0
2014/6/29,0
2014/6/30,0
2014/7/1,0
2014/7/2,0
2014/7/3,0
2014/7/4,0
2014/7/5,0
2014/7/6,0
2014/7/7,0
2014/7/8,0
2014/7/9,0
2014/7/10,0
2014/7/11,0
2014/7/12,0
2014/7/13,0
2014/7/14,0
2014/7/15,0
2014/7/16,0
2014/7/17,0
2014/7/18,0
2014/7/19,0
2014/7/20,0
2014/7/21,0
2014/7/22,0
2014/7/23,0
2014/7/24,0
2014/7/25,0
2014/7/26,0
2014/7/27,0
2014/7/28,0
2014/7/29,0
2014/7/30,0
2014/7/31,0
2014/8/1,0
2014/8/2,0
2014/8/3,0
2014/8/4,0
2014/8/5,0
2014/8/6,0
2014/8/7,0
2014/8/8,0
2014/8/9,0
2014/8/10,0
2014/8/11,0
2014/8/12,0
2014/8/13,0
2014/8/14,0
2014/8/15,0
2014/8/16,0
2014/8/17,0
2014/8/18,0
2014/8/19,0
2014/8/20,0
2014/8/21,0
2014/8/22,0
2014/8/23,0
2014/8/24,0
2014/8/25,0
2014/8/26,0
2014/8/27,0
2014/8/28,0
2014/8/29,0
2014/8/30,0
2014/8/31,0
2014/9/1,0
2014/9/2,0
2014/9/3,0
2014/9/4,0
2014/9/5,0
2014/9/6,0
2014/9/7,0
2014/9/8,0
2014/9/9,0
2014/9/10,0
2014/9/11,0
2014/9/12,0
2014/9/13,0
2014/9/14,0
2014/9/15,0
2014/9/16,0
2014/9/17,0
2014/9/18,0
2014/9/19,0
2014/9/20,0
2014/9/21,0
2014/9/22,0
2014/9/23,0
2014/9/24,0
2014/9/25,0
2014/9/26,0
2014/9/27,0
2014/9/28,0
2014/9/29,0
2014/9/30,0
2014/10/1,0
2014/10/2,0
2014/10/3,0
2014/10/4,0
2014/10/5,0
2014/10/6,0
2014/10/7,0
2014/10/8,0
2014/10/9,0
2014/10/10,0
2014/10/11,0
2014/10/12,0
2014/10/13,0
2014/10/14,0
2014/10/15,0
2014/10/16,0
2014/10/17,0
2014/10/18,0
2014/10/19,0
2014/10/20,0
2014/10/21,0
2014/10/22,0
2014/10/23,0
2014/10/24,0
2014/10/25,0
2014/10/26,0
2014/10/27,0
2014/10/28,0
2014/10/29,0
2014/10/30,0
2014/10/31,0
2014/11/1,0
2014/11/2,0
2014/11/3,0
2014/11/4,0
2014/11/5,0
2014/11/6,0
2014/11/7,0
2014/11/8,0
2014/11/9,0
2014/11/10,0
2014/11/11,0
2014/11/12,0
2014/11/13,12
2014/11/14,22
2014/11/15,25
2014/11/16,15
2014/11/17,7
2014/11/18,5
2014/11/19,2
2014/11/20,0
2014/11/21,0
2014/11/22,0
2014/11/23,0
2014/11/24,0
2014/11/25,0
2014/11/26,0
2014/11/27,0
2014/11/28,0
2014/11/29,0
2014/11/30,0
2014/12/1,0
2014/12/2,0
2014/12/3,0
2014/12/4,0
2014/12/5,0
2014/12/6,0
2014/12/7,4
2014/12/8,4
2014/12/9,9
2014/12/10,9
2014/12/11,7
2014/12/12,4
2014/12/13,6
2014/12/14,6
2014/12/15,44
2014/12/16,42
2014/12/17,33
2014/12/18,32
2014/12/19,38
2014/12/20,34
2014/12/21,22
2014/12/22,33
2014/12/23,32
2014/12/24,48
2014/12/25,48
2014/12/26,50
2014/12/27,51
2014/12/28,44
2014/12/29,40
2014/12/30,37
2014/12/31,45
2015/1/1,41
2015/1/2,51
2015/1/3,46
2015/1/4,42
2015/1/5,40
2015/1/6,38
2015/1/7,42
2015/1/8,51
2015/1/9,57
2015/1/10,63
2015/1/11,63
2015/1/12,64
2015/1/13,64
2015/1/14,61
2015/1/15,60
2015/1/16,64
2015/1/17,84
2015/1/18,82
2015/1/19,78
2015/1/20,91
2015/1/21,89
2015/1/22,83
2015/1/23,89
2015/1/24,89
2015/1/25,89
2015/1/26,82
2015/1/27,77
2015/1/28,68
2015/1/29,67
2015/1/30,66
2015/1/31,65
2015/2/1,74
2015/2/2,76
2015/2/3,76
2015/2/4,73
2015/2/5,71
2015/2/6,70
2015/2/7,68
2015/2/8,67
2015/2/9,66
2015/2/10,64
2015/2/11,64
2015/2/12,64
2015/2/13,72
2015/2/14,74
2015/2/15,73
2015/2/16,72
2015/2/17,69
2015/2/18,67
2015/2/19,66
2015/2/20,64
2015/2/21,63
2015/2/22,62
2015/2/23,58
2015/2/24,58
2015/2/25,58
2015/2/26,57
2015/2/27,54
2015/2/28,55
2015/3/1,54
2015/3/2,55
2015/3/3,54
2015/3/4,57
2015/3/5,60
2015/3/6,59
2015/3/7,56
2015/3/8,53
2015/3/9,51
2015/3/10,43
2015/3/11,42
2015/3/12,42
2015/3/13,49
2015/3/14,50
2015/3/15,43
2015/3/16,42
2015/3/17,38
2015/3/18,32
2015/3/19,28
2015/3/20,25
2015/3/21,22
2015/3/22,17
2015/3/23,14
2015/3/24,11
2015/3/25,10
2015/3/26,7
2015/3/27,0
2015/3/28,0
2015/3/29,0
2015/3/30,0
2015/3/31,0
2015/4/1,0
2015/4/2,0
2015/4/3,0
2015/4/4,0
2015/4/5,0
2015/4/6,0
2015/4/7,0
2015/4/8,0
2015/4/9,0
2015/4/10,0
2015/4/11,0
2015/4/12,0
2015/4/13,0
2015/4/14,0
2015/4/15,0
2015/4/16,0
2015/4/17,0
2015/4/18,0
2015/4/19,0
2015/4/20,0
2015/4/21,0
2015/4/22,0
2015/4/23,0
2015/4/24,0
2015/4/25,0
2015/4/26,0
2015/4/27,0
2015/4/28,0
2015/4/29,0
2015/4/30,0
2015/5/1,0
2015/5/2,0
2015/5/3,0
2015/5/4,0
2015/5/5,0
2015/5/6,0
2015/5/7,0
2015/5/8,0
2015/5/9,0
2015/5/10,0
2015/5/11,0
2015/5/12,0
2015/5/13,0
2015/5/14,0
2015/5/15,0
2015/5/16,0
2015/5/17,0
2015/5/18,0
2015/5/19,0
2015/5/20,0
2015/5/21,0
2015/5/22,0
2015/5/23,0
2015/5/24,0
2015/5/25,0
2015/5/26,0
2015/5/27,0
2015/5/28,0
2015/5/29,0
2015/5/30,0
2015/5/31,0
2015/6/1,0
2015/6/2,0
2015/6/3,0
2015/6/4,0
2015/6/5,0
2015/6/6,0
2015/6/7,0
2015/6/8,0
2015/6/9,0
2015/6/10,0
2015/6/11,0
2015/6/12,0
2015/6/13,0
2015/6/14,0
2015/6/15,0
2015/6/16,0
2015/6/17,0
2015/6/18,0
2015/6/19,0
2015/6/20,0
2015/6/21,0
2015/6/22,0
2015/6/23,0
2015/6/24,0
2015/6/25,0
2015/6/26,0
2015/6/27,0
2015/6/28,0
2015/6/29,0
2015/6/30,0
2015/7/1,0
2015/7/2,0
2015/7/3,0
2015/7/4,0
2015/7/5,0
2015/7/6,0
2015/7/7,0
2015/7/8,0
2015/7/9,0
2015/7/10,0
2015/7/11,0
2015/7/12,0
2015/7/13,0
2015/7/14,0
2015/7/15,0
2015/7/16,0
2015/7/17,0
2015/7/18,0
2015/7/19,0
2015/7/20,0
2015/7/21,0
2015/7/22,0
2015/7/23,0
2015/7/24,0
2015/7/25,0
2015/7/26,0
2015/7/27,0
2015/7/28,0
2015/7/29,0
2015/7/30,0
2015/7/31,0
2015/8/1,0
2015/8/2,0
2015/8/3,0
2015/8/4,0
2015/8/5,0
2015/8/6,0
2015/8/7,0
2015/8/8,0
2015/8/9,0
2015/8/10,0
2015/8/11,0
2015/8/12,0
2015/8/13,0
2015/8/14,0
2015/8/15,0
2015/8/16,0
2015/8/17,0
2015/8/18,0
2015/8/19,0
2015/8/20,0
2015/8/21,0
2015/8/22,0
2015/8/23,0
2015/8/24,0
2015/8/25,0
2015/8/26,0
2015/8/27,0
2015/8/28,0
2015/8/29,0
2015/8/30,0
2015/8/31,0
2015/9/1,0
2015/9/2,0
2015/9/3,0
2015/9/4,0
2015/9/5,0
2015/9/6,0
2015/9/7,0
2015/9/8,0
2015/9/9,0
2015/9/10,0
2015/9/11,0
2015/9/12,0
2015/9/13,0
2015/9/14,0
2015/9/15,0
2015/9/16,0
2015/9/17,0
2015/9/18,0
2015/9/19,0
2015/9/20,0
2015/9/21,0
2015/9/22,0
2015/9/23,0
2015/9/24,0
2015/9/25,0
2015/9/26,0
2015/9/27,0
2015/9/28,0
2015/9/29,0
2015/9/30,0
2015/10/1,0
2015/10/2,0
2015/10/3,0
2015/10/4,0
2015/10/5,0
2015/10/6,0
2015/10/7,0
2015/10/8,0
2015/10/9,0
2015/10/10,0
2015/10/11,0
2015/10/12,0
2015/10/13,0
2015/10/14,0
2015/10/15,0
2015/10/16,0
2015/10/17,0
2015/10/18,0
2015/10/19,0
2015/10/20,0
2015/10/21,0
2015/10/22,0
2015/10/23,0
2015/10/24,0
2015/10/25,0
2015/10/26,0
2015/10/27,0
2015/10/28,0
2015/10/29,0
2015/10/30,0
2015/10/31,0
2015/11/1,0
2015/11/2,0
2015/11/3,0
2015/11/4,0
2015/11/5,0
2015/11/6,0
2015/11/7,0
2015/11/8,0
2015/11/9,0
2015/11/10,0
2015/11/11,0
2015/11/12,0
2015/11/13,0
2015/11/14,0
2015/11/15,0
2015/11/16,0
2015/11/17,0
2015/11/18,0
2015/11/19,0
2015/11/20,0
2015/11/21,0
2015/11/22,0
2015/11/23,0
2015/11/24,29
2015/11/25,44
2015/11/26,35
2015/11/27,28
2015/11/28,17
2015/11/29,15
2015/11/30,13
2015/12/1,17
2015/12/2,16
2015/12/3,14
2015/12/4,10
2015/12/5,17
2015/12/6,16
2015/12/7,20
2015/12/8,14
2015/12/9,13
2015/12/10,13
2015/12/11,10
2015/12/12,8
2015/12/13,8
2015/12/14,7
2015/12/15,7
2015/12/16,2
2015/12/17,18
2015/12/18,33
2015/12/19,28
2015/12/20,26
2015/12/21,22
2015/12/22,15
2015/12/23,13
2015/12/24,13
2015/12/25,37
2015/12/26,34
2015/12/27,28
2015/12/28,30
2015/12/29,29
2015/12/30,31
2015/12/31,28
2016/1/1,27
2016/1/2,25
2016/1/3,21
2016/1/4,21
2016/1/5,23
2016/1/6,27
2016/1/7,25
2016/1/8,24
2016/1/9,25
2016/1/10,27
2016/1/11,26
2016/1/12,27
2016/1/13,26
2016/1/14,39
2016/1/15,39
2016/1/16,40
2016/1/17,40
2016/1/18,44
2016/1/19,58
2016/1/20,55
2016/1/21,54
2016/1/22,66
2016/1/23,62
2016/1/24,57
2016/1/25,58
2016/1/26,56
2016/1/27,55
2016/1/28,54
2016/1/29,51
2016/1/30,51
2016/1/31,49
2016/2/1,48
2016/2/2,52
2016/2/3,57
2016/2/4,52
2016/2/5,50
2016/2/6,49
2016/2/7,52
2016/2/8,52
2016/2/9,51
2016/2/10,66
2016/2/11,65
2016/2/12,60
2016/2/13,54
2016/2/14,44
2016/2/15,42
2016/2/16,41
2016/2/17,43
2016/2/18,42
2016/2/19,41
2016/2/20,42
2016/2/21,54
2016/2/22,55
2016/2/23,60
2016/2/24,68
2016/2/25,65
2016/2/26,60
2016/2/27,58
2016/2/28,56
2016/2/29,74
2016/3/1,81
2016/3/2,83
2016/3/3,79
2016/3/4,83
2016/3/5,70
2016/3/6,67
2016/3/7,57
2016/3/8,51
2016/3/9,47
2016/3/10,51
2016/3/11,49
2016/3/12,47
2016/3/13,47
2016/3/14,45
2016/3/15,42
2016/3/16,41
2016/3/17,36
2016/3/18,31
2016/3/19,25
2016/3/20,20
2016/3/21,21
2016/3/22,18
2016/3/23,20
2016/3/24,22
2016/3/25,20
2016/3/26,24
2016/3/27,15
2016/3/28,9
2016/3/29,0
2016/3/30,0
2016/3/31,0
2016/4/1,0
2016/4/2,0
2016/4/3,0
2016/4/4,0
2016/4/5,0
2016/4/6,0
2016/4/7,0
2016/4/8,0
2016/4/9,0
2016/4/10,0
2016/4/11,0
2016/4/12,0
2016/4/13,0
2016/4/14,0
2016/4/15,0
2016/4/16,0
2016/4/17,0
2016/4/18,0
2016/4/19,0
2016/4/20,0
2016/4/21,0
2016/4/22,0
2016/4/23,0
2016/4/24,0
2016/4/25,0
2016/4/26,0
2016/4/27,0
2016/4/28,0
2016/4/29,0
2016/4/30,0
2016/5/1,0
2016/5/2,0
2016/5/3,0
2016/5/4,0
2016/5/5,0
2016/5/6,0
2016/5/7,0
2016/5/8,0
2016/5/9,0
2016/5/10,0
2016/5/11,0
2016/5/12,0
2016/5/13,0
2016/5/14,0
2016/5/15,0
2016/5/16,0
2016/5/17,0
2016/5/18,0
2016/5/19,0
2016/5/20,0
2016/5/21,0
2016/5/22,0
2016/5/23,0
2016/5/24,0
2016/5/25,0
2016/5/26,0
2016/5/27,0
2016/5/28,0
2016/5/29,0
2016/5/30,0
2016/5/31,0
2016/6/1,0
2016/6/2,0
2016/6/3,0
2016/6/4,0
2016/6/5,0
2016/6/6,0
2016/6/7,0
2016/6/8,0
2016/6/9,0
2016/6/10,0
2016/6/11,0
2016/6/12,0
2016/6/13,0
2016/6/14,0
2016/6/15,0
2016/6/16,0
2016/6/17,0
2016/6/18,0
2016/6/19,0
2016/6/20,0
2016/6/21,0
2016/6/22,0
2016/6/23,0
2016/6/24,0
2016/6/25,0
2016/6/26,0
2016/6/27,0
2016/6/28,0
2016/6/29,0
2016/6/30,0
2016/7/1,0
2016/7/2,0
2016/7/3,0
2016/7/4,0
2016/7/5,0
2016/7/6,0
2016/7/7,0
2016/7/8,0
2016/7/9,0
2016/7/10,0
2016/7/11,0
2016/7/12,0
2016/7/13,0
2016/7/14,0
2016/7/15,0
2016/7/16,0
2016/7/17,0
2016/7/18,0
2016/7/19,0
2016/7/20,0
2016/7/21,0
2016/7/22,0
2016/7/23,0
2016/7/24,0
2016/7/25,0
2016/7/26,0
2016/7/27,0
2016/7/28,0
2016/7/29,0
2016/7/30,0
2016/7/31,0
2016/8/1,0
2016/8/2,0
2016/8/3,0
2016/8/4,0
2016/8/5,0
2016/8/6,0
2016/8/7,0
2016/8/8,0
2016/8/9,0
2016/8/10,0
2016/8/11,0
2016/8/12,0
2016/8/13,0
2016/8/14,0
2016/8/15,0
2016/8/16,0
2016/8/17,0
2016/8/18,0
2016/8/19,0
2016/8/20,0
2016/8/21,0
2016/8/22,0
2016/8/23,0
2016/8/24,0
2016/8/25,0
2016/8/26,0
2016/8/27,0
2016/8/28,0
2016/8/29,0
2016/8/30,0
2016/8/31,0
2016/9/1,0
2016/9/2,0
2016/9/3,0
2016/9/4,0
2016/9/5,0
2016/9/6,0
2016/9/7,0
2016/9/8,0
2016/9/9,0
2016/9/10,0
2016/9/11,0
2016/9/12,0
2016/9/13,0
2016/9/14,0
2016/9/15,0
2016/9/16,0
2016/9/17,0
2016/9/18,0
2016/9/19,0
2016/9/20,0
2016/9/21,0
2016/9/22,0
2016/9/23,0
2016/9/24,0
2016/9/25,0
2016/9/26,0
2016/9/27,0
2016/9/28,0
2016/9/29,0
2016/9/30,0
2016/10/1,0
2016/10/2,0
2016/10/3,0
2016/10/4,0
2016/10/5,0
2016/10/6,0
2016/10/7,0
2016/10/8,0
2016/10/9,0
2016/10/10,0
2016/10/11,0
2016/10/12,0
2016/10/13,0
2016/10/14,0
2016/10/15,0
2016/10/16,0
2016/10/17,0
2016/10/18,0
2016/10/19,0
2016/10/20,4
2016/10/21,4
2016/10/22,1
2016/10/23,0
2016/10/24,0
2016/10/25,0
2016/10/26,0
2016/10/27,0
2016/10/28,0
2016/10/29,0
2016/10/30,0
2016/10/31,0
2016/11/1,0
2016/11/2,0
2016/11/3,0
2016/11/4,0
2016/11/5,2
2016/11/6,23
2016/11/7,17
2016/11/8,12
2016/11/9,3
2016/11/10,4
2016/11/11,3
2016/11/12,0
2016/11/13,0
2016/11/14,0
2016/11/15,0
2016/11/16,0
2016/11/17,0
2016/11/18,0
2016/11/19,0
2016/11/20,0
2016/11/21,0
2016/11/22,1
2016/11/23,0
2016/11/24,0
2016/11/25,0
2016/11/26,0
2016/11/27,0
2016/11/28,1
2016/11/29,7
2016/11/30,7
2016/12/1,3
2016/12/2,5
2016/12/3,3
2016/12/4,0
2016/12/5,0
2016/12/6,15
2016/12/7,13
2016/12/8,10
2016/12/9,21
2016/12/10,65
2016/12/11,61
2016/12/12,64
2016/12/13,56
2016/12/14,49
2016/12/15,56
2016/12/16,63
2016/12/17,54
2016/12/18,49
2016/12/19,43
2016/12/20,41
2016/12/21,39
2016/12/22,69
2016/12/23,96
2016/12/24,94
2016/12/25,87
2016/12/26,82
2016/12/27,82
2016/12/28,77
2016/12/29,77
2016/12/30,78
2016/12/31,81
2017/1/1,75
2017/1/2,71
2017/1/3,73
2017/1/4,77
2017/1/5,76
2017/1/6,76
2017/1/7,72
2017/1/8,69
2017/1/9,71
2017/1/10,70
2017/1/11,69
2017/1/12,74
2017/1/13,74
2017/1/14,72
2017/1/15,73
2017/1/16,71
2017/1/17,69
2017/1/18,74
2017/1/19,74
2017/1/20,73
2017/1/21,71
2017/1/22,78
2017/1/23,85
2017/1/24,87
2017/1/25,92
2017/1/26,85
2017/1/27,80
2017/1/28,79
2017/1/29,76
2017/1/30,73
2017/1/31,86
2017/2/1,84
2017/2/2,87
2017/2/3,86
2017/2/4,81
2017/2/5,77
2017/2/6,75
2017/2/7,78
2017/2/8,80
2017/2/9,77
2017/2/10,75
2017/2/11,74
2017/2/12,75
2017/2/13,72
2017/2/14,77
2017/2/15,76
2017/2/16,73
2017/2/17,73
2017/2/18,73
2017/2/19,72
2017/2/20,72
2017/2/21,76
2017/2/22,75
2017/2/23,73
2017/2/24,77
2017/2/25,85
2017/2/26,96
2017/2/27,92
2017/2/28,82
2017/3/1,77
2017/3/2,71
2017/3/3,68
2017/3/4,68
2017/3/5,67
2017/3/6,66
2017/3/7,72
2017/3/8,72
2017/3/9,67
2017/3/10,71
2017/3/11,83
2017/3/12,70
2017/3/13,68
2017/3/14,65
2017/3/15,64
2017/3/16,62
2017/3/17,62
2017/3/18,59
2017/3/19,55
2017/3/20,51
2017/3/21,46
2017/3/22,44
2017/3/23,58
2017/3/24,71
2017/3/25,63
2017/3/26,54
2017/3/27,49
2017/3/28,46
2017/3/29,44
2017/3/30,42
2017/3/31,42
2017/4/1,37
2017/4/2,32
2017/4/3,29
2017/4/4,25
2017/4/5,19
2017/4/6,11
2017/4/7,0
2017/4/8,0
2017/4/9,0
2017/4/10,0
2017/4/11,0
2017/4/12,0
2017/4/13,4
2017/4/14,1
2017/4/15,0
2017/4/16,0
2017/4/17,0
2017/4/18,0
2017/4/19,0
2017/4/20,0
2017/4/21,0
2017/4/22,0
2017/4/23,0
2017/4/24,0
2017/4/25,0
2017/4/26,0
2017/4/27,0
2017/4/28,0
2017/4/29,0
2017/4/30,0
2017/5/1,0
2017/5/2,0
2017/5/3,0
2017/5/4,0
2017/5/5,0
2017/5/6,0
2017/5/7,0
2017/5/8,0
2017/5/9,0
2017/5/10,0
2017/5/11,0
2017/5/12,0
2017/5/13,0
2017/5/14,0
2017/5/15,0
2017/5/16,0
2017/5/17,0
2017/5/18,0
2017/5/19,0
2017/5/20,0
2017/5/21,0
2017/5/22,0
2017/5/23,0
2017/5/24,0
2017/5/25,0
2017/5/26,0
2017/5/27,0
2017/5/28,0
2017/5/29,0
2017/5/30,0
2017/5/31,0
2017/6/1,0
2017/6/2,0
2017/6/3,0
2017/6/4,0
2017/6/5,0
2017/6/6,0
2017/6/7,0
2017/6/8,0
2017/6/9,0
2017/6/10,0
2017/6/11,0
2017/6/12,0
2017/6/13,0
2017/6/14,0
2017/6/15,0
2017/6/16,0
2017/6/17,0
2017/6/18,0
2017/6/19,0
2017/6/20,0
2017/6/21,0
2017/6/22,0
2017/6/23,0
2017/6/24,0
2017/6/25,0
2017/6/26,0
2017/6/27,0
2017/6/28,0
2017/6/29,0
2017/6/30,0
2017/7/1,0
2017/7/2,0
2017/7/3,0
2017/7/4,0
2017/7/5,0
2017/7/6,0
2017/7/7,0
2017/7/8,0
2017/7/9,0
2017/7/10,0
2017/7/11,0
2017/7/12,0
2017/7/13,0
2017/7/14,0
2017/7/15,0
2017/7/16,0
2017/7/17,0
2017/7/18,0
2017/7/19,0
2017/7/20,0
2017/7/21,0
2017/7/22,0
2017/7/23,0
2017/7/24,0
2017/7/25,0
2017/7/26,0
2017/7/27,0
2017/7/28,0
2017/7/29,0
2017/7/30,0
2017/7/31,0
2017/8/1,0
2017/8/2,0
2017/8/3,0
2017/8/4,0
2017/8/5,0
2017/8/6,0
2017/8/7,0
2017/8/8,0
2017/8/9,0
2017/8/10,0
2017/8/11,0
2017/8/12,0
2017/8/13,0
2017/8/14,0
2017/8/15,0
2017/8/16,0
2017/8/17,0
2017/8/18,0
2017/8/19,0
2017/8/20,0
2017/8/21,0
2017/8/22,0
2017/8/23,0
2017/8/24,0
2017/8/25,0
2017/8/26,0
2017/8/27,0
2017/8/28,0
2017/8/29,0
2017/8/30,0
2017/8/31,0
2017/9/1,0
2017/9/2,0
2017/9/3,0
2017/9/4,0
2017/9/5,0
2017/9/6,0
2017/9/7,0
2017/9/8,0
2017/9/9,0
2017/9/10,0
2017/9/11,0
2017/9/12,0
2017/9/13,0
2017/9/14,0
2017/9/15,0
2017/9/16,0
2017/9/17,0
2017/9/18,0
2017/9/19,0
2017/9/20,0
2017/9/21,0
2017/9/22,0
2017/9/23,0
2017/9/24,0
2017/9/25,0
2017/9/26,0
2017/9/27,0
2017/9/28,0
2017/9/29,0
2017/9/30,0
2017/10/1,0
2017/10/2,0
2017/10/3,0
2017/10/4,0
2017/10/5,0
2017/10/6,0
2017/10/7,0
2017/10/8,0
2017/10/9,0
2017/10/10,0
2017/10/11,0
2017/10/12,0
2017/10/13,0
2017/10/14,0
2017/10/15,0
2017/10/16,0
2017/10/17,0
2017/10/18,0
2017/10/19,0
2017/10/20,0
2017/10/21,0
2017/10/22,0
2017/10/23,0
2017/10/24,0
2017/10/25,0
2017/10/26,0
2017/10/27,0
2017/10/28,0
2017/10/29,0
2017/10/30,0
2017/10/31,0
2017/11/1,0
2017/11/2,0
2017/11/3,0
2017/11/4,0
2017/11/5,0
2017/11/6,0
2017/11/7,0
2017/11/8,0
2017/11/9,0
2017/11/10,0
2017/11/11,0
2017/11/12,0
2017/11/13,0
2017/11/14,0
2017/11/15,0
2017/11/16,0
2017/11/17,0
2017/11/18,12
2017/11/19,29
2017/11/20,23
2017/11/21,17
2017/11/22,14
2017/11/23,4
2017/11/24,14
2017/11/25,17
2017/11/26,18
2017/11/27,10
2017/11/28,9
2017/11/29,1
2017/11/30,0
2017/12/1,0
2017/12/2,1
2017/12/3,2
2017/12/4,1
2017/12/5,24
2017/12/6,22
2017/12/7,17
2017/12/8,36
2017/12/9,34
2017/12/10,27
2017/12/11,27
2017/12/12,19
2017/12/13,19
2017/12/14,18
2017/12/15,18
2017/12/16,26
2017/12/17,25
2017/12/18,26
2017/12/19,28
2017/12/20,28
2017/12/21,28
2017/12/22,28
2017/12/23,26
2017/12/24,22
2017/12/25,20
2017/12/26,23
2017/12/27,24
2017/12/28,26
2017/12/29,28
2017/12/30,31
2017/12/31,27
2018/1/1,29
2018/1/2,26
2018/1/3,31
2018/1/4,33
2018/1/5,32
2018/1/6,43
2018/1/7,49
2018/1/8,41
2018/1/9,40
2018/1/10,38
2018/1/11,34
2018/1/12,54
2018/1/13,52
2018/1/14,53
2018/1/15,48
2018/1/16,44
2018/1/17,42
2018/1/18,47
2018/1/19,49
2018/1/20,45
2018/1/21,44
2018/1/22,43
2018/1/23,50
2018/1/24,50
2018/1/25,53
2018/1/26,63
2018/1/27,66
2018/1/28,65
2018/1/29,66
2018/1/30,61
2018/1/31,59
2018/2/1,57
2018/2/2,56
2018/2/3,55
2018/2/4,55
2018/2/5,59
2018/2/6,59
2018/2/7,58
2018/2/8,59
2018/2/9,57
2018/2/10,54
2018/2/11,57
2018/2/12,60
2018/2/13,61
2018/2/14,61
2018/2/15,68
2018/2/16,64
2018/2/17,68
2018/2/18,76
2018/2/19,78
2018/2/20,70
2018/2/21,69
2018/2/22,66
2018/2/23,80
2018/2/24,66
2018/2/25,65
2018/2/26,64
2018/2/27,65
2018/2/28,63
2018/3/1,87
2018/3/2,89
2018/3/3,86
2018/3/4,78
2018/3/5,69
2018/3/6,71
2018/3/7,69
2018/3/8,68
2018/3/9,63
2018/3/10,63
2018/3/11,61
2018/3/12,62
2018/3/13,59
2018/3/14,56
2018/3/15,53
2018/3/16,68
2018/3/17,71
2018/3/18,52
2018/3/19,47
2018/3/20,51
2018/3/21,48
2018/3/22,45
2018/3/23,42
2018/3/24,40
2018/3/25,35
2018/3/26,28
2018/3/27,24
2018/3/28,15
2018/3/29,3
2018/3/30,0
2018/3/31,0
2018/4/1,0
2018/4/2,0
2018/4/3,0
2018/4/4,0
2018/4/5,0
2018/4/6,0
2018/4/7,0
2018/4/8,2
2018/4/9,0
2018/4/10,0
2018/4/11,0
2018/4/12,0
2018/4/13,0
2018/4/14,0
2018/4/15,0
2018/4/16,0
2018/4/17,0
2018/4/18,0
2018/4/19,0
2018/4/20,0
2018/4/21,0
2018/4/22,0
2018/4/23,0
2018/4/24,0
2018/4/25,0
2018/4/26,0
2018/4/27,0
2018/4/28,0
2018/4/29,0
2018/4/30,0
2018/5/1,0
2018/5/2,0
2018/5/3,0
2018/5/4,0
2018/5/5,0
2018/5/6,0
2018/5/7,0
2018/5/8,0
2018/5/9,0
2018/5/10,0
2018/5/11,0
2018/5/12,0
2018/5/13,0
2018/5/14,0
2018/5/15,0
2018/5/16,0
2018/5/17,0
2018/5/18,0
2018/5/19,0
2018/5/20,0
2018/5/21,0
2018/5/22,0
2018/5/23,0
2018/5/24,0
2018/5/25,0
2018/5/26,0
2018/5/27,0
2018/5/28,0
2018/5/29,0
2018/5/30,0
2018/5/31,0
2018/6/1,0
2018/6/2,0
2018/6/3,0
2018/6/4,0
2018/6/5,0
2018/6/6,0
2018/6/7,0
2018/6/8,0
2018/6/9,0
2018/6/10,0
2018/6/11,0
2018/6/12,0
2018/6/13,0
2018/6/14,0
2018/6/15,0
2018/6/16,0
2018/6/17,0
2018/6/18,0
2018/6/19,0
2018/6/20,0
2018/6/21,0
2018/6/22,0
2018/6/23,0
2018/6/24,0
2018/6/25,0
2018/6/26,0
2018/6/27,0
2018/6/28,0
2018/6/29,0
2018/6/30,0
2018/7/1,0
2018/7/2,0
2018/7/3,0
2018/7/4,0
2018/7/5,0
2018/7/6,0
2018/7/7,0
2018/7/8,0
2018/7/9,0
2018/7/10,0
2018/7/11,0
2018/7/12,0
2018/7/13,0
2018/7/14,0
2018/7/15,0
2018/7/16,0
2018/7/17,0
2018/7/18,0
2018/7/19,0
2018/7/20,0
2018/7/21,0
2018/7/22,0
2018/7/23,0
2018/7/24,0
2018/7/25,0
2018/7/26,0
2018/7/27,0
2018/7/28,0
2018/7/29,0
2018/7/30,0
2018/7/31,0
2018/8/1,0
2018/8/2,0
2018/8/3,0
2018/8/4,0
2018/8/5,0
2018/8/6,0
2018/8/7,0
2018/8/8,0
2018/8/9,0
2018/8/10,0
2018/8/11,0
2018/8/12,0
2018/8/13,0
2018/8/14,0
2018/8/15,0
2018/8/16,0
2018/8/17,0
2018/8/18,0
2018/8/19,0
2018/8/20,0
2018/8/21,0
2018/8/22,0
2018/8/23,0
2018/8/24,0
2018/8/25,0
2018/8/26,0
2018/8/27,0
2018/8/28,0
2018/8/29,0
2018/8/30,0
2018/8/31,0
2018/9/1,0
2018/9/2,0
2018/9/3,0
2018/9/4,0
2018/9/5,0
2018/9/6,0
2018/9/7,0
2018/9/8,0
2018/9/9,0
2018/9/10,0
2018/9/11,0
2018/9/12,0
2018/9/13,0
2018/9/14,0
2018/9/15,0
2018/9/16,0
2018/9/17,0
2018/9/18,0
2018/9/19,0
2018/9/20,0
2018/9/21,0
2018/9/22,0
2018/9/23,0
2018/9/24,0
2018/9/25,0
2018/9/26,0
2018/9/27,0
2018/9/28,0
2018/9/29,0
2018/9/30,0
2018/10/1,0
2018/10/2,0
2018/10/3,0
2018/10/4,0
2018/10/5,0
2018/10/6,0
2018/10/7,0
2018/10/8,0
2018/10/9,0
2018/10/10,0
2018/10/11,0
2018/10/12,0
2018/10/13,0
2018/10/14,0
2018/10/15,0
2018/10/16,0
2018/10/17,0
2018/10/18,0
2018/10/19,0
2018/10/20,0
2018/10/21,0
2018/10/22,0
2018/10/23,0
2018/10/24,0
2018/10/25,0
2018/10/26,0
2018/10/27,0
2018/10/28,0
2018/10/29,0
2018/10/30,0
2018/10/31,0
2018/11/1,0
2018/11/2,0
2018/11/3,0
2018/11/4,0
2018/11/5,0
2018/11/6,0
2018/11/7,0
2018/11/8,0
2018/11/9,0
2018/11/10,0
2018/11/11,0
2018/11/12,0
2018/11/13,0
2018/11/14,0
2018/11/15,0
2018/11/16,0
2018/11/17,0
2018/11/18,0
2018/11/19,0
2018/11/20,0
2018/11/21,3
2018/11/22,9
2018/11/23,11
2018/11/24,7
2018/11/25,5
2018/11/26,0
2018/11/27,0
2018/11/28,0
2018/11/29,3
2018/11/30,3
2018/12/1,2
2018/12/2,1
2018/12/3,0
2018/12/4,0
2018/12/5,0
2018/12/6,1
2018/12/7,17
2018/12/8,15
2018/12/9,13
2018/12/10,10
2018/12/11,11
2018/12/12,12
2018/12/13,11
2018/12/14,31
2018/12/15,30
2018/12/16,22
2018/12/17,14
2018/12/18,18
2018/12/19,20
2018/12/20,19
2018/12/21,15
2018/12/22,13
2018/12/23,13
2018/12/24,13
2018/12/25,12
2018/12/26,16
2018/12/27,19
2018/12/28,23
2018/12/29,23
2018/12/30,29
2018/12/31,31
2019/1/1,33
2019/1/2,29
2019/1/3,28
2019/1/4,27
2019/1/5,35
2019/1/6,38
2019/1/7,40
2019/1/8,36
2019/1/9,36
2019/1/10,36
2019/1/11,56
2019/1/12,50
2019/1/13,45
2019/1/14,42
2019/1/15,39
2019/1/16,38
2019/1/17,43
2019/1/18,48
2019/1/19,47
2019/1/20,43
2019/1/21,43
2019/1/22,41
2019/1/23,52
2019/1/24,52
2019/1/25,62
2019/1/26,65
2019/1/27,61
2019/1/28,56
2019/1/29,56
2019/1/30,54
2019/1/31,62
2019/2/1,57
2019/2/2,55
2019/2/3,53
2019/2/4,51
2019/2/5,52
2019/2/6,65
2019/2/7,72
2019/2/8,71
2019/2/9,66
2019/2/10,62
2019/2/11,59
2019/2/12,59
2019/2/13,58
2019/2/14,62
2019/2/15,60
2019/2/16,58
2019/2/17,56
2019/2/18,56
2019/2/19,54
2019/2/20,53
2019/2/21,52
2019/2/22,49
2019/2/23,51
2019/2/24,50
2019/2/25,47
2019/2/26,47
2019/2/27,45
2019/2/28,44
2019/3/1,41
2019/3/2,40
2019/3/3,39
2019/3/4,36
2019/3/5,33
2019/3/6,30
2019/3/7,27
2019/3/8,26
2019/3/9,24
2019/3/10,19
2019/3/11,17
2019/3/12,14
2019/3/13,12
2019/3/14,14
2019/3/15,14
2019/3/16,17
2019/3/17,14
2019/3/18,11
2019/3/19,6
2019/3/20,0
2019/3/21,0
2019/3/22,0
2019/3/23,8
2019/3/24,4
2019/3/25,2
2019/3/26,0
2019/3/27,6
2019/3/28,1
2019/3/29,0
2019/3/30,0
2019/3/31,0
2019/4/1,0
2019/4/2,0
2019/4/3,1
2019/4/4,0
2019/4/5,0
2019/4/6,0
2019/4/7,0
2019/4/8,0
2019/4/9,0
2019/4/10,0
2019/4/11,0
2019/4/12,0
2019/4/13,0
2019/4/14,0
2019/4/15,0
2019/4/16,0
2019/4/17,0
2019/4/18,0
2019/4/19,0
2019/4/20,0
2019/4/21,0
2019/4/22,0
2019/4/23,0
2019/4/24,0
2019/4/25,0
2019/4/26,0
2019/4/27,0
2019/4/28,0
2019/4/29,0
2019/4/30,0
2019/5/1,0
2019/5/2,0
2019/5/3,0
2019/5/4,0
2019/5/5,0
2019/5/6,0
2019/5/7,0
2019/5/8,0
2019/5/9,0
2019/5/10,0
2019/5/11,0
2019/5/12,0
2019/5/13,0
2019/5/14,0
2019/5/15,0
2019/5/16,0
2019/5/17,0
2019/5/18,0
2019/5/19,0
2019/5/20,0
2019/5/21,0
2019/5/22,0
2019/5/23,0
2019/5/24,0
2019/5/25,0
2019/5/26,0
2019/5/27,0
2019/5/28,0
2019/5/29,0
2019/5/30,0
2019/5/31,0
2019/6/1,0
2019/6/2,0
2019/6/3,0
2019/6/4,0
2019/6/5,0
2019/6/6,0
2019/6/7,0
2019/6/8,0
2019/6/9,0
2019/6/10,0
2019/6/11,0
2019/6/12,0
2019/6/13,0
2019/6/14,0
2019/6/15,0
2019/6/16,0
2019/6/17,0
2019/6/18,0
2019/6/19,0
2019/6/20,0
2019/6/21,0
2019/6/22,0
2019/6/23,0
2019/6/24,0
2019/6/25,0
2019/6/26,0
2019/6/27,0
2019/6/28,0
2019/6/29,0
2019/6/30,0
2019/7/1,0
2019/7/2,0
2019/7/3,0
2019/7/4,0
2019/7/5,0
2019/7/6,0
2019/7/7,0
2019/7/8,0
2019/7/9,0
2019/7/10,0
2019/7/11,0
2019/7/12,0
2019/7/13,0
2019/7/14,0
2019/7/15,0
2019/7/16,0
2019/7/17,0
2019/7/18,0
2019/7/19,0
2019/7/20,0
2019/7/21,0
2019/7/22,0
2019/7/23,0
2019/7/24,0
2019/7/25,0
2019/7/26,0
2019/7/27,0
2019/7/28,0
2019/7/29,0
2019/7/30,0
2019/7/31,0
2019/8/1,0
2019/8/2,0
2019/8/3,0
2019/8/4,0
2019/8/5,0
2019/8/6,0
2019/8/7,0
2019/8/8,0
2019/8/9,0
2019/8/10,0
2019/8/11,0
2019/8/12,0
2019/8/13,0
2019/8/14,0
2019/8/15,0
2019/8/16,0
2019/8/17,0
2019/8/18,0
2019/8/19,0
2019/8/20,0
2019/8/21,0
2019/8/22,0
2019/8/23,0
2019/8/24,0
2019/8/25,0
2019/8/26,0
2019/8/27,0
2019/8/28,0
2019/8/29,0
2019/8/30,0
2019/8/31,0
2019/9/1,0
2019/9/2,0
2019/9/3,0
2019/9/4,0
2019/9/5,0
2019/9/6,0
2019/9/7,0
2019/9/8,0
2019/9/9,0
2019/9/10,0
2019/9/11,0
2019/9/12,0
2019/9/13,0
2019/9/14,0
2019/9/15,0
2019/9/16,0
2019/9/17,0
2019/9/18,0
2019/9/19,0
2019/9/20,0
2019/9/21,0
2019/9/22,0
2019/9/23,0
2019/9/24,0
2019/9/25,0
2019/9/26,0
2019/9/27,0
2019/9/28,0
2019/9/29,0
2019/9/30,0
2019/10/1,0
2019/10/2,0
2019/10/3,0
2019/10/4,0
2019/10/5,0
2019/10/6,0
2019/10/7,0
2019/10/8,0
2019/10/9,0
2019/10/10,0
2019/10/11,0
2019/10/12,0
2019/10/13,0
2019/10/14,0
2019/10/15,0
2019/10/16,0
2019/10/17,0
2019/10/18,0
2019/10/19,0
2019/10/20,0
2019/10/21,0
2019/10/22,0
2019/10/23,0
2019/10/24,0
2019/10/25,0
2019/10/26,0
2019/10/27,0
2019/10/28,0
2019/10/29,0
2019/10/30,0
2019/10/31,0
2019/11/1,0
2019/11/2,0
2019/11/3,0
2019/11/4,0
2019/11/5,0
2019/11/6,0
2019/11/7,0
2019/11/8,0
2019/11/9,0
2019/11/10,0
2019/11/11,0
2019/11/12,0
2019/11/13,0
2019/11/14,1
2019/11/15,8
2019/11/16,7
2019/11/17,9
2019/11/18,5
2019/11/19,2
2019/11/20,3
2019/11/21,1
2019/11/22,0
2019/11/23,0
2019/11/24,0
2019/11/25,7
2019/11/26,6
2019/11/27,4
2019/11/28,8
2019/11/29,7
2019/11/30,7
2019/12/1,4
2019/12/2,0
2019/12/3,9
2019/12/4,10
2019/12/5,6
2019/12/6,5
2019/12/7,8
2019/12/8,8
2019/12/9,8
2019/12/10,6
2019/12/11,0
2019/12/12,3
2019/12/13,2
2019/12/14,3
2019/12/15,4
2019/12/16,3
2019/12/17,0
2019/12/18,0
2019/12/19,0
2019/12/20,2
2019/12/21,1
2019/12/22,1
2019/12/23,1
2019/12/24,1
2019/12/25,2
2019/12/26,7
2019/12/27,6
2019/12/28,17
2019/12/29,12
2019/12/30,8
2019/12/31,1
2020/1/1,6
2020/1/2,4
2020/1/3,4
2020/1/4,6
2020/1/5,8
2020/1/6,7
2020/1/7,8
2020/1/8,9
2020/1/9,9
2020/1/10,8
2020/1/11,8
2020/1/12,8
2020/1/13,8
2020/1/14,8
2020/1/15,16
2020/1/16,20
2020/1/17,14
2020/1/18,12
2020/1/19,10
2020/1/20,35
2020/1/21,39
2020/1/22,34
2020/1/23,28
2020/1/24,30
2020/1/25,34
2020/1/26,33
2020/1/27,29
2020/1/28,26
2020/1/29,28
2020/1/30,26
2020/1/31,25
2020/2/1,24
2020/2/2,23
2020/2/3,37
2020/2/4,48
2020/2/5,79
2020/2/6,79
2020/2/7,64
2020/2/8,68
2020/2/9,71
2020/2/10,72
2020/2/11,69
2020/2/12,62
2020/2/13,52
2020/2/14,49
2020/2/15,52
2020/2/16,58
2020/2/17,65
2020/2/18,68
2020/2/19,75
2020/2/20,72
2020/2/21,67
2020/2/22,64
2020/2/23,70
2020/2/24,72
2020/2/25,80
2020/2/26,69
2020/2/27,68
2020/2/28,76
2020/2/29,75
2020/3/1,73
2020/3/2,68
2020/3/3,67
2020/3/4,65
2020/3/5,75
2020/3/6,74
2020/3/7,70
2020/3/8,67
2020/3/9,63
2020/3/10,59
2020/3/11,59
2020/3/12,62
2020/3/13,56
2020/3/14,51
2020/3/15,50
2020/3/16,53
2020/3/17,51
2020/3/18,45
2020/3/19,40
2020/3/20,32
2020/3/21,24
2020/3/22,20
2020/3/23,19
2020/3/24,22
2020/3/25,16
2020/3/26,10
2020/3/27,5
2020/3/28,0
2020/3/29,0
2020/3/30,0
2020/3/31,0
2020/4/1,0
2020/4/2,0
2020/4/3,0
2020/4/4,0
2020/4/5,0
2020/4/6,0
2020/4/7,0
2020/4/8,0
2020/4/9,0
2020/4/10,0
2020/4/11,0
2020/4/12,0
2020/4/13,0
2020/4/14,0
2020/4/15,0
2020/4/16,0
2020/4/17,0
2020/4/18,0
2020/4/19,0
2020/4/20,0
2020/4/21,0
2020/4/22,0
2020/4/23,0
2020/4/24,0
2020/4/25,0
2020/4/26,0
2020/4/27,0
2020/4/28,0
2020/4/29,0
2020/4/30,0
2020/5/1,0
2020/5/2,0
2020/5/3,0
2020/5/4,0
2020/5/5,0
2020/5/6,0
2020/5/7,0
2020/5/8,0
2020/5/9,0
2020/5/10,0
2020/5/11,0
2020/5/12,0
2020/5/13,0
2020/5/14,0
2020/5/15,0
2020/5/16,0
2020/5/17,0
2020/5/18,0
2020/5/19,0
2020/5/20,0
2020/5/21,0
2020/5/22,0
2020/5/23,0
2020/5/24,0
2020/5/25,0
2020/5/26,0
2020/5/27,0
2020/5/28,0
2020/5/29,0
2020/5/30,0
2020/5/31,0
2020/6/1,0
2020/6/2,0
2020/6/3,0
2020/6/4,0
2020/6/5,0
2020/6/6,0
2020/6/7,0
2020/6/8,0
2020/6/9,0
2020/6/10,0
2020/6/11,0
2020/6/12,0
2020/6/13,0
2020/6/14,0
2020/6/15,0
2020/6/16,0
2020/6/17,0
2020/6/18,0
2020/6/19,0
2020/6/20,0
2020/6/21,0
2020/6/22,0
2020/6/23,0
2020/6/24,0
2020/6/25,0
2020/6/26,0
2020/6/27,0
2020/6/28,0
2020/6/29,0
2020/6/30,0
2020/7/1,0
2020/7/2,0
2020/7/3,0
2020/7/4,0
2020/7/5,0
2020/7/6,0
2020/7/7,0
2020/7/8,0
2020/7/9,0
2020/7/10,0
2020/7/11,0
2020/7/12,0
2020/7/13,0
2020/7/14,0
2020/7/15,0
2020/7/16,0
2020/7/17,0
2020/7/18,0
2020/7/19,0
2020/7/20,0
2020/7/21,0
2020/7/22,0
2020/7/23,0
2020/7/24,0
2020/7/25,0
2020/7/26,0
2020/7/27,0
2020/7/28,0
2020/7/29,0
2020/7/30,0
2020/7/31,0
2020/8/1,0
2020/8/2,0
2020/8/3,0
2020/8/4,0
2020/8/5,0
2020/8/6,0
2020/8/7,0
2020/8/8,0
2020/8/9,0
2020/8/10,0
2020/8/11,0
2020/8/12,0
2020/8/13,0
2020/8/14,0
2020/8/15,0
2020/8/16,0
2020/8/17,0
2020/8/18,0
2020/8/19,0
2020/8/20,0
2020/8/21,0
2020/8/22,0
2020/8/23,0
2020/8/24,0
2020/8/25,0
2020/8/26,0
2020/8/27,0
2020/8/28,0
2020/8/29,0
2020/8/30,0
2020/8/31,0
2020/9/1,0
2020/9/2,0
2020/9/3,0
2020/9/4,0
2020/9/5,0
2020/9/6,0
2020/9/7,0
2020/9/8,0
2020/9/9,0
2020/9/10,0
2020/9/11,0
2020/9/12,0
2020/9/13,0
2020/9/14,0
2020/9/15,0
2020/9/16,0
2020/9/17,0
2020/9/18,0
2020/9/19,0
2020/9/20,0
2020/9/21,0
2020/9/22,0
2020/9/23,0
2020/9/24,0
2020/9/25,0
2020/9/26,0
2020/9/27,0
2020/9/28,0
2020/9/29,0
2020/9/30,0
2020/10/1,0
2020/10/2,0
2020/10/3,0
2020/10/4,0
2020/10/5,0
2020/10/6,0
2020/10/7,0
2020/10/8,0
2020/10/9,0
2020/10/10,0
2020/10/11,0
2020/10/12,0
2020/10/13,0
2020/10/14,0
2020/10/15,0
2020/10/16,0
2020/10/17,0
2020/10/18,0
2020/10/19,0
2020/10/20,0
2020/10/21,0
2020/10/22,0
2020/10/23,0
2020/10/24,0
2020/10/25,0
2020/10/26,0
2020/10/27,0
2020/10/28,0
2020/10/29,0
2020/10/30,0
2020/10/31,0
2020/11/1,0
2020/11/2,0
2020/11/3,0
2020/11/4,0
2020/11/5,0
2020/11/6,0
2020/11/7,0
2020/11/8,0
2020/11/9,3
2020/11/10,4
2020/11/11,7
2020/11/12,3
2020/11/13,1
2020/11/14,0
2020/11/15,0
2020/11/16,0
2020/11/17,0
2020/11/18,0
2020/11/19,0
2020/11/20,0
2020/11/21,0
2020/11/22,0
2020/11/23,5
2020/11/24,7
2020/11/25,0
2020/11/26,0
2020/11/27,0
2020/11/28,0
2020/11/29,0
2020/11/30,0
2020/12/1,1
2020/12/2,0
2020/12/3,0
2020/12/4,0
2020/12/5,0
2020/12/6,0
2020/12/7,0
2020/12/8,0
2020/12/9,0
2020/12/10,0
2020/12/11,0
2020/12/12,0
2020/12/13,0
2020/12/14,3
2020/12/15,1
2020/12/16,4
2020/12/17,5
2020/12/18,7
2020/12/19,9
2020/12/20,13
2020/12/21,11
2020/12/22,9
2020/12/23,8
2020/12/24,7
2020/12/25,11
2020/12/26,16
2020/12/27,14
2020/12/28,16
2020/12/29,15
2020/12/30,21
2020/12/31,18
2021/1/1,19
2021/1/2,28
2021/1/3,31
2021/1/4,28
2021/1/5,24
2021/1/6,22
2021/1/7,26
2021/1/8,39
2021/1/9,34
2021/1/10,31
2021/1/11,30
2021/1/12,31
2021/1/13,39
2021/1/14,42
2021/1/15,39
2021/1/16,41
2021/1/17,42
2021/1/18,42
2021/1/19,55
2021/1/20,52
2021/1/21,46
2021/1/22,43
2021/1/23,57
2021/1/24,54
2021/1/25,47
2021/1/26,41
2021/1/27,40
2021/1/28,37
2021/1/29,56
2021/1/30,55
2021/1/31,54
2021/2/1,51
2021/2/2,47
2021/2/3,47
2021/2/4,47
2021/2/5,47
2021/2/6,47
2021/2/7,56
2021/2/8,61
2021/2/9,55
2021/2/10,52
2021/2/11,53
2021/2/12,51
2021/2/13,49
2021/2/14,47
2021/2/15,45
2021/2/16,43
2021/2/17,45
2021/2/18,50
2021/2/19,53
2021/2/20,46
2021/2/21,41
2021/2/22,39
2021/2/23,46
2021/2/24,45
2021/2/25,43
2021/2/26,58
2021/2/27,61
2021/2/28,57
2021/3/1,55
2021/3/2,79
2021/3/3,78
2021/3/4,75
2021/3/5,65
2021/3/6,58
2021/3/7,55
2021/3/8,52
2021/3/9,50
2021/3/10,47
2021/3/11,47
2021/3/12,44
2021/3/13,40
2021/3/14,37
2021/3/15,34
2021/3/16,28
2021/3/17,23
2021/3/18,20
2021/3/19,22
2021/3/20,18
2021/3/21,15
2021/3/22,9
2021/3/23,5
2021/3/24,0
2021/3/25,0
2021/3/26,0
2021/3/27,0
2021/3/28,0
2021/3/29,0
2021/3/30,0
2021/3/31,0
2021/4/1,0
2021/4/2,0
2021/4/3,0
2021/4/4,0
2021/4/5,0
2021/4/6,0
2021/4/7,0
2021/4/8,0
2021/4/9,0
2021/4/10,0
2021/4/11,0
2021/4/12,0
2021/4/13,0
2021/4/14,0
2021/4/15,0
2021/4/16,0
2021/4/17,0
2021/4/18,0
2021/4/19,0
2021/4/20,0
2021/4/21,0
2021/4/22,0
2021/4/23,0
2021/4/24,0
2021/4/25,0
2021/4/26,0
2021/4/27,0
2021/4/28,0
2021/4/29,0
2021/4/30,0
2021/5/1,0
2021/5/2,0
2021/5/3,0
2021/5/4,0
2021/5/5,0
2021/5/6,0
2021/5/7,0
2021/5/8,0
2021/5/9,0
2021/5/10,0
2021/5/11,0
2021/5/12,0
2021/5/13,0
2021/5/14,0
2021/5/15,0
2021/5/16,0
2021/5/17,0
2021/5/18,0
2021/5/19,0
2021/5/20,0
2021/5/21,0
2021/5/22,0
2021/5/23,0
2021/5/24,0
2021/5/25,0
2021/5/26,0
2021/5/27,0
2021/5/28,0
2021/5/29,0
2021/5/30,0
2021/5/31,0
2021/6/1,0
2021/6/2,0
2021/6/3,0
2021/6/4,0
2021/6/5,0
2021/6/6,0
2021/6/7,0
2021/6/8,0
2021/6/9,0
2021/6/10,0
2021/6/11,0
2021/6/12,0
2021/6/13,0
2021/6/14,0
2021/6/15,0
2021/6/16,0
2021/6/17,0
2021/6/18,0
2021/6/19,0
2021/6/20,0
2021/6/21,0
2021/6/22,0
2021/6/23,0
2021/6/24,0
2021/6/25,0
2021/6/26,0
2021/6/27,0
2021/6/28,0
2021/6/29,0
2021/6/30,0
2021/7/1,0
2021/7/2,0
2021/7/3,0
2021/7/4,0
2021/7/5,0
2021/7/6,0
2021/7/7,0
2021/7/8,0
2021/7/9,0
2021/7/10,0
2021/7/11,0
2021/7/12,0
2021/7/13,0
2021/7/14,0
2021/7/15,0
2021/7/16,0
2021/7/17,0
2021/7/18,0
2021/7/19,0
2021/7/20,0
2021/7/21,0
2021/7/22,0
2021/7/23,0
2021/7/24,0
2021/7/25,0
2021/7/26,0
2021/7/27,0
2021/7/28,0
2021/7/29,0
2021/7/30,0
2021/7/31,0
2021/8/1,0
2021/8/2,0
2021/8/3,0
2021/8/4,0
2021/8/5,0
2021/8/6,0
2021/8/7,0
2021/8/8,0
2021/8/9,0
2021/8/10,0
2021/8/11,0
2021/8/12,0
2021/8/13,0
2021/8/14,0
2021/8/15,0
2021/8/16,0
2021/8/17,0
2021/8/18,0
2021/8/19,0
2021/8/20,0
2021/8/21,0
2021/8/22,0
2021/8/23,0
2021/8/24,0
2021/8/25,0
2021/8/26,0
2021/8/27,0
2021/8/28,0
2021/8/29,0
2021/8/30,0
2021/8/31,0
2021/9/1,0
2021/9/2,0
2021/9/3,0
2021/9/4,0
2021/9/5,0
2021/9/6,0
2021/9/7,0
2021/9/8,0
2021/9/9,0
2021/9/10,0
2021/9/11,0
2021/9/12,0
2021/9/13,0
2021/9/14,0
2021/9/15,0
2021/9/16,0
2021/9/17,0
2021/9/18,0
2021/9/19,0
2021/9/20,0
2021/9/21,0
2021/9/22,0
2021/9/23,0
2021/9/24,0
2021/9/25,0
2021/9/26,0
2021/9/27,0
2021/9/28,0
2021/9/29,0
2021/9/30,0
2021/10/1,0
2021/10/2,0
2021/10/3,0
2021/10/4,0
2021/10/5,0
2021/10/6,0
2021/10/7,0
2021/10/8,0
2021/10/9,0
2021/10/10,0
2021/10/11,0
2021/10/12,0
2021/10/13,0
2021/10/14,0
2021/10/15,0
2021/10/16,0
2021/10/17,0
2021/10/18,0
2021/10/19,0
2021/10/20,0
2021/10/21,0
2021/10/22,0
2021/10/23,0
2021/10/24,0
2021/10/25,0
2021/10/26,0
2021/10/27,0
2021/10/28,0
2021/10/29,0
2021/10/30,0
2021/10/31,0
2021/11/1,0
2021/11/2,0
2021/11/3,0
2021/11/4,0
2021/11/5,0
2021/11/6,0
2021/11/7,0
2021/11/8,0
2021/11/9,0
2021/11/10,0
2021/11/11,0
2021/11/12,0
2021/11/13,0
2021/11/14,0
2021/11/15,0
2021/11/16,0
2021/11/17,0
2021/11/18,0
2021/11/19,0
2021/11/20,0
2021/11/21,0
2021/11/22,0
2021/11/23,0
2021/11/24,0
2021/11/25,0
2021/11/26,0
2021/11/27,2
2021/11/28,1
2021/11/29,0
2021/11/30,0
2021/12/1,0
2021/12/2,14
2021/12/3,9
2021/12/4,0
2021/12/5,0
2021/12/6,0
2021/12/7,0
2021/12/8,0
2021/12/9,0
2021/12/10,0
2021/12/11,0
2021/12/12,1
2021/12/13,7
2021/12/14,3
2021/12/15,1
2021/12/16,0
2021/12/17,49
2021/12/18,54
2021/12/19,46
2021/12/20,38
2021/12/21,37
2021/12/22,35
2021/12/23,51
2021/12/24,45
2021/12/25,39
2021/12/26,40
2021/12/27,39
2021/12/28,37
2021/12/29,35
2021/12/30,35
2021/12/31,33
2022/1/1,45
2022/1/2,43
2022/1/3,43
2022/1/4,44
2022/1/5,45
2022/1/6,44
2022/1/7,43
2022/1/8,43
2022/1/9,47
2022/1/10,47
2022/1/11,51
2022/1/12,68
2022/1/13,72
2022/1/14,76
2022/1/15,79
2022/1/16,78
2022/1/17,79
2022/1/18,75
2022/1/19,73
2022/1/20,70
2022/1/21,71
2022/1/22,96
2022/1/23,93
2022/1/24,84
2022/1/25,90
2022/1/26,82
2022/1/27,83
2022/1/28,89
2022/1/29,86
2022/1/30,85
2022/1/31,99
2022/2/1,97
2022/2/2,89
2022/2/3,85
2022/2/4,82
2022/2/5,106
2022/2/6,133
2022/2/7,122
2022/2/8,112
2022/2/9,106
2022/2/10,102
2022/2/11,98
2022/2/12,95
2022/2/13,99
2022/2/14,93
2022/2/15,90
2022/2/16,94
2022/2/17,90
2022/2/18,92
2022/2/19,91
2022/2/20,95
2022/2/21,115
2022/2/22,124
2022/2/23,129
2022/2/24,124
2022/2/25,118
2022/2/26,113
2022/2/27,107
2022/2/28,109
2022/3/1,105
2022/3/2,104
2022/3/3,108
2022/3/4,107
2022/3/5,101
2022/3/6,100
2022/3/7,97
2022/3/8,96
2022/3/9,94
2022/3/10,91
2022/3/11,86
2022/3/12,82
2022/3/13,81
2022/3/14,76
2022/3/15,79
2022/3/16,77
2022/3/17,74
2022/3/18,73
2022/3/19,72
2022/3/20,72
2022/3/21,72
2022/3/22,70
2022/3/23,67
2022/3/24,63
2022/3/25,59
2022/3/26,53
2022/3/27,46
2022/3/28,41
2022/3/29,38
2022/3/30,34
2022/3/31,30
2022/4/1,26
