date,windSpeed(m/s),humidity(%)
2010/1/1,4.2,66
2010/1/2,6.7,89
2010/1/3,1.7,77
2010/1/4,3.2,69
2010/1/5,2.5,74
2010/1/6,5.3,62
2010/1/7,5.3,54
2010/1/8,1.8,64
2010/1/9,2.1,69
2010/1/10,3.2,57
2010/1/11,2,66
2010/1/12,2,73
2010/1/13,2.3,71
2010/1/14,3,50
2010/1/15,3.5,65
2010/1/16,5.8,68
2010/1/17,2.5,74
2010/1/18,1.8,65
2010/1/19,3.1,62
2010/1/20,4.8,84
2010/1/21,5.7,60
2010/1/22,3.1,58
2010/1/23,1.7,75
2010/1/24,2.3,66
2010/1/25,3.2,76
2010/1/26,5.3,63
2010/1/27,2.5,64
2010/1/28,3.9,70
2010/1/29,2.2,71
2010/1/30,1.7,69
2010/1/31,3.2,70
2010/2/1,4.5,51
2010/2/2,3.3,55
2010/2/3,2.2,60
2010/2/4,2.1,58
2010/2/5,2.1,67
2010/2/6,4.7,61
2010/2/7,8.7,77
2010/2/8,3.1,70
2010/2/9,4.1,73
2010/2/10,4.5,54
2010/2/11,2.4,68
2010/2/12,4.7,63
2010/2/13,1.8,68
2010/2/14,1.7,68
2010/2/15,2.2,65
2010/2/16,2.1,78
2010/2/17,1.5,65
2010/2/18,3.5,73
2010/2/19,2.6,81
2010/2/20,4.3,62
2010/2/21,2.8,58
2010/2/22,7.3,71
2010/2/23,2.2,64
2010/2/24,3.6,67
2010/2/25,6.3,71
2010/2/26,5.1,77
2010/2/27,5.3,53
2010/2/28,2.2,64
2010/3/1,5.2,66
2010/3/2,2.7,66
2010/3/3,3.4,74
2010/3/4,3.8,62
2010/3/5,1.9,86
2010/3/6,3.7,70
2010/3/7,3.9,77
2010/3/8,3.3,58
2010/3/9,2.3,57
2010/3/10,2.5,56
2010/3/11,5,60
2010/3/12,6.9,70
2010/3/13,5.9,62
2010/3/14,4.3,57
2010/3/15,4.3,70
2010/3/16,5.3,79
2010/3/17,3.3,66
2010/3/18,2.2,65
2010/3/19,3.1,56
2010/3/20,3,81
2010/3/21,9.4,70
2010/3/22,5.7,56
2010/3/23,2.2,74
2010/3/24,3.3,49
2010/3/25,3,64
2010/3/26,4.6,51
2010/3/27,3.9,64
2010/3/28,2.5,67
2010/3/29,3.4,66
2010/3/30,3.7,51
2010/3/31,2.8,57
2010/4/1,4.7,77
2010/4/2,3.8,45
2010/4/3,3.1,53
2010/4/4,4.3,51
2010/4/5,5,67
2010/4/6,1.6,78
2010/4/7,5.1,70
2010/4/8,1.9,56
2010/4/9,6.1,60
2010/4/10,4.8,71
2010/4/11,5.1,48
2010/4/12,2.5,44
2010/4/13,11.9,66
2010/4/14,5.3,61
2010/4/15,4,49
2010/4/16,2.5,50
2010/4/17,2.2,49
2010/4/18,1.6,66
2010/4/19,2.1,52
2010/4/20,4.3,77
2010/4/21,5.5,86
2010/4/22,3.6,68
2010/4/23,2.9,73
2010/4/24,2.1,75
2010/4/25,5.2,71
2010/4/26,4.7,62
2010/4/27,6.2,45
2010/4/28,10.6,72
2010/4/29,7.6,82
2010/4/30,3.8,69
2010/5/1,3.3,53
2010/5/2,3.1,48
2010/5/3,4.2,56
2010/5/4,3.1,45
2010/5/5,2,53
2010/5/6,8.8,50
2010/5/7,9.6,71
2010/5/8,2.9,83
2010/5/9,5,75
2010/5/10,5.2,70
2010/5/11,6.5,66
2010/5/12,2.5,87
2010/5/13,5.3,80
2010/5/14,5.8,69
2010/5/15,1.7,59
2010/5/16,4.3,55
2010/5/17,3,50
2010/5/18,2.4,57
2010/5/19,7.4,58
2010/5/20,8,82
2010/5/21,3.5,84
2010/5/22,2.2,78
2010/5/23,7.4,68
2010/5/24,7.8,82
2010/5/25,2.8,79
2010/5/26,2.6,58
2010/5/27,4.1,76
2010/5/28,5.7,72
2010/5/29,4.4,53
2010/5/30,4.1,49
2010/5/31,1.9,54
2010/6/1,2.5,61
2010/6/2,1.8,73
2010/6/3,1.8,88
2010/6/4,2.1,88
2010/6/5,1.8,76
2010/6/6,2.3,68
2010/6/7,2.8,79
2010/6/8,3.3,58
2010/6/9,3.4,68
2010/6/10,2.1,73
2010/6/11,2.2,69
2010/6/12,2.4,74
2010/6/13,3.4,65
2010/6/14,3.9,70
2010/6/15,5.7,69
2010/6/16,3.7,82
2010/6/17,2.4,87
2010/6/18,2.1,73
2010/6/19,1.8,72
2010/6/20,1.6,76
2010/6/21,1.5,81
2010/6/22,2.5,76
2010/6/23,5.7,77
2010/6/24,3.4,86
2010/6/25,1.6,62
2010/6/26,1.9,54
2010/6/27,1.9,62
2010/6/28,2,65
2010/6/29,1.9,66
2010/6/30,3.3,71
2010/7/1,2.7,84
2010/7/2,2,77
2010/7/3,2.9,75
2010/7/4,3.6,72
2010/7/5,3.6,84
2010/7/6,2.1,83
2010/7/7,2.2,80
2010/7/8,1.9,83
2010/7/9,1.9,80
2010/7/10,4.1,82
2010/7/11,4.2,80
2010/7/12,4.4,90
2010/7/13,2.8,77
2010/7/14,4.3,76
2010/7/15,1.9,75
2010/7/16,2.6,73
2010/7/17,2.2,72
2010/7/18,2.7,75
2010/7/19,1.7,82
2010/7/20,2,88
2010/7/21,2.8,74
2010/7/22,4.9,79
2010/7/23,2.2,87
2010/7/24,2.7,85
2010/7/25,3.3,71
2010/7/26,2.3,77
2010/7/27,3.7,82
2010/7/28,3.8,74
2010/7/29,5.7,85
2010/7/30,1.9,87
2010/7/31,3.7,74
2010/8/1,2.9,84
2010/8/2,1.6,71
2010/8/3,1.6,66
2010/8/4,1.7,75
2010/8/5,2.1,72
2010/8/6,3.9,68
2010/8/7,2.6,77
2010/8/8,1.8,84
2010/8/9,2.2,77
2010/8/10,1.9,73
2010/8/11,3.2,85
2010/8/12,3.8,84
2010/8/13,1.8,66
2010/8/14,2.3,68
2010/8/15,5.4,76
2010/8/16,2.1,78
2010/8/17,2,72
2010/8/18,2.4,68
2010/8/19,2.9,62
2010/8/20,6.2,67
2010/8/21,3.4,72
2010/8/22,2.4,79
2010/8/23,3.4,80
2010/8/24,2,85
2010/8/25,1.7,73
2010/8/26,3.2,69
2010/8/27,1.5,63
2010/8/28,1.7,53
2010/8/29,1.4,67
2010/8/30,3.6,67
2010/8/31,2.4,70
2010/9/1,2,68
2010/9/2,2.1,71
2010/9/3,3.3,86
2010/9/4,3.5,62
2010/9/5,1.9,71
2010/9/6,2.6,71
2010/9/7,4.6,65
2010/9/8,5.5,54
2010/9/9,2.4,64
2010/9/10,1.4,62
2010/9/11,1.1,70
2010/9/12,3.2,67
2010/9/13,2.5,62
2010/9/14,2.5,69
2010/9/15,3.7,70
2010/9/16,5,70
2010/9/17,3.9,67
2010/9/18,4.4,70
2010/9/19,2.6,78
2010/9/20,4,75
2010/9/21,4.1,65
2010/9/22,4.4,42
2010/9/23,2.9,46
2010/9/24,3.6,53
2010/9/25,2.8,57
2010/9/26,2.2,65
2010/9/27,6,69
2010/9/28,7.4,80
2010/9/29,4.2,49
2010/9/30,2.9,53
2010/10/1,1.7,63
2010/10/2,1.8,66
2010/10/3,6.3,72
2010/10/4,4.8,85
2010/10/5,2.7,74
2010/10/6,3.4,71
2010/10/7,1.3,73
2010/10/8,5,76
2010/10/9,5.2,77
2010/10/10,2.7,90
2010/10/11,4.5,77
2010/10/12,1.5,79
2010/10/13,4.1,72
2010/10/14,2.8,55
2010/10/15,2.4,81
2010/10/16,3.2,60
2010/10/17,3.9,68
2010/10/18,3.2,46
2010/10/19,2.9,50
2010/10/20,1.6,60
2010/10/21,3.1,64
2010/10/22,1.6,66
2010/10/23,1.6,66
2010/10/24,2.3,65
2010/10/25,4.2,75
2010/10/26,4.9,79
2010/10/27,2.8,68
2010/10/28,2.4,66
2010/10/29,3.6,53
2010/10/30,2.6,60
2010/10/31,1.7,59
2010/11/1,1.9,80
2010/11/2,3.4,83
2010/11/3,3,82
2010/11/4,2.2,66
2010/11/5,2.6,56
2010/11/6,3,54
2010/11/7,3.9,60
2010/11/8,2.5,85
2010/11/9,2.6,87
2010/11/10,6.4,82
2010/11/11,3.3,82
2010/11/12,5.1,74
2010/11/13,3.2,68
2010/11/14,4,61
2010/11/15,3.8,54
2010/11/16,2.2,60
2010/11/17,1.3,64
2010/11/18,1.1,73
2010/11/19,1.4,70
2010/11/20,1.9,70
2010/11/21,2.8,67
2010/11/22,6.9,73
2010/11/23,5.4,52
2010/11/24,3.6,59
2010/11/25,3.5,66
2010/11/26,4.2,76
2010/11/27,3,52
2010/11/28,5.6,57
2010/11/29,2.3,82
2010/11/30,2.1,73
2010/12/1,1.8,78
2010/12/2,4.1,77
2010/12/3,6.7,84
2010/12/4,4.4,63
2010/12/5,2,64
2010/12/6,3,80
2010/12/7,4.1,86
2010/12/8,3.7,65
2010/12/9,5.8,60
2010/12/10,2.6,66
2010/12/11,6.8,63
2010/12/12,3.7,68
2010/12/13,4.7,65
2010/12/14,4.4,81
2010/12/15,3.2,69
2010/12/16,3,61
2010/12/17,1.6,60
2010/12/18,3.6,75
2010/12/19,3.4,68
2010/12/20,3.8,81
2010/12/21,3.1,55
2010/12/22,1.6,75
2010/12/23,4,90
2010/12/24,3.7,66
2010/12/25,3.1,55
2010/12/26,3.1,61
2010/12/27,3,54
2010/12/28,2.1,55
2010/12/29,1.8,86
2010/12/30,1.6,85
2010/12/31,2.1,63
2011/1/1,4.8,58
2011/1/2,3.7,61
2011/1/3,1.8,74
2011/1/4,2.3,67
2011/1/5,1.8,66
2011/1/6,5.3,75
2011/1/7,6.3,77
2011/1/8,3.8,71
2011/1/9,3.3,68
2011/1/10,4.4,59
2011/1/11,3.3,58
2011/1/12,1.8,77
2011/1/13,3.6,67
2011/1/14,4,57
2011/1/15,2.7,60
2011/1/16,4.9,74
2011/1/17,5.9,78
2011/1/18,3,65
2011/1/19,1.9,64
2011/1/20,2.8,63
2011/1/21,3.6,67
2011/1/22,2.5,57
2011/1/23,1.8,71
2011/1/24,1.8,61
2011/1/25,2.3,71
2011/1/26,1.3,60
2011/1/27,1.6,59
2011/1/28,2,66
2011/1/29,2.6,55
2011/1/30,3,67
2011/1/31,1.6,75
2011/2/1,5,77
2011/2/2,2.2,66
2011/2/3,2,64
2011/2/4,2.7,62
2011/2/5,4.4,54
2011/2/6,5.4,68
2011/2/7,5.3,67
2011/2/8,3.5,57
2011/2/9,1.8,66
2011/2/10,2.3,79
2011/2/11,2.3,71
2011/2/12,3,63
2011/2/13,5.3,72
2011/2/14,2,70
2011/2/15,2.2,59
2011/2/16,2.4,68
2011/2/17,2,75
2011/2/18,4.7,79
2011/2/19,1.9,76
2011/2/20,4.2,61
2011/2/21,1.7,60
2011/2/22,2.4,66
2011/2/23,6,69
2011/2/24,4.7,77
2011/2/25,4.6,70
2011/2/26,4.7,65
2011/2/27,4,69
2011/2/28,1.9,51
2011/3/1,4,71
2011/3/2,5,66
2011/3/3,3.8,74
2011/3/4,4.5,70
2011/3/5,2.4,61
2011/3/6,2.3,62
2011/3/7,2.8,52
2011/3/8,2.3,55
2011/3/9,2,65
2011/3/10,3.3,63
2011/3/11,2.5,55
2011/3/12,3.4,54
2011/3/13,4,69
2011/3/14,5.4,66
2011/3/15,2.1,74
2011/3/16,3.9,60
2011/3/17,5.2,72
2011/3/18,3.4,52
2011/3/19,4.8,55
2011/3/20,2.5,38
2011/3/21,4.8,48
2011/3/22,3.2,53
2011/3/23,3.2,61
2011/3/24,1.9,65
2011/3/25,1.8,72
2011/3/26,2.8,71
2011/3/27,3.2,61
2011/3/28,3.8,41
2011/3/29,3.1,44
2011/3/30,2.4,54
2011/3/31,2.2,65
2011/4/1,4.7,71
2011/4/2,3.1,68
2011/4/3,4.8,74
2011/4/4,2.4,52
2011/4/5,1.4,50
2011/4/6,1.8,44
2011/4/7,4.5,50
2011/4/8,3.7,59
2011/4/9,3.2,45
2011/4/10,3.4,60
2011/4/11,3.8,56
2011/4/12,3.4,37
2011/4/13,3.5,66
2011/4/14,2.4,56
2011/4/15,6.1,61
2011/4/16,6.6,80
2011/4/17,8.8,66
2011/4/18,5.3,71
2011/4/19,2.6,54
2011/4/20,2.5,55
2011/4/21,2.4,76
2011/4/22,5.7,73
2011/4/23,7.7,82
2011/4/24,2.5,72
2011/4/25,4.3,70
2011/4/26,3.7,63
2011/4/27,2.2,79
2011/4/28,4.2,81
2011/4/29,3.7,56
2011/4/30,4.2,44
2011/5/1,6.5,84
2011/5/2,7.7,80
2011/5/3,5.3,71
2011/5/4,3.2,84
2011/5/5,3.6,70
2011/5/6,4.5,64
2011/5/7,6.8,80
2011/5/8,4.4,82
2011/5/9,3.7,60
2011/5/10,4,81
2011/5/11,3.6,67
2011/5/12,3.3,42
2011/5/13,7.7,71
2011/5/14,3.7,66
2011/5/15,4.9,70
2011/5/16,6.3,68
2011/5/17,2.6,68
2011/5/18,2.6,50
2011/5/19,3.3,67
2011/5/20,2.8,79
2011/5/21,1.9,92
2011/5/22,2.9,84
2011/5/23,3.7,82
2011/5/24,3.8,74
2011/5/25,2.3,74
2011/5/26,2.4,63
2011/5/27,4.9,61
2011/5/28,3.4,74
2011/5/29,1.6,82
2011/5/30,3.1,60
2011/5/31,2.7,57
2011/6/1,4.5,56
2011/6/2,6.1,68
2011/6/3,2.4,77
2011/6/4,3.9,82
2011/6/5,2.5,66
2011/6/6,1.9,77
2011/6/7,2.5,70
2011/6/8,3.8,58
2011/6/9,4.4,68
2011/6/10,3.5,77
2011/6/11,2.9,82
2011/6/12,4,84
2011/6/13,1.6,87
2011/6/14,2.2,92
2011/6/15,4.8,79
2011/6/16,2.6,70
2011/6/17,4.2,66
2011/6/18,2.2,78
2011/6/19,2.3,79
2011/6/20,2.1,73
2011/6/21,2.5,59
2011/6/22,2.5,74
2011/6/23,2.6,88
2011/6/24,4.7,79
2011/6/25,4.9,64
2011/6/26,1.6,58
2011/6/27,5.8,73
2011/6/28,5.2,72
2011/6/29,2.7,65
2011/6/30,2.1,72
2011/7/1,3.4,86
2011/7/2,2.3,82
2011/7/3,4.8,75
2011/7/4,5,84
2011/7/5,2.9,70
2011/7/6,2,70
2011/7/7,4.5,67
2011/7/8,4.4,84
2011/7/9,2,80
2011/7/10,2.1,89
2011/7/11,2.9,80
2011/7/12,2.6,73
2011/7/13,2,83
2011/7/14,1.9,90
2011/7/15,2.6,79
2011/7/16,3.2,87
2011/7/17,1.9,91
2011/7/18,3.3,91
2011/7/19,2.4,87
2011/7/20,2.5,70
2011/7/21,2.5,66
2011/7/22,5.2,63
2011/7/23,5.7,65
2011/7/24,2.1,70
2011/7/25,2.4,71
2011/7/26,2,77
2011/7/27,1.6,79
2011/7/28,2.3,74
2011/7/29,3,76
2011/7/30,2.3,79
2011/7/31,3.4,66
2011/8/1,2.1,70
2011/8/2,2.1,66
2011/8/3,2.8,64
2011/8/4,5.7,74
2011/8/5,3.2,76
2011/8/6,1.9,77
2011/8/7,2.4,75
2011/8/8,2.4,74
2011/8/9,1.9,74
2011/8/10,4,73
2011/8/11,4.1,53
2011/8/12,4.8,57
2011/8/13,3.6,60
2011/8/14,3.1,78
2011/8/15,2.3,89
2011/8/16,1.5,93
2011/8/17,2.6,78
2011/8/18,2.5,70
2011/8/19,1.8,68
2011/8/20,3.4,75
2011/8/21,4.5,71
2011/8/22,3.6,64
2011/8/23,2.3,79
2011/8/24,1.6,76
2011/8/25,2.2,81
2011/8/26,1.6,76
2011/8/27,1.5,65
2011/8/28,1.7,67
2011/8/29,2.8,67
2011/8/30,5.2,74
2011/8/31,4.2,74
2011/9/1,4.7,73
2011/9/2,2.1,92
2011/9/3,5.3,89
2011/9/4,5,87
2011/9/5,8,83
2011/9/6,3.9,89
2011/9/7,4.3,68
2011/9/8,3.1,54
2011/9/9,3.1,71
2011/9/10,3.6,68
2011/9/11,2.8,65
2011/9/12,1.6,90
2011/9/13,1.4,83
2011/9/14,1.6,75
2011/9/15,2.9,81
2011/9/16,2.7,76
2011/9/17,3.6,83
2011/9/18,4.4,83
2011/9/19,2.3,65
2011/9/20,1.5,64
2011/9/21,1,71
2011/9/22,4.5,76
2011/9/23,1.6,69
2011/9/24,1.9,73
2011/9/25,4.4,69
2011/9/26,4.8,73
2011/9/27,2.5,71
2011/9/28,2.8,64
2011/9/29,3.4,63
2011/9/30,3.6,81
2011/10/1,4.5,72
2011/10/2,3.6,60
2011/10/3,4,61
2011/10/4,2.7,60
2011/10/5,2.4,65
2011/10/6,3.1,82
2011/10/7,4.6,81
2011/10/8,1.7,74
2011/10/9,2.4,63
2011/10/10,3.3,76
2011/10/11,3.1,56
2011/10/12,3.3,69
2011/10/13,2.9,50
2011/10/14,2.9,57
2011/10/15,1.8,79
2011/10/16,5,66
2011/10/17,4.6,54
2011/10/18,2.5,59
2011/10/19,2.5,64
2011/10/20,1.4,65
2011/10/21,3.7,65
2011/10/22,3.1,87
2011/10/23,4.4,89
2011/10/24,3.2,80
2011/10/25,4.8,73
2011/10/26,2.5,67
2011/10/27,2.5,68
2011/10/28,2.8,73
2011/10/29,1.4,75
2011/10/30,3.6,75
2011/10/31,3.1,76
2011/11/1,1.9,63
2011/11/2,3.5,64
2011/11/3,2.8,60
2011/11/4,1.6,68
2011/11/5,1.5,76
2011/11/6,3.1,71
2011/11/7,3,73
2011/11/8,3.3,65
2011/11/9,1.8,65
2011/11/10,1.9,65
2011/11/11,1.7,69
2011/11/12,2,72
2011/11/13,3.1,62
2011/11/14,3.6,56
2011/11/15,3.8,58
2011/11/16,4.3,52
2011/11/17,3.7,67
2011/11/18,2.9,70
2011/11/19,4.2,89
2011/11/20,4.4,76
2011/11/21,2.1,78
2011/11/22,1.7,77
2011/11/23,3.3,68
2011/11/24,4.4,62
2011/11/25,3.5,59
2011/11/26,2.1,59
2011/11/27,2.8,79
2011/11/28,2.8,71
2011/11/29,4.6,70
2011/11/30,5.2,67
2011/12/1,4.3,63
2011/12/2,1.5,74
2011/12/3,2.1,83
2011/12/4,3.6,84
2011/12/5,4.6,69
2011/12/6,1.9,69
2011/12/7,3.2,63
2011/12/8,1.8,67
2011/12/9,2.3,64
2011/12/10,2.3,69
2011/12/11,2.8,76
2011/12/12,2.6,78
2011/12/13,3.4,62
2011/12/14,3.4,71
2011/12/15,3.8,72
2011/12/16,3.2,56
2011/12/17,3.1,60
2011/12/18,2.7,66
2011/12/19,2.2,64
2011/12/20,2.4,60
2011/12/21,1.6,66
2011/12/22,2.3,80
2011/12/23,3.3,67
2011/12/24,3.2,51
2011/12/25,3.6,59
2011/12/26,8.4,78
2011/12/27,4.8,70
2011/12/28,3.1,62
2011/12/29,2.4,71
2011/12/30,3.9,66
2011/12/31,3.1,71
2012/1/1,2.4,77
2012/1/2,2.4,79
2012/1/3,6.6,74
2012/1/4,4.8,67
2012/1/5,6.2,77
2012/1/6,1.9,83
2012/1/7,2.6,73
2012/1/8,1.4,76
2012/1/9,2.7,63
2012/1/10,2.5,73
2012/1/11,5.6,55
2012/1/12,2.9,65
2012/1/13,2.9,64
2012/1/14,4.9,49
2012/1/15,4.9,50
2012/1/16,3.3,61
2012/1/17,1.8,70
2012/1/18,1.8,66
2012/1/19,1.1,71
2012/1/20,2,64
2012/1/21,3.2,72
2012/1/22,4.7,84
2012/1/23,5.3,70
2012/1/24,3.4,60
2012/1/25,2,61
2012/1/26,2.8,53
2012/1/27,2.8,53
2012/1/28,4.9,63
2012/1/29,2.4,70
2012/1/30,1.6,63
2012/1/31,2.4,56
2012/2/1,2.3,63
2012/2/2,2.5,64
2012/2/3,2.6,64
2012/2/4,2.5,70
2012/2/5,2.8,59
2012/2/6,3.2,75
2012/2/7,2.6,83
2012/2/8,4.3,52
2012/2/9,3.2,51
2012/2/10,4.2,58
2012/2/11,3.6,61
2012/2/12,5.6,58
2012/2/13,3.6,56
2012/2/14,1.9,72
2012/2/15,4.7,74
2012/2/16,4.5,56
2012/2/17,2.1,53
2012/2/18,1.6,71
2012/2/19,1.3,71
2012/2/20,2.5,63
2012/2/21,5.9,59
2012/2/22,2.3,50
2012/2/23,3.6,81
2012/2/24,3.6,69
2012/2/25,2.2,74
2012/2/26,4,72
2012/2/27,4.7,67
2012/2/28,2.4,63
2012/2/29,3.1,61
2012/3/1,2.8,65
2012/3/2,4.5,51
2012/3/3,3.6,72
2012/3/4,3.3,67
2012/3/5,1.7,70
2012/3/6,1.9,81
2012/3/7,4.2,73
2012/3/8,2.7,75
2012/3/9,2.2,66
2012/3/10,1.6,65
2012/3/11,3.7,61
2012/3/12,2.3,57
2012/3/13,3.1,63
2012/3/14,3.5,64
2012/3/15,5.2,69
2012/3/16,2.9,49
2012/3/17,6,71
2012/3/18,5,80
2012/3/19,4.6,64
2012/3/20,3,64
2012/3/21,3.3,53
2012/3/22,3,69
2012/3/23,3.4,64
2012/3/24,1.9,82
2012/3/25,2.6,74
2012/3/26,3,63
2012/3/27,3,55
2012/3/28,2.8,63
2012/3/29,3.1,52
2012/3/30,6.5,57
2012/3/31,5,81
2012/4/1,5.4,57
2012/4/2,2.8,59
2012/4/3,3.7,82
2012/4/4,7.3,74
2012/4/5,4.4,44
2012/4/6,2.6,69
2012/4/7,2.3,74
2012/4/8,2.5,59
2012/4/9,5.8,72
2012/4/10,2.7,54
2012/4/11,6.1,71
2012/4/12,4.5,36
2012/4/13,5.2,68
2012/4/14,2.2,60
2012/4/15,2.7,70
2012/4/16,6,69
2012/4/17,3.2,83
2012/4/18,1.3,87
2012/4/19,2.1,70
2012/4/20,2.3,70
2012/4/21,2.6,58
2012/4/22,9.5,61
2012/4/23,6.8,79
2012/4/24,2.8,83
2012/4/25,2.8,78
2012/4/26,10.6,79
2012/4/27,3.5,61
2012/4/28,3.7,44
2012/4/29,4.8,53
2012/4/30,3.7,42
2012/5/1,4.3,50
2012/5/2,5.4,69
2012/5/3,8,81
2012/5/4,1.7,91
2012/5/5,2.8,80
2012/5/6,3.8,67
2012/5/7,3.7,75
2012/5/8,2.3,66
2012/5/9,3.3,75
2012/5/10,3.9,75
2012/5/11,4.4,64
2012/5/12,7.9,73
2012/5/13,6.3,56
2012/5/14,2.6,67
2012/5/15,4.8,78
2012/5/16,2.8,87
2012/5/17,2.2,70
2012/5/18,3.6,75
2012/5/19,4.9,73
2012/5/20,2.1,69
2012/5/21,2.9,70
2012/5/22,4.5,52
2012/5/23,2.8,63
2012/5/24,4.9,61
2012/5/25,2.9,68
2012/5/26,4.8,74
2012/5/27,5.7,74
2012/5/28,5.7,66
2012/5/29,3.8,76
2012/5/30,3.6,81
2012/5/31,2.7,75
2012/6/1,3.3,84
2012/6/2,2.3,73
2012/6/3,3.5,72
2012/6/4,2.5,68
2012/6/5,2.4,63
2012/6/6,3.1,73
2012/6/7,2.3,83
2012/6/8,3,75
2012/6/9,6.2,73
2012/6/10,3.6,76
2012/6/11,3.8,78
2012/6/12,5.3,62
2012/6/13,4.7,61
2012/6/14,3.2,68
2012/6/15,2.1,64
2012/6/16,5.8,70
2012/6/17,3.2,87
2012/6/18,3.6,82
2012/6/19,5.8,73
2012/6/20,4.1,79
2012/6/21,2.3,71
2012/6/22,1.9,88
2012/6/23,3.2,83
2012/6/24,3.3,77
2012/6/25,2.3,76
2012/6/26,1.9,69
2012/6/27,2.4,60
2012/6/28,2.4,48
2012/6/29,1.8,58
2012/6/30,4.5,60
2012/7/1,8.2,54
2012/7/2,6,75
2012/7/3,3.5,74
2012/7/4,2,77
2012/7/5,1.9,81
2012/7/6,3,80
2012/7/7,2.7,74
2012/7/8,2,77
2012/7/9,2.5,84
2012/7/10,3.2,77
2012/7/11,2.9,73
2012/7/12,3.4,93
2012/7/13,4.1,76
2012/7/14,4.4,78
2012/7/15,2.2,75
2012/7/16,2.6,80
2012/7/17,3.2,73
2012/7/18,3.2,69
2012/7/19,4.2,65
2012/7/20,3,68
2012/7/21,2.3,71
2012/7/22,2.3,73
2012/7/23,3.3,71
2012/7/24,3.2,75
2012/7/25,3.2,77
2012/7/26,2.5,81
2012/7/27,3.7,67
2012/7/28,3.2,69
2012/7/29,2.5,72
2012/7/30,3.7,67
2012/7/31,3,74
2012/8/1,2.8,87
2012/8/2,4.2,82
2012/8/3,2.8,75
2012/8/4,5.5,73
2012/8/5,2,84
2012/8/6,4,84
2012/8/7,5.4,71
2012/8/8,3.4,73
2012/8/9,4.3,67
2012/8/10,2,79
2012/8/11,1.8,80
2012/8/12,3.7,73
2012/8/13,2.9,87
2012/8/14,3.2,65
2012/8/15,5.2,62
2012/8/16,4.9,87
2012/8/17,1.4,82
2012/8/18,1.5,79
2012/8/19,4.9,77
2012/8/20,2.4,88
2012/8/21,3.5,69
2012/8/22,4.7,69
2012/8/23,3.5,81
2012/8/24,1.3,81
2012/8/25,2.2,79
2012/8/26,2.5,72
2012/8/27,2.7,77
2012/8/28,2.2,77
2012/8/29,6.6,79
2012/8/30,4.6,60
2012/8/31,2.1,67
2012/9/1,4.6,72
2012/9/2,4.7,70
2012/9/3,4.9,69
2012/9/4,5.5,72
2012/9/5,4.7,63
2012/9/6,3.9,81
2012/9/7,1.6,61
2012/9/8,2.3,55
2012/9/9,4.3,90
2012/9/10,1.7,90
2012/9/11,1.1,89
2012/9/12,1.7,79
2012/9/13,2.5,74
2012/9/14,2,71
2012/9/15,3.4,74
2012/9/16,3.1,82
2012/9/17,4.2,80
2012/9/18,5.5,76
2012/9/19,3.6,76
2012/9/20,3.1,69
2012/9/21,1.8,64
2012/9/22,1.7,66
2012/9/23,1.9,71
2012/9/24,1.9,70
2012/9/25,3.7,80
2012/9/26,2.1,75
2012/9/27,3.4,76
2012/9/28,4.4,68
2012/9/29,4.3,70
2012/9/30,2.7,74
2012/10/1,4,81
2012/10/2,1.8,72
2012/10/3,1.9,78
2012/10/4,1.5,73
2012/10/5,1.8,70
2012/10/6,2.7,69
2012/10/7,4.2,56
2012/10/8,1.8,64
2012/10/9,1.7,64
2012/10/10,4,72
2012/10/11,4.3,80
2012/10/12,1.9,68
2012/10/13,2.5,75
2012/10/14,4.2,76
2012/10/15,3.1,60
2012/10/16,3.3,55
2012/10/17,4.3,79
2012/10/18,4.1,56
2012/10/19,3.4,55
2012/10/20,3.3,62
2012/10/21,4.5,60
2012/10/22,3.6,59
2012/10/23,6.8,75
2012/10/24,5.6,62
2012/10/25,3.1,69
2012/10/26,4.1,69
2012/10/27,3.7,74
2012/10/28,8.9,75
2012/10/29,4,69
2012/10/30,2,78
2012/10/31,3.7,74
2012/11/1,1.5,82
2012/11/2,5.1,84
2012/11/3,5.8,72
2012/11/4,7.6,81
2012/11/5,2.1,73
2012/11/6,5,82
2012/11/7,2.2,92
2012/11/8,1.9,84
2012/11/9,2.8,76
2012/11/10,4,61
2012/11/11,3.2,65
2012/11/12,5.9,82
2012/11/13,3.3,61
2012/11/14,2.1,79
2012/11/15,3,58
2012/11/16,2.4,62
2012/11/17,2.4,85
2012/11/18,6.5,81
2012/11/19,1.8,71
2012/11/20,1.8,76
2012/11/21,4.2,53
2012/11/22,1.6,67
2012/11/23,3.6,68
2012/11/24,3.8,50
2012/11/25,3,53
2012/11/26,2.5,85
2012/11/27,5.4,81
2012/11/28,4.4,72
2012/11/29,2.7,62
2012/11/30,1.6,80
2012/12/1,3.4,61
2012/12/2,3,74
2012/12/3,3.5,69
2012/12/4,5.9,78
2012/12/5,2.9,62
2012/12/6,4.3,64
2012/12/7,2.8,62
2012/12/8,3.5,70
2012/12/9,2.7,60
2012/12/10,3.1,69
2012/12/11,2.3,86
2012/12/12,1.8,86
2012/12/13,1.6,74
2012/12/14,2.6,74
2012/12/15,2,69
2012/12/16,2.5,85
2012/12/17,1.9,63
2012/12/18,3.9,88
2012/12/19,2.9,59
2012/12/20,3.8,59
2012/12/21,3,53
2012/12/22,3.8,77
2012/12/23,3.4,68
2012/12/24,1.6,80
2012/12/25,2.5,69
2012/12/26,5.9,62
2012/12/27,4.9,59
2012/12/28,3.3,54
2012/12/29,3.5,62
2012/12/30,5.3,79
2012/12/31,3.3,68
2013/1/1,2,64
2013/1/2,3.1,67
2013/1/3,5.2,42
2013/1/4,4.1,54
2013/1/5,3.1,58
2013/1/6,4.2,67
2013/1/7,3.4,58
2013/1/8,2.8,54
2013/1/9,1.9,61
2013/1/10,3.1,52
2013/1/11,3.3,59
2013/1/12,2.3,71
2013/1/13,4.5,57
2013/1/14,1.6,64
2013/1/15,3.2,74
2013/1/16,1.5,70
2013/1/17,1.6,73
2013/1/18,3.3,74
2013/1/19,5.1,75
2013/1/20,5.8,84
2013/1/21,3.2,79
2013/1/22,1.4,69
2013/1/23,1.3,75
2013/1/24,4.3,72
2013/1/25,4.9,67
2013/1/26,3.2,59
2013/1/27,6.8,77
2013/1/28,1.5,72
2013/1/29,2.8,78
2013/1/30,5.8,79
2013/1/31,1.5,79
2013/2/1,4.4,72
2013/2/2,5.9,64
2013/2/3,5.2,62
2013/2/4,2.4,72
2013/2/5,6.1,56
2013/2/6,1.3,61
2013/2/7,4.4,77
2013/2/8,6.8,78
2013/2/9,4.4,73
2013/2/10,1.7,70
2013/2/11,1.6,71
2013/2/12,1.9,72
2013/2/13,1.8,70
2013/2/14,1.3,82
2013/2/15,3,61
2013/2/16,2.8,77
2013/2/17,3.2,69
2013/2/18,2,82
2013/2/19,2.3,75
2013/2/20,3.7,58
2013/2/21,4.1,59
2013/2/22,2.3,62
2013/2/23,3.3,58
2013/2/24,2,77
2013/2/25,2.5,71
2013/2/26,2.8,54
2013/2/27,4.6,65
2013/2/28,3.7,69
2013/3/1,5.9,79
2013/3/2,9,78
2013/3/3,6.7,73
2013/3/4,2,77
2013/3/5,1.7,66
2013/3/6,4.2,71
2013/3/7,5.1,76
2013/3/8,3.3,76
2013/3/9,6.7,72
2013/3/10,6.2,69
2013/3/11,4,61
2013/3/12,2.8,65
2013/3/13,4.5,84
2013/3/14,4.6,56
2013/3/15,3.4,59
2013/3/16,4.9,72
2013/3/17,4.2,58
2013/3/18,4.8,76
2013/3/19,3.6,64
2013/3/20,3.9,74
2013/3/21,5.5,66
2013/3/22,4.1,70
2013/3/23,3.5,55
2013/3/24,2.4,56
2013/3/25,1.9,58
2013/3/26,3.3,66
2013/3/27,5.3,54
2013/3/28,4,80
2013/3/29,2.4,60
2013/3/30,2.8,60
2013/3/31,2.3,52
2013/4/1,3.2,48
2013/4/2,2.7,64
2013/4/3,3.8,74
2013/4/4,4,56
2013/4/5,2.1,58
2013/4/6,6.7,65
2013/4/7,5.4,90
2013/4/8,7.9,61
2013/4/9,5.5,59
2013/4/10,3.3,59
2013/4/11,3.1,60
2013/4/12,2.7,71
2013/4/13,2.8,52
2013/4/14,7.6,68
2013/4/15,3.5,46
2013/4/16,3.4,51
2013/4/17,4.1,81
2013/4/18,3.5,71
2013/4/19,4.3,76
2013/4/20,3,57
2013/4/21,4,49
2013/4/22,4.4,45
2013/4/23,2.6,45
2013/4/24,5.7,59
2013/4/25,4.4,64
2013/4/26,4.3,72
2013/4/27,6.3,83
2013/4/28,10.4,81
2013/4/29,6.2,80
2013/4/30,4.1,81
2013/5/1,2.3,79
2013/5/2,6.5,71
2013/5/3,3.8,84
2013/5/4,2.1,86
2013/5/5,1.7,79
2013/5/6,3.2,81
2013/5/7,6.2,56
2013/5/8,5.8,55
2013/5/9,2.9,61
2013/5/10,4.6,57
2013/5/11,8.1,77
2013/5/12,2.8,79
2013/5/13,6,76
2013/5/14,2.6,79
2013/5/15,4.4,80
2013/5/16,4.2,84
2013/5/17,2.6,69
2013/5/18,2.1,70
2013/5/19,3.1,67
2013/5/20,4.5,78
2013/5/21,3,69
2013/5/22,2.6,81
2013/5/23,4.6,90
2013/5/24,4.7,74
2013/5/25,2.7,66
2013/5/26,4.8,61
2013/5/27,2.8,54
2013/5/28,5.6,60
2013/5/29,7.6,78
2013/5/30,4.9,71
2013/5/31,2.8,52
2013/6/1,3.1,56
2013/6/2,3.4,69
2013/6/3,5.2,76
2013/6/4,5,74
2013/6/5,2.6,79
2013/6/6,2.5,78
2013/6/7,2,64
2013/6/8,2.5,59
2013/6/9,3.6,73
2013/6/10,2.4,72
2013/6/11,3.7,67
2013/6/12,5.7,66
2013/6/13,5.6,69
2013/6/14,1.4,84
2013/6/15,2.7,87
2013/6/16,2.1,83
2013/6/17,4.8,79
2013/6/18,3.8,81
2013/6/19,2.7,86
2013/6/20,5,87
2013/6/21,2.1,84
2013/6/22,2,89
2013/6/23,2.1,70
2013/6/24,2.7,73
2013/6/25,2.2,75
2013/6/26,2.6,81
2013/6/27,2.1,91
2013/6/28,3.3,76
2013/6/29,3.2,69
2013/6/30,3.6,69
2013/7/1,2.9,70
2013/7/2,4.7,70
2013/7/3,11.1,85
2013/7/4,6.4,80
2013/7/5,4,83
2013/7/6,1.6,80
2013/7/7,2.2,78
2013/7/8,2.7,74
2013/7/9,2.7,76
2013/7/10,2.8,84
2013/7/11,1.8,77
2013/7/12,1.8,76
2013/7/13,2.2,70
2013/7/14,2.5,74
2013/7/15,2.8,76
2013/7/16,2.5,79
2013/7/17,5,73
2013/7/18,4.5,63
2013/7/19,2.3,69
2013/7/20,2.2,71
2013/7/21,3.1,63
2013/7/22,4.1,73
2013/7/23,2.7,67
2013/7/24,6.3,75
2013/7/25,7.5,80
2013/7/26,7.5,74
2013/7/27,7.2,77
2013/7/28,4.9,81
2013/7/29,4.1,84
2013/7/30,3.9,73
2013/7/31,3,72
2013/8/1,2.2,81
2013/8/2,3.3,77
2013/8/3,3.2,75
2013/8/4,2.2,70
2013/8/5,5.6,71
2013/8/6,4.3,75
2013/8/7,2.4,80
2013/8/8,2.2,75
2013/8/9,6.2,88
2013/8/10,4.4,86
2013/8/11,2.4,84
2013/8/12,2,85
2013/8/13,3,81
2013/8/14,5.1,81
2013/8/15,5.8,81
2013/8/16,4.4,75
2013/8/17,5,87
2013/8/18,3.6,83
2013/8/19,1.9,79
2013/8/20,2.2,79
2013/8/21,2.1,81
2013/8/22,2.1,78
2013/8/23,3.2,74
2013/8/24,2.5,85
2013/8/25,2.9,84
2013/8/26,5,74
2013/8/27,3,81
2013/8/28,4.8,64
2013/8/29,2.3,65
2013/8/30,3.7,91
2013/8/31,3.7,89
2013/9/1,2.9,83
2013/9/2,4.8,85
2013/9/3,2.2,90
2013/9/4,2.3,95
2013/9/5,3.9,62
2013/9/6,2.8,79
2013/9/7,2,83
2013/9/8,2.2,78
2013/9/9,2.6,74
2013/9/10,1.7,71
2013/9/11,3.6,76
2013/9/12,1.7,77
2013/9/13,3.9,60
2013/9/14,3.5,84
2013/9/15,3.4,87
2013/9/16,2.9,88
2013/9/17,4.1,49
2013/9/18,3.5,53
2013/9/19,2.1,50
2013/9/20,4.4,64
2013/9/21,3.6,65
2013/9/22,4.2,58
2013/9/23,4.3,73
2013/9/24,3.7,76
2013/9/25,3.2,88
2013/9/26,2.9,61
2013/9/27,1.6,59
2013/9/28,4,63
2013/9/29,5.1,71
2013/9/30,3.3,91
2013/10/1,2.4,93
2013/10/2,3.5,79
2013/10/3,3.4,51
2013/10/4,2.4,55
2013/10/5,3.9,68
2013/10/6,2,80
2013/10/7,5.5,79
2013/10/8,3.6,65
2013/10/9,1.7,78
2013/10/10,1.9,72
2013/10/11,5.1,90
2013/10/12,5,59
2013/10/13,4.7,61
2013/10/14,3.6,60
2013/10/15,4.7,66
2013/10/16,4.7,72
2013/10/17,2.4,65
2013/10/18,2.4,61
2013/10/19,1.7,70
2013/10/20,3,77
2013/10/21,1.8,74
2013/10/22,1.8,64
2013/10/23,2.6,76
2013/10/24,3.9,76
2013/10/25,6.3,90
2013/10/26,4.6,69
2013/10/27,6.4,74
2013/10/28,2.2,79
2013/10/29,2.7,72
2013/10/30,2.3,78
2013/10/31,2.5,61
2013/11/1,4.4,48
2013/11/2,1.9,60
2013/11/3,2.2,73
2013/11/4,2.4,71
2013/11/5,1.5,68
2013/11/6,4.1,65
2013/11/7,3.4,76
2013/11/8,6.2,82
2013/11/9,4.1,57
2013/11/10,6.4,64
2013/11/11,2.6,65
2013/11/12,2.3,62
2013/11/13,2.4,69
2013/11/14,2.5,59
2013/11/15,4,75
2013/11/16,1.3,69
2013/11/17,2.8,71
2013/11/18,3.6,80
2013/11/19,1.6,83
2013/11/20,2.5,62
2013/11/21,2.9,66
2013/11/22,2.8,70
2013/11/23,1.9,70
2013/11/24,2.1,65
2013/11/25,7.6,75
2013/11/26,4.2,52
2013/11/27,2.6,65
2013/11/28,2.7,79
2013/11/29,2.4,64
2013/11/30,2.5,69
2013/12/1,2.7,62
2013/12/2,2.4,80
2013/12/3,1.6,76
2013/12/4,2.6,67
2013/12/5,2.5,63
2013/12/6,2.1,75
2013/12/7,3.4,61
2013/12/8,2.9,64
2013/12/9,2.9,59
2013/12/10,3.4,90
2013/12/11,5.4,64
2013/12/12,2.5,66
2013/12/13,3.2,81
2013/12/14,4.3,52
2013/12/15,7.7,78
2013/12/16,5.2,75
2013/12/17,3.1,66
2013/12/18,1.8,70
2013/12/19,1.9,67
2013/12/20,1.9,61
2013/12/21,3.6,55
2013/12/22,2.5,77
2013/12/23,2.9,83
2013/12/24,1.7,69
2013/12/25,2,74
2013/12/26,2.7,67
2013/12/27,4.3,76
2013/12/28,5.7,76
2013/12/29,3.4,72
2013/12/30,1.5,88
2013/12/31,2.3,71
2014/1/1,3.6,82
2014/1/2,5.2,66
2014/1/3,3.4,70
2014/1/4,3.2,73
2014/1/5,2.7,73
2014/1/6,3.3,67
2014/1/7,2.9,61
2014/1/8,3.3,73
2014/1/9,4.1,56
2014/1/10,4.5,47
2014/1/11,3.3,59
2014/1/12,3.5,74
2014/1/13,3.8,65
2014/1/14,2.8,55
2014/1/15,1.9,64
2014/1/16,2.2,62
2014/1/17,1.8,78
2014/1/18,1.7,68
2014/1/19,1.9,75
2014/1/20,1.3,74
2014/1/21,2,80
2014/1/22,3,75
2014/1/23,2.2,75
2014/1/24,4.2,82
2014/1/25,3,70
2014/1/26,4.6,85
2014/1/27,4.2,62
2014/1/28,3.7,77
2014/1/29,5.5,54
2014/1/30,4.8,73
2014/1/31,5.8,71
2014/2/1,4.1,59
2014/2/2,4.6,71
2014/2/3,3.1,59
2014/2/4,2.6,70
2014/2/5,2.4,69
2014/2/6,3.3,53
2014/2/7,3.9,63
2014/2/8,1.7,61
2014/2/9,1.6,68
2014/2/10,1.9,79
2014/2/11,1.7,80
2014/2/12,2.1,69
2014/2/13,3.1,73
2014/2/14,2,56
2014/2/15,2.1,68
2014/2/16,5.7,85
2014/2/17,9.3,77
2014/2/18,8.6,77
2014/2/19,6.8,79
2014/2/20,2.6,64
2014/2/21,3.2,82
2014/2/22,2.2,76
2014/2/23,1.8,76
2014/2/24,1.4,66
2014/2/25,2,67
2014/2/26,2.3,64
2014/2/27,3.9,61
2014/2/28,6,58
2014/3/1,3.3,42
2014/3/2,3.9,47
2014/3/3,2.6,63
2014/3/4,3.7,63
2014/3/5,3.2,88
2014/3/6,7.4,73
2014/3/7,2.4,65
2014/3/8,2,65
2014/3/9,2,71
2014/3/10,5,71
2014/3/11,2,75
2014/3/12,1.8,73
2014/3/13,2.1,70
2014/3/14,6,65
2014/3/15,2.7,71
2014/3/16,3.1,80
2014/3/17,3.3,63
2014/3/18,6.2,77
2014/3/19,4.3,63
2014/3/20,3.1,62
2014/3/21,5.3,76
2014/3/22,3.7,79
2014/3/23,2.7,62
2014/3/24,1.9,57
2014/3/25,3,63
2014/3/26,2.1,74
2014/3/27,1.6,69
2014/3/28,2.9,73
2014/3/29,3.2,64
2014/3/30,3.4,71
2014/3/31,6.2,66
2014/4/1,5.9,57
2014/4/2,2.8,54
2014/4/3,4.5,67
2014/4/4,5.9,87
2014/4/5,5.8,66
2014/4/6,3.3,58
2014/4/7,4.3,58
2014/4/8,2.9,51
2014/4/9,3.2,41
2014/4/10,5.8,72
2014/4/11,6.3,50
2014/4/12,6.1,49
2014/4/13,4.6,60
2014/4/14,1.9,39
2014/4/15,3.7,42
2014/4/16,5.3,33
2014/4/17,4,43
2014/4/18,5.1,56
2014/4/19,3.5,52
2014/4/20,2.1,56
2014/4/21,3,48
2014/4/22,2.9,65
2014/4/23,3.9,73
2014/4/24,1.9,53
2014/4/25,1.8,42
2014/4/26,1.9,36
2014/4/27,3.6,31
2014/4/28,5.1,57
2014/4/29,3,40
2014/4/30,4,52
2014/5/1,3.1,76
2014/5/2,2.8,79
2014/5/3,5.3,68
2014/5/4,3.2,42
2014/5/5,5.6,55
2014/5/6,3.7,48
2014/5/7,4.1,50
2014/5/8,3.6,45
2014/5/9,4,77
2014/5/10,4.7,73
2014/5/11,2.1,50
2014/5/12,4.7,39
2014/5/13,4.4,65
2014/5/14,3.2,64
2014/5/15,2.2,74
2014/5/16,4,91
2014/5/17,9.5,81
2014/5/18,6,79
2014/5/19,3,67
2014/5/20,2.2,61
2014/5/21,3.8,77
2014/5/22,2.7,65
2014/5/23,3,63
2014/5/24,3,68
2014/5/25,3.6,83
2014/5/26,9.5,73
2014/5/27,6,71
2014/5/28,4.5,63
2014/5/29,5.2,54
2014/5/30,3.8,65
2014/5/31,2.1,60
2014/6/1,3.8,54
2014/6/2,2.2,44
2014/6/3,1.9,45
2014/6/4,2.5,47
2014/6/5,7.8,47
2014/6/6,7.4,62
2014/6/7,6.8,67
2014/6/8,4.6,82
2014/6/9,5.6,80
2014/6/10,4.7,76
2014/6/11,5.9,78
2014/6/12,5.3,83
2014/6/13,2.7,92
2014/6/14,2.3,79
2014/6/15,1.6,88
2014/6/16,1.5,92
2014/6/17,1.8,85
2014/6/18,1.8,87
2014/6/19,3.4,86
2014/6/20,4.8,82
2014/6/21,3.7,80
2014/6/22,3.2,79
2014/6/23,4.6,76
2014/6/24,2.8,73
2014/6/25,2.2,70
2014/6/26,3,67
2014/6/27,6.3,68
2014/6/28,6.4,73
2014/6/29,5.9,69
2014/6/30,2.4,65
2014/7/1,2.7,70
2014/7/2,2.1,75
2014/7/3,2.5,75
2014/7/4,3.6,66
2014/7/5,2.2,65
2014/7/6,1.6,72
2014/7/7,1.8,72
2014/7/8,2.6,74
2014/7/9,5.2,73
2014/7/10,4.9,83
2014/7/11,4.3,80
2014/7/12,3.2,77
2014/7/13,2.2,75
2014/7/14,3.3,69
2014/7/15,2.6,57
2014/7/16,2,63
2014/7/17,2.4,71
2014/7/18,4.8,65
2014/7/19,6.6,67
2014/7/20,6.2,65
2014/7/21,6.6,58
2014/7/22,5.6,73
2014/7/23,2,85
2014/7/24,2.8,62
2014/7/25,2.6,50
2014/7/26,3.1,76
2014/7/27,5.4,86
2014/7/28,5,76
2014/7/29,2,61
2014/7/30,2.1,59
2014/7/31,2.4,63
2014/8/1,2.6,70
2014/8/2,2.3,69
2014/8/3,2.7,72
2014/8/4,3.5,74
2014/8/5,2.5,90
2014/8/6,1.9,88
2014/8/7,1.9,87
2014/8/8,1.9,82
2014/8/9,1.9,73
2014/8/10,4.4,74
2014/8/11,6.8,79
2014/8/12,4.8,59
2014/8/13,2.9,62
2014/8/14,2.6,67
2014/8/15,1.7,74
2014/8/16,2.1,71
2014/8/17,3.4,67
2014/8/18,3.6,76
2014/8/19,4.3,88
2014/8/20,4,85
2014/8/21,2.3,73
2014/8/22,5,83
2014/8/23,4.6,78
2014/8/24,2.8,66
2014/8/25,3,74
2014/8/26,3.1,57
2014/8/27,2.1,66
2014/8/28,1.8,69
2014/8/29,2.7,61
2014/8/30,3.7,57
2014/8/31,2.1,63
2014/9/1,3,61
2014/9/2,3.2,64
2014/9/3,3.7,67
2014/9/4,6.9,84
2014/9/5,2.9,80
2014/9/6,2.8,54
2014/9/7,2.5,71
2014/9/8,2.8,71
2014/9/9,3.5,70
2014/9/10,4.9,77
2014/9/11,4.4,80
2014/9/12,2.2,75
2014/9/13,3.3,65
2014/9/14,2.4,63
2014/9/15,1.4,65
2014/9/16,3.8,66
2014/9/17,2.8,60
2014/9/18,3.5,66
2014/9/19,4.4,74
2014/9/20,2.1,73
2014/9/21,1.8,59
2014/9/22,2,66
2014/9/23,1.5,63
2014/9/24,2.7,66
2014/9/25,4.6,72
2014/9/26,3.7,57
2014/9/27,5.6,64
2014/9/28,5.5,64
2014/9/29,1.8,59
2014/9/30,3.6,71
2014/10/1,2,63
2014/10/2,2.8,62
2014/10/3,2.8,87
2014/10/4,3.5,73
2014/10/5,2.8,54
2014/10/6,1.8,69
2014/10/7,2.4,60
2014/10/8,2,66
2014/10/9,2.6,61
2014/10/10,6.6,61
2014/10/11,6.7,55
2014/10/12,2.7,66
2014/10/13,3,62
2014/10/14,2.5,78
2014/10/15,2.4,61
2014/10/16,4.5,73
2014/10/17,3.1,78
2014/10/18,4.2,51
2014/10/19,2.6,57
2014/10/20,3.7,62
2014/10/21,3.8,70
2014/10/22,2.6,53
2014/10/23,1.9,56
2014/10/24,2.1,59
2014/10/25,3.9,69
2014/10/26,5.5,63
2014/10/27,4,73
2014/10/28,3.7,68
2014/10/29,5.1,52
2014/10/30,1.5,55
2014/10/31,1.5,73
2014/11/1,3,72
2014/11/2,3.9,87
2014/11/3,5,65
2014/11/4,4.2,54
2014/11/5,3.4,55
2014/11/6,4,70
2014/11/7,5,49
2014/11/8,2.6,47
2014/11/9,1.8,62
2014/11/10,3.7,80
2014/11/11,2.6,67
2014/11/12,5.3,75
2014/11/13,4.3,61
2014/11/14,2.4,86
2014/11/15,3.2,72
2014/11/16,2.7,59
2014/11/17,1.6,60
2014/11/18,1.5,83
2014/11/19,2.9,57
2014/11/20,1.8,62
2014/11/21,3.6,65
2014/11/22,2.9,75
2014/11/23,4.4,53
2014/11/24,2.5,67
2014/11/25,4.7,52
2014/11/26,3.3,61
2014/11/27,2.5,72
2014/11/28,1.6,67
2014/11/29,2.3,71
2014/11/30,2.4,76
2014/12/1,6,75
2014/12/2,5.1,47
2014/12/3,3.8,52
2014/12/4,1.9,61
2014/12/5,1.9,56
2014/12/6,2.6,52
2014/12/7,3.9,63
2014/12/8,2.1,68
2014/12/9,2.5,73
2014/12/10,2.7,63
2014/12/11,4.5,79
2014/12/12,2.9,64
2014/12/13,1.9,74
2014/12/14,2.4,53
2014/12/15,1.3,88
2014/12/16,5.5,83
2014/12/17,3.7,60
2014/12/18,5.4,64
2014/12/19,1.9,75
2014/12/20,6.6,69
2014/12/21,3.3,53
2014/12/22,2.3,70
2014/12/23,3.1,58
2014/12/24,2.3,88
2014/12/25,2.3,74
2014/12/26,3.1,70
2014/12/27,2.7,66
2014/12/28,2.4,69
2014/12/29,2.4,76
2014/12/30,2,75
2014/12/31,2,70
2015/1/1,1.9,64
2015/1/2,2.3,65
2015/1/3,3,52
2015/1/4,1.8,67
2015/1/5,1.9,72
2015/1/6,5.1,75
2015/1/7,7.9,77
2015/1/8,9.5,81
2015/1/9,6.2,77
2015/1/10,4.1,65
2015/1/11,5.2,70
2015/1/12,5.3,76
2015/1/13,4.2,65
2015/1/14,1.7,65
2015/1/15,1.4,70
2015/1/16,1.7,70
2015/1/17,5.6,80
2015/1/18,5.4,70
2015/1/19,2.1,70
2015/1/20,4,74
2015/1/21,1.8,67
2015/1/22,2.7,77
2015/1/23,5.7,87
2015/1/24,3.2,74
2015/1/25,1.7,73
2015/1/26,4.6,77
2015/1/27,6.3,71
2015/1/28,3,51
2015/1/29,2.2,53
2015/1/30,3.6,70
2015/1/31,3.2,65
2015/2/1,7.7,73
2015/2/2,8.7,74
2015/2/3,5,59
2015/2/4,2.3,57
2015/2/5,1.7,63
2015/2/6,2.7,63
2015/2/7,2.7,67
2015/2/8,8.2,83
2015/2/9,4.5,48
2015/2/10,2.8,60
2015/2/11,2.9,68
2015/2/12,2,76
2015/2/13,2.7,87
2015/2/14,6.5,70
2015/2/15,10.7,69
2015/2/16,7.3,76
2015/2/17,2.4,69
2015/2/18,3.5,62
2015/2/19,2.4,67
2015/2/20,2.8,55
2015/2/21,2.2,58
2015/2/22,7.5,77
2015/2/23,4.2,61
2015/2/24,2.8,70
2015/2/25,1.5,74
2015/2/26,3.7,68
2015/2/27,5.7,79
2015/2/28,5.4,73
2015/3/1,4.4,78
2015/3/2,6.1,76
2015/3/3,3.1,53
2015/3/4,2.5,85
2015/3/5,3.6,81
2015/3/6,2.2,74
2015/3/7,5.1,85
2015/3/8,1.8,66
2015/3/9,7.2,74
2015/3/10,4.8,87
2015/3/11,4.1,65
2015/3/12,2.8,61
2015/3/13,3.1,83
2015/3/14,2.1,71
2015/3/15,2.6,57
2015/3/16,3.7,60
2015/3/17,3.5,69
2015/3/18,3.2,57
2015/3/19,2,59
2015/3/20,2.5,73
2015/3/21,2,57
2015/3/22,2.7,64
2015/3/23,4,53
2015/3/24,5.5,61
2015/3/25,7.9,64
2015/3/26,2.2,47
2015/3/27,1.8,58
2015/3/28,2.4,54
2015/3/29,3.7,66
2015/3/30,2.3,63
2015/3/31,3.5,66
2015/4/1,3.2,66
2015/4/2,1.9,47
2015/4/3,8.4,77
2015/4/4,4.8,53
2015/4/5,9.4,67
2015/4/6,4,69
2015/4/7,5.3,48
2015/4/8,3.9,42
2015/4/9,3,43
2015/4/10,6,66
2015/4/11,4,69
2015/4/12,3.2,54
2015/4/13,4,51
2015/4/14,4.9,66
2015/4/15,2,84
2015/4/16,2.7,76
2015/4/17,8,73
2015/4/18,3.6,59
2015/4/19,5,65
2015/4/20,5.6,76
2015/4/21,4.7,75
2015/4/22,2.3,56
2015/4/23,3.4,41
2015/4/24,5.1,55
2015/4/25,2.9,36
2015/4/26,4.1,27
2015/4/27,4.3,53
2015/4/28,2.6,71
2015/4/29,2.3,53
2015/4/30,2.4,49
2015/5/1,2.9,51
2015/5/2,5.5,30
2015/5/3,3.1,48
2015/5/4,5.8,70
2015/5/5,4.9,35
2015/5/6,5.1,35
2015/5/7,3,30
2015/5/8,3.3,42
2015/5/9,4.1,65
2015/5/10,4,61
2015/5/11,3.1,34
2015/5/12,4.5,49
2015/5/13,2.9,75
2015/5/14,4.5,80
2015/5/15,7.2,69
2015/5/16,3.5,80
2015/5/17,3.8,55
2015/5/18,3.3,43
2015/5/19,8.7,75
2015/5/20,2.2,70
2015/5/21,4.1,77
2015/5/22,3.9,62
2015/5/23,4.1,46
2015/5/24,4.1,48
2015/5/25,7.7,37
2015/5/26,4.5,73
2015/5/27,3.9,61
2015/5/28,6.6,61
2015/5/29,4.1,56
2015/5/30,5.5,68
2015/5/31,3.7,61
2015/6/1,3.6,36
2015/6/2,3.7,58
2015/6/3,3.8,73
2015/6/4,5.7,76
2015/6/5,6.5,80
2015/6/6,5.9,65
2015/6/7,4,63
2015/6/8,3.8,62
2015/6/9,8.3,80
2015/6/10,3.9,79
2015/6/11,4,85
2015/6/12,4.3,66
2015/6/13,4.4,77
2015/6/14,1.9,75
2015/6/15,2.3,79
2015/6/16,2.2,79
2015/6/17,4.8,65
2015/6/18,5.2,57
2015/6/19,4.7,65
2015/6/20,4.3,77
2015/6/21,2.8,66
2015/6/22,2.2,77
2015/6/23,2.4,88
2015/6/24,1.9,83
2015/6/25,1.8,80
2015/6/26,2.7,74
2015/6/27,2.9,70
2015/6/28,1.5,77
2015/6/29,1.8,84
2015/6/30,4.7,86
2015/7/1,4.8,84
2015/7/2,4.3,76
2015/7/3,3.9,69
2015/7/4,2.6,76
2015/7/5,3.2,71
2015/7/6,2.5,71
2015/7/7,5.2,74
2015/7/8,4.3,63
2015/7/9,2.1,62
2015/7/10,2.2,66
2015/7/11,2,62
2015/7/12,1.8,60
2015/7/13,3.6,61
2015/7/14,4.9,68
2015/7/15,5.5,73
2015/7/16,5,63
2015/7/17,2.1,54
2015/7/18,2.1,75
2015/7/19,2,84
2015/7/20,2.3,74
2015/7/21,2.5,80
2015/7/22,3.2,86
2015/7/23,2.1,86
2015/7/24,2.7,82
2015/7/25,4.3,84
2015/7/26,2.9,86
2015/7/27,2,79
2015/7/28,2.3,77
2015/7/29,1.8,79
2015/7/30,1.9,77
2015/7/31,2.7,74
2015/8/1,4.4,78
2015/8/2,2.2,70
2015/8/3,2.2,75
2015/8/4,3.7,71
2015/8/5,3.1,65
2015/8/6,2.2,87
2015/8/7,2.2,79
2015/8/8,3.9,70
2015/8/9,4.3,70
2015/8/10,3.5,77
2015/8/11,2.1,82
2015/8/12,2.4,80
2015/8/13,2,76
2015/8/14,3.3,68
2015/8/15,1.8,79
2015/8/16,1.6,79
2015/8/17,4.2,74
2015/8/18,2.2,87
2015/8/19,4.1,81
2015/8/20,2.6,77
2015/8/21,1.8,73
2015/8/22,2.7,72
2015/8/23,3.2,70
2015/8/24,2.6,63
2015/8/25,2,55
2015/8/26,6.1,65
2015/8/27,4.4,72
2015/8/28,3.5,65
2015/8/29,4,66
2015/8/30,2.9,71
2015/8/31,1.8,74
2015/9/1,1.9,73
2015/9/2,4,82
2015/9/3,2.3,67
2015/9/4,3.2,79
2015/9/5,3,67
2015/9/6,1.7,67
2015/9/7,2,67
2015/9/8,2.1,64
2015/9/9,2,62
2015/9/10,7.4,63
2015/9/11,2.8,67
2015/9/12,2.7,74
2015/9/13,1.7,85
2015/9/14,1.4,78
2015/9/15,2.3,67
2015/9/16,2.3,71
2015/9/17,2.9,62
2015/9/18,2.2,76
2015/9/19,1.1,82
2015/9/20,3.7,77
2015/9/21,1.6,75
2015/9/22,2.5,75
2015/9/23,1.6,71
2015/9/24,3.1,73
2015/9/25,4.4,69
2015/9/26,4,76
2015/9/27,3.1,73
2015/9/28,3,67
2015/9/29,4.4,68
2015/9/30,4.8,62
2015/10/1,5.8,69
2015/10/2,6.4,59
2015/10/3,4.2,48
2015/10/4,3.1,57
2015/10/5,1.6,70
2015/10/6,1.7,66
2015/10/7,2.7,66
2015/10/8,9.6,70
2015/10/9,7,75
2015/10/10,3.8,57
2015/10/11,6.3,65
2015/10/12,3.1,60
2015/10/13,3,68
2015/10/14,3.4,58
2015/10/15,2.7,59
2015/10/16,1.3,67
2015/10/17,1.6,70
2015/10/18,4.7,60
2015/10/19,3.6,46
2015/10/20,3.7,66
2015/10/21,2.8,48
2015/10/22,3.2,50
2015/10/23,2.9,52
2015/10/24,5,65
2015/10/25,10,67
2015/10/26,5.1,51
2015/10/27,4.9,69
2015/10/28,4.4,57
2015/10/29,2.5,55
2015/10/30,2.5,61
2015/10/31,2.3,51
2015/11/1,1.8,49
2015/11/2,1.7,62
2015/11/3,2.8,67
2015/11/4,3.1,42
2015/11/5,2.4,57
2015/11/6,4.3,57
2015/11/7,2.2,50
2015/11/8,1.2,71
2015/11/9,1.7,73
2015/11/10,1.8,89
2015/11/11,2.8,78
2015/11/12,1.5,69
2015/11/13,1.4,69
2015/11/14,5.5,76
2015/11/15,3.4,92
2015/11/16,3.3,70
2015/11/17,3,74
2015/11/18,5.1,52
2015/11/19,2.3,53
2015/11/20,1.6,68
2015/11/21,4.3,67
2015/11/22,4.5,43
2015/11/23,2.4,46
2015/11/24,2.5,87
2015/11/25,2.2,75
2015/11/26,1.9,75
2015/11/27,3.1,85
2015/11/28,4,81
2015/11/29,2.4,60
2015/11/30,2.8,73
2015/12/1,5.4,60
2015/12/2,2.7,62
2015/12/3,5,75
2015/12/4,2.5,65
2015/12/5,2,77
2015/12/6,2.7,59
2015/12/7,2.9,68
2015/12/8,1.5,62
2015/12/9,2,64
2015/12/10,2,68
2015/12/11,3.6,78
2015/12/12,2.6,64
2015/12/13,1.9,67
2015/12/14,1.5,56
2015/12/15,3.8,74
2015/12/16,3,71
2015/12/17,4.5,82
2015/12/18,2.1,78
2015/12/19,6.2,55
2015/12/20,2.7,58
2015/12/21,1.6,87
2015/12/22,4.7,65
2015/12/23,2.6,70
2015/12/24,1.3,67
2015/12/25,4.6,80
2015/12/26,2.1,67
2015/12/27,4.3,59
2015/12/28,2.6,72
2015/12/29,3.4,57
2015/12/30,1.6,73
2015/12/31,1.9,63
2016/1/1,3.5,59
2016/1/2,2.6,75
2016/1/3,2.3,52
2016/1/4,2.3,57
2016/1/5,2.8,61
2016/1/6,2.4,66
2016/1/7,3,58
2016/1/8,1.7,68
2016/1/9,2.2,62
2016/1/10,2.4,69
2016/1/11,3.4,48
2016/1/12,2.2,68
2016/1/13,1.6,60
2016/1/14,3.1,72
2016/1/15,1.9,69
2016/1/16,1.9,68
2016/1/17,1.7,73
2016/1/18,1.9,74
2016/1/19,3.6,80
2016/1/20,5.7,60
2016/1/21,3.7,65
2016/1/22,3.1,72
2016/1/23,1.5,59
2016/1/24,1.6,68
2016/1/25,1.8,73
2016/1/26,2.4,66
2016/1/27,2.9,71
2016/1/28,3.8,62
2016/1/29,4.4,48
2016/1/30,1.5,66
2016/1/31,3.7,55
2016/2/1,3.7,45
2016/2/2,3.4,58
2016/2/3,2.6,62
2016/2/4,2.5,65
2016/2/5,2.4,66
2016/2/6,2,61
2016/2/7,3.2,60
2016/2/8,3.2,60
2016/2/9,4.5,69
2016/2/10,7.7,79
2016/2/11,4.4,59
2016/2/12,3.7,68
2016/2/13,3.6,83
2016/2/14,5.1,87
2016/2/15,3.9,57
2016/2/16,1.7,66
2016/2/17,3,67
2016/2/18,2.1,76
2016/2/19,2.7,72
2016/2/20,2.4,57
2016/2/21,4.2,80
2016/2/22,3.6,59
2016/2/23,4.2,78
2016/2/24,4.3,74
2016/2/25,2.8,60
2016/2/26,2.3,66
2016/2/27,2.5,60
2016/2/28,2.7,49
2016/2/29,6.4,69
2016/3/1,7.3,75
2016/3/2,2.5,63
2016/3/3,2.2,76
2016/3/4,2.7,67
2016/3/5,2.1,54
2016/3/6,8.7,79
2016/3/7,2.6,66
2016/3/8,4.7,59
2016/3/9,4.2,49
2016/3/10,1.4,67
2016/3/11,2.6,63
2016/3/12,2.4,59
2016/3/13,3.6,64
2016/3/14,2.4,69
2016/3/15,5.3,49
2016/3/16,3.8,49
2016/3/17,2.6,48
2016/3/18,3.6,58
2016/3/19,4.2,82
2016/3/20,6.1,62
2016/3/21,3.7,62
2016/3/22,2.9,47
2016/3/23,3.7,68
2016/3/24,2.4,74
2016/3/25,3.6,78
2016/3/26,4.3,67
2016/3/27,3.1,49
2016/3/28,3.5,54
2016/3/29,3.4,51
2016/3/30,5.8,73
2016/3/31,3.5,62
2016/4/1,3.1,61
2016/4/2,7.8,61
2016/4/3,4.7,55
2016/4/4,2.6,43
2016/4/5,4.4,39
2016/4/6,4.9,34
2016/4/7,4.7,54
2016/4/8,3.1,56
2016/4/9,5.7,36
2016/4/10,4,38
2016/4/11,5.5,70
2016/4/12,4.2,41
2016/4/13,4.5,59
2016/4/14,3,74
2016/4/15,9.2,73
2016/4/16,2.8,50
2016/4/17,4.3,75
2016/4/18,5.4,72
2016/4/19,2.2,80
2016/4/20,3.8,53
2016/4/21,3.5,54
2016/4/22,2.6,50
2016/4/23,6.4,70
2016/4/24,2.7,56
2016/4/25,2.8,57
2016/4/26,3.8,64
2016/4/27,3.5,53
2016/4/28,5.1,60
2016/4/29,5.3,79
2016/4/30,7.1,63
2016/5/1,3,59
2016/5/2,3.5,53
2016/5/3,7,60
2016/5/4,5.6,78
2016/5/5,3.4,68
2016/5/6,2.8,72
2016/5/7,5.7,67
2016/5/8,6.8,34
2016/5/9,1.8,42
2016/5/10,2.9,42
2016/5/11,2.4,81
2016/5/12,4.7,79
2016/5/13,4.5,54
2016/5/14,2.8,45
2016/5/15,7.4,26
2016/5/16,12.5,69
2016/5/17,3.7,54
2016/5/18,2.5,56
2016/5/19,3.4,51
2016/5/20,1.4,47
2016/5/21,1.8,43
2016/5/22,2.5,61
2016/5/23,2.7,64
2016/5/24,5.9,55
2016/5/25,7.4,71
2016/5/26,3.6,56
2016/5/27,3.9,47
2016/5/28,3.2,55
2016/5/29,3,67
2016/5/30,6,57
2016/5/31,5,77
2016/6/1,4.8,80
2016/6/2,6.8,64
2016/6/3,1.8,78
2016/6/4,3.3,83
2016/6/5,5.6,66
2016/6/6,2,58
2016/6/7,2,52
2016/6/8,2.9,73
2016/6/9,2,85
2016/6/10,5.6,82
2016/6/11,3.6,75
2016/6/12,8.1,70
2016/6/13,8.6,80
2016/6/14,6.1,77
2016/6/15,6.3,70
2016/6/16,6.4,79
2016/6/17,4,88
2016/6/18,4.3,86
2016/6/19,4,73
2016/6/20,5.3,85
2016/6/21,3.7,72
2016/6/22,2.6,73
2016/6/23,3.7,65
2016/6/24,4.9,64
2016/6/25,7,82
2016/6/26,4.9,80
2016/6/27,3.4,71
2016/6/28,2,65
2016/6/29,2,63
2016/6/30,3.8,65
2016/7/1,2.4,66
2016/7/2,6,82
2016/7/3,4.3,71
2016/7/4,6.1,75
2016/7/5,3.1,70
2016/7/6,5.4,69
2016/7/7,2.3,68
2016/7/8,3.1,71
2016/7/9,2.3,73
2016/7/10,3.3,89
2016/7/11,5.2,79
2016/7/12,3.1,74
2016/7/13,3.5,70
2016/7/14,4.7,65
2016/7/15,2.3,69
2016/7/16,2,73
2016/7/17,4.6,76
2016/7/18,2.9,72
2016/7/19,2.1,87
2016/7/20,2.2,77
2016/7/21,2.2,73
2016/7/22,2.9,73
2016/7/23,4.3,69
2016/7/24,5.1,68
2016/7/25,4.5,71
2016/7/26,5.4,71
2016/7/27,7.8,86
2016/7/28,4,87
2016/7/29,4,88
2016/7/30,5,78
2016/7/31,3.8,76
2016/8/1,4.3,74
2016/8/2,2.8,82
2016/8/3,2,80
2016/8/4,1.9,74
2016/8/5,3,68
2016/8/6,2.3,63
2016/8/7,4.3,67
2016/8/8,5.3,73
2016/8/9,6.4,70
2016/8/10,4.7,68
2016/8/11,2.1,66
2016/8/12,2.3,69
2016/8/13,4.6,60
2016/8/14,5.1,64
2016/8/15,3.7,72
2016/8/16,4,79
2016/8/17,3.3,92
2016/8/18,2.3,75
2016/8/19,2.5,78
2016/8/20,2.1,89
2016/8/21,2.6,86
2016/8/22,2,90
2016/8/23,1.9,83
2016/8/24,1.8,69
2016/8/25,5.2,73
2016/8/26,3.5,72
2016/8/27,2.9,59
2016/8/28,2.3,61
2016/8/29,2.8,64
2016/8/30,4.4,68
2016/8/31,6,77
2016/9/1,3.6,67
2016/9/2,2,76
2016/9/3,4.4,74
2016/9/4,4.5,71
2016/9/5,4.7,74
2016/9/6,3,87
2016/9/7,2.7,76
2016/9/8,2.7,77
2016/9/9,2.1,83
2016/9/10,3,85
2016/9/11,3.3,71
2016/9/12,2.1,65
2016/9/13,4.3,70
2016/9/14,3.9,71
2016/9/15,1.9,79
2016/9/16,2.9,68
2016/9/17,3.7,75
2016/9/18,2,74
2016/9/19,2,71
2016/9/20,1.7,60
2016/9/21,2,57
2016/9/22,4.3,70
2016/9/23,2.4,88
2016/9/24,1.8,78
2016/9/25,3.3,66
2016/9/26,2.3,63
2016/9/27,3.4,59
2016/9/28,3.3,82
2016/9/29,3.4,66
2016/9/30,2.3,58
2016/10/1,1.9,61
2016/10/2,1.8,63
2016/10/3,3.3,79
2016/10/4,6.5,49
2016/10/5,3.1,60
2016/10/6,5.6,63
2016/10/7,5,45
2016/10/8,3.6,74
2016/10/9,5.1,55
2016/10/10,2.8,53
2016/10/11,2.8,59
2016/10/12,3.9,48
2016/10/13,2.4,49
2016/10/14,4,46
2016/10/15,1.8,56
2016/10/16,1.7,70
2016/10/17,3.5,74
2016/10/18,3.8,70
2016/10/19,1.7,67
2016/10/20,6.5,71
2016/10/21,5.8,56
2016/10/22,2,65
2016/10/23,4.6,55
2016/10/24,6.7,38
2016/10/25,3.1,56
2016/10/26,4.7,58
2016/10/27,4.5,43
2016/10/28,2.9,46
2016/10/29,6.9,48
2016/10/30,2.9,51
2016/10/31,4.2,69
2016/11/1,3.3,52
2016/11/2,2.1,52
2016/11/3,1.7,80
2016/11/4,3.6,51
2016/11/5,3.3,87
2016/11/6,5.6,67
2016/11/7,2.9,57
2016/11/8,4.9,75
2016/11/9,4.2,67
2016/11/10,4,54
2016/11/11,2.6,63
2016/11/12,2,81
2016/11/13,4,76
2016/11/14,4.4,65
2016/11/15,4.7,77
2016/11/16,4.6,57
2016/11/17,2.7,55
2016/11/18,3.4,69
2016/11/19,2.5,81
2016/11/20,4.7,68
2016/11/21,3.2,51
2016/11/22,3.3,74
2016/11/23,5.5,52
2016/11/24,2.1,49
2016/11/25,2.7,58
2016/11/26,3.3,50
2016/11/27,3.5,78
2016/11/28,4.4,69
2016/11/29,4.3,66
2016/11/30,3.3,59
2016/12/1,5.1,69
2016/12/2,4.6,64
2016/12/3,3.1,45
2016/12/4,4,67
2016/12/5,3.4,74
2016/12/6,5.4,77
2016/12/7,3.7,51
2016/12/8,1.5,66
2016/12/9,1.9,86
2016/12/10,4.1,82
2016/12/11,5.5,71
2016/12/12,1.9,72
2016/12/13,3.4,74
2016/12/14,1.5,76
2016/12/15,2.2,71
2016/12/16,1.7,74
2016/12/17,3.4,62
2016/12/18,2.8,64
2016/12/19,2.4,61
2016/12/20,2.4,68
2016/12/21,3.1,65
2016/12/22,1.6,85
2016/12/23,3.1,88
2016/12/24,2.8,60
2016/12/25,2.7,62
2016/12/26,3.8,77
2016/12/27,3.2,70
2016/12/28,2.1,64
2016/12/29,4.6,66
2016/12/30,2.7,58
2016/12/31,3.6,64
2017/1/1,1.3,70
2017/1/2,1.7,64
2017/1/3,1.6,84
2017/1/4,1.3,81
2017/1/5,2.2,70
2017/1/6,1.6,73
2017/1/7,2.9,66
2017/1/8,2.4,65
2017/1/9,1.7,84
2017/1/10,3.6,60
2017/1/11,3.2,60
2017/1/12,1.6,76
2017/1/13,1.2,74
2017/1/14,1.6,68
2017/1/15,1.1,79
2017/1/16,4.9,62
2017/1/17,2,61
2017/1/18,1.7,69
2017/1/19,2.2,79
2017/1/20,1.6,75
2017/1/21,2.2,64
2017/1/22,1.7,77
2017/1/23,4.1,66
2017/1/24,1.7,70
2017/1/25,1.7,70
2017/1/26,2.4,65
2017/1/27,6.7,73
2017/1/28,3.3,71
2017/1/29,2,55
2017/1/30,3.5,71
2017/1/31,2.5,70
2017/2/1,4,71
2017/2/2,6.2,65
2017/2/3,3.8,61
2017/2/4,4.1,58
2017/2/5,2.4,59
2017/2/6,3,63
2017/2/7,5.2,65
2017/2/8,4.7,57
2017/2/9,2,62
2017/2/10,2.3,61
2017/2/11,3.6,71
2017/2/12,5.5,82
2017/2/13,5,77
2017/2/14,3.6,82
2017/2/15,1.7,65
2017/2/16,4.5,70
2017/2/17,4.4,74
2017/2/18,4.3,54
2017/2/19,3.5,61
2017/2/20,2.8,71
2017/2/21,7.2,66
2017/2/22,2.5,59
2017/2/23,4.9,78
2017/2/24,6,63
2017/2/25,2.4,73
2017/2/26,3.3,71
2017/2/27,1.6,63
2017/2/28,2.6,58
2017/3/1,4.1,66
2017/3/2,3.9,71
2017/3/3,6.5,72
2017/3/4,3.3,51
2017/3/5,3.1,45
2017/3/6,2,56
2017/3/7,2.5,60
2017/3/8,2.1,62
2017/3/9,1.6,63
2017/3/10,2.7,75
2017/3/11,1.9,72
2017/3/12,1.8,60
2017/3/13,2.1,62
2017/3/14,3.3,61
2017/3/15,4.3,68
2017/3/16,6.4,68
2017/3/17,4.7,64
2017/3/18,4.7,57
2017/3/19,5.8,55
2017/3/20,3.2,46
2017/3/21,4.2,58
2017/3/22,3.8,67
2017/3/23,4.9,82
2017/3/24,4.4,82
2017/3/25,4,73
2017/3/26,1.4,54
2017/3/27,1.8,54
2017/3/28,2,70
2017/3/29,3.4,62
2017/3/30,2.2,82
2017/3/31,4.6,64
2017/4/1,1.6,61
2017/4/2,2.6,61
2017/4/3,2,56
2017/4/4,1.3,70
2017/4/5,3.7,56
2017/4/6,3.9,56
2017/4/7,4.8,66
2017/4/8,7.7,57
2017/4/9,5.6,47
2017/4/10,5,43
2017/4/11,7.4,57
2017/4/12,6.3,59
2017/4/13,5.5,53
2017/4/14,4.1,46
2017/4/15,4.8,49
2017/4/16,5.7,44
2017/4/17,2.8,48
2017/4/18,6.1,78
2017/4/19,4.3,81
2017/4/20,6.5,65
2017/4/21,2.1,58
2017/4/22,3.7,82
2017/4/23,3.6,69
2017/4/24,2.8,53
2017/4/25,5.1,63
2017/4/26,2.6,60
2017/4/27,3,56
2017/4/28,2.7,60
2017/4/29,3,58
2017/4/30,6.4,60
2017/5/1,4.8,67
2017/5/2,4.3,71
2017/5/3,1.8,35
2017/5/4,2.4,34
2017/5/5,2.3,48
2017/5/6,4.4,49
2017/5/7,5.1,34
2017/5/8,4.4,58
2017/5/9,2.3,50
2017/5/10,6,59
2017/5/11,3.1,85
2017/5/12,3.6,73
2017/5/13,6.5,51
2017/5/14,8.2,52
2017/5/15,8.1,70
2017/5/16,3.8,78
2017/5/17,1.9,65
2017/5/18,2.2,49
2017/5/19,3.5,39
2017/5/20,3.2,57
2017/5/21,2.4,66
2017/5/22,2.4,76
2017/5/23,5.4,65
2017/5/24,1.6,80
2017/5/25,2.3,76
2017/5/26,2,67
2017/5/27,2.1,86
2017/5/28,1.9,87
2017/5/29,1.9,65
2017/5/30,2.2,59
2017/5/31,2.5,66
2017/6/1,2.1,84
2017/6/2,3.7,73
2017/6/3,2.9,71
2017/6/4,3.4,81
2017/6/5,2.5,71
2017/6/6,2.5,63
2017/6/7,2.4,58
2017/6/8,6.3,74
2017/6/9,4.6,57
2017/6/10,4.6,82
2017/6/11,3.6,77
2017/6/12,3.5,63
2017/6/13,1.6,65
2017/6/14,2.8,65
2017/6/15,3.3,79
2017/6/16,3,70
2017/6/17,3.2,74
2017/6/18,5.2,56
2017/6/19,4.1,63
2017/6/20,2.1,71
2017/6/21,5.2,74
2017/6/22,5.2,87
2017/6/23,2.4,83
2017/6/24,1.7,84
2017/6/25,3.6,92
2017/6/26,5.5,76
2017/6/27,2.6,69
2017/6/28,2.3,70
2017/6/29,2.1,72
2017/6/30,3.2,60
2017/7/1,2.8,72
2017/7/2,3.1,81
2017/7/3,1.6,86
2017/7/4,1.6,85
2017/7/5,2.7,80
2017/7/6,1.9,64
2017/7/7,1.9,61
2017/7/8,2.2,62
2017/7/9,2,68
2017/7/10,2,74
2017/7/11,4,76
2017/7/12,2.9,78
2017/7/13,2.6,63
2017/7/14,3.3,59
2017/7/15,2.7,61
2017/7/16,2.5,79
2017/7/17,2.7,88
2017/7/18,2.1,86
2017/7/19,4.8,72
2017/7/20,5.4,73
2017/7/21,4.7,76
2017/7/22,3.2,79
2017/7/23,2.9,77
2017/7/24,2.6,74
2017/7/25,2.5,70
2017/7/26,2.8,59
2017/7/27,3.8,55
2017/7/28,2.5,73
2017/7/29,1.9,70
2017/7/30,2.7,69
2017/7/31,2.3,87
2017/8/1,3.5,79
2017/8/2,2.3,71
2017/8/3,3.3,72
2017/8/4,3.7,74
2017/8/5,3.9,73
2017/8/6,2.4,71
2017/8/7,4.3,67
2017/8/8,4.4,63
2017/8/9,1.9,73
2017/8/10,1.7,76
2017/8/11,3.4,73
2017/8/12,3.2,87
2017/8/13,3.2,78
2017/8/14,3.3,72
2017/8/15,2.4,65
2017/8/16,2.8,63
2017/8/17,4.1,68
2017/8/18,3.4,71
2017/8/19,2.2,73
2017/8/20,2.4,74
2017/8/21,3.4,69
2017/8/22,3.3,88
2017/8/23,1.8,74
2017/8/24,3.3,78
2017/8/25,4,65
2017/8/26,2.8,48
2017/8/27,2.7,56
2017/8/28,3.3,63
2017/8/29,2.5,73
2017/8/30,3.1,52
2017/8/31,2.6,58
2017/9/1,3.5,59
2017/9/2,2.3,67
2017/9/3,4.9,63
2017/9/4,2.6,55
2017/9/5,1.9,59
2017/9/6,4.5,64
2017/9/7,1.9,68
2017/9/8,2.4,74
2017/9/9,2.7,69
2017/9/10,2.8,59
2017/9/11,3.1,58
2017/9/12,2.7,88
2017/9/13,2.2,78
2017/9/14,2.5,64
2017/9/15,2.9,69
2017/9/16,2.1,68
2017/9/17,6,69
2017/9/18,3.6,78
2017/9/19,2.9,73
2017/9/20,1.8,81
2017/9/21,4.4,63
2017/9/22,2.5,67
2017/9/23,5.2,80
2017/9/24,2.2,78
2017/9/25,2.6,64
2017/9/26,2.3,51
2017/9/27,4.4,67
2017/9/28,3.1,57
2017/9/29,3,58
2017/9/30,2.9,54
2017/10/1,4.8,56
2017/10/2,3.5,64
2017/10/3,4.1,62
2017/10/4,3.8,64
2017/10/5,3.3,48
2017/10/6,3.6,64
2017/10/7,4,77
2017/10/8,1.6,83
2017/10/9,2,76
2017/10/10,4,65
2017/10/11,2.2,68
2017/10/12,4,81
2017/10/13,3.2,50
2017/10/14,2.5,48
2017/10/15,4.2,41
2017/10/16,3.2,46
2017/10/17,3.3,62
2017/10/18,3.2,61
2017/10/19,2.2,60
2017/10/20,3.9,70
2017/10/21,4.7,66
2017/10/22,4.4,72
2017/10/23,5.9,67
2017/10/24,2.1,60
2017/10/25,1.8,59
2017/10/26,3.6,55
2017/10/27,1.7,58
2017/10/28,4.9,65
2017/10/29,4.3,68
2017/10/30,8.7,71
2017/10/31,3.1,56
2017/11/1,3.4,60
2017/11/2,2.5,54
2017/11/3,4.4,75
2017/11/4,3.8,63
2017/11/5,3,54
2017/11/6,3.1,52
2017/11/7,1.8,67
2017/11/8,3.6,78
2017/11/9,5.9,56
2017/11/10,4.9,57
2017/11/11,7.9,69
2017/11/12,5.7,56
2017/11/13,3.5,68
2017/11/14,3.5,62
2017/11/15,2.2,77
2017/11/16,2.3,60
2017/11/17,2.3,49
2017/11/18,5.6,76
2017/11/19,3.4,76
2017/11/20,1.3,76
2017/11/21,2.3,65
2017/11/22,5.8,73
2017/11/23,3.4,75
2017/11/24,1.8,81
2017/11/25,1.6,80
2017/11/26,3,74
2017/11/27,3.3,53
2017/11/28,4.9,70
2017/11/29,4.7,70
2017/11/30,3.4,52
2017/12/1,2.7,54
2017/12/2,2.6,62
2017/12/3,2.5,78
2017/12/4,2.1,56
2017/12/5,3.4,79
2017/12/6,2,66
2017/12/7,1.4,62
2017/12/8,3.2,78
2017/12/9,1.9,62
2017/12/10,2.5,65
2017/12/11,3.8,72
2017/12/12,3,60
2017/12/13,2.9,57
2017/12/14,3.1,57
2017/12/15,1.5,61
2017/12/16,2.6,73
2017/12/17,3,57
2017/12/18,1.3,74
2017/12/19,2.4,72
2017/12/20,1.5,71
2017/12/21,1.4,78
2017/12/22,1.9,70
2017/12/23,2.3,73
2017/12/24,3.7,71
2017/12/25,7,68
2017/12/26,2.8,70
2017/12/27,3.7,57
2017/12/28,5.1,62
2017/12/29,2.9,63
2017/12/30,1.9,75
2017/12/31,1.8,74
2018/1/1,2.9,87
2018/1/2,2.2,73
2018/1/3,2.3,71
2018/1/4,2,75
2018/1/5,1.7,66
2018/1/6,3.4,72
2018/1/7,3.3,64
2018/1/8,2.8,69
2018/1/9,3.5,79
2018/1/10,3.3,54
2018/1/11,3.6,52
2018/1/12,1.9,77
2018/1/13,1.4,74
2018/1/14,2.1,67
2018/1/15,3.2,75
2018/1/16,2.6,55
2018/1/17,1.8,69
2018/1/18,2.2,77
2018/1/19,4.4,57
2018/1/20,2.7,64
2018/1/21,3.5,55
2018/1/22,1.8,63
2018/1/23,5.1,66
2018/1/24,2.8,46
2018/1/25,3.8,60
2018/1/26,6.2,66
2018/1/27,4.1,62
2018/1/28,2.4,68
2018/1/29,3.3,57
2018/1/30,1.8,58
2018/1/31,1.6,70
2018/2/1,1.4,67
2018/2/2,1.2,64
2018/2/3,2.2,64
2018/2/4,2.7,75
2018/2/5,2.5,81
2018/2/6,2.5,67
2018/2/7,2.9,62
2018/2/8,2.9,62
2018/2/9,2.2,57
2018/2/10,3.1,77
2018/2/11,3.7,77
2018/2/12,1.9,68
2018/2/13,1.9,68
2018/2/14,1.9,71
2018/2/15,5.4,63
2018/2/16,3.3,62
2018/2/17,4.2,65
2018/2/18,2.8,64
2018/2/19,1.7,68
2018/2/20,2.6,59
2018/2/21,3.3,52
2018/2/22,3,54
2018/2/23,3.6,70
2018/2/24,3.2,49
2018/2/25,2.6,56
2018/2/26,2.8,63
2018/2/27,1.2,59
2018/2/28,1.5,68
2018/3/1,4.9,85
2018/3/2,7.4,71
2018/3/3,2.6,68
2018/3/4,4,66
2018/3/5,4.6,57
2018/3/6,4.3,59
2018/3/7,2.7,49
2018/3/8,6,73
2018/3/9,6,85
2018/3/10,4.8,57
2018/3/11,2.5,61
2018/3/12,3.2,71
2018/3/13,4.3,69
2018/3/14,3.8,70
2018/3/15,6.7,82
2018/3/16,5.8,74
2018/3/17,2.3,57
2018/3/18,4,56
2018/3/19,5.6,51
2018/3/20,3.7,66
2018/3/21,3.1,55
2018/3/22,3.2,59
2018/3/23,3.3,55
2018/3/24,2.6,51
2018/3/25,3,55
2018/3/26,3.6,68
2018/3/27,4.9,56
2018/3/28,5,59
2018/3/29,3.7,55
2018/3/30,3.9,42
2018/3/31,1.6,40
2018/4/1,1.9,76
2018/4/2,4.8,65
2018/4/3,4.3,80
2018/4/4,4.9,35
2018/4/5,4.5,35
2018/4/6,2.1,65
2018/4/7,2.7,76
2018/4/8,2.9,58
2018/4/9,3.1,57
2018/4/10,3.4,41
2018/4/11,8.4,65
2018/4/12,4.1,59
2018/4/13,5.5,55
2018/4/14,3.6,58
2018/4/15,2.5,84
2018/4/16,3.9,59
2018/4/17,2.5,43
2018/4/18,3.2,53
2018/4/19,1.8,51
2018/4/20,2.3,66
2018/4/21,3.2,52
2018/4/22,4.1,63
2018/4/23,2.6,51
2018/4/24,3.9,61
2018/4/25,1.4,62
2018/4/26,3.9,55
2018/4/27,4.5,46
2018/4/28,2.9,31
2018/4/29,3.9,48
2018/4/30,4.3,46
2018/5/1,3.5,76
2018/5/2,2.6,63
2018/5/3,5,81
2018/5/4,3.7,58
2018/5/5,2.8,64
2018/5/6,2.4,80
2018/5/7,4.3,69
2018/5/8,2.9,69
2018/5/9,3.8,62
2018/5/10,2.6,64
2018/5/11,2.2,59
2018/5/12,2,54
2018/5/13,3.9,69
2018/5/14,4,89
2018/5/15,2.6,60
2018/5/16,3.3,57
2018/5/17,6.1,60
2018/5/18,3.6,65
2018/5/19,2.8,69
2018/5/20,5.1,48
2018/5/21,2,54
2018/5/22,2.3,38
2018/5/23,4.3,46
2018/5/24,3.6,49
2018/5/25,4.6,62
2018/5/26,5.3,66
2018/5/27,3.8,63
2018/5/28,1.7,58
2018/5/29,2.1,58
2018/5/30,3.4,52
2018/5/31,3.1,83
2018/6/1,4.8,77
2018/6/2,3.1,62
2018/6/3,3.9,56
2018/6/4,2,49
2018/6/5,2,51
2018/6/6,2.3,48
2018/6/7,2.3,57
2018/6/8,3,91
2018/6/9,6,70
2018/6/10,4.1,59
2018/6/11,5.7,71
2018/6/12,2.2,92
2018/6/13,3.6,87
2018/6/14,6.5,64
2018/6/15,2.6,59
2018/6/16,2.5,66
2018/6/17,4.4,66
2018/6/18,5.2,70
2018/6/19,6.7,65
2018/6/20,8,78
2018/6/21,5.4,70
2018/6/22,2.2,65
2018/6/23,4,50
2018/6/24,4.1,73
2018/6/25,5.8,69
2018/6/26,3.3,63
2018/6/27,3.9,88
2018/6/28,2.7,82
2018/6/29,4.3,81
2018/6/30,2,77
2018/7/1,1.7,89
2018/7/2,1.8,90
2018/7/3,1.5,91
2018/7/4,2,91
2018/7/5,2,86
2018/7/6,2.1,64
2018/7/7,3.7,69
2018/7/8,2.4,67
2018/7/9,1.7,72
2018/7/10,1.3,82
2018/7/11,4.8,83
2018/7/12,2.1,71
2018/7/13,1.6,80
2018/7/14,2.3,76
2018/7/15,3.7,84
2018/7/16,2.6,86
2018/7/17,2.2,76
2018/7/18,2,76
2018/7/19,3,80
2018/7/20,3.6,75
2018/7/21,2.1,77
2018/7/22,4.7,78
2018/7/23,3.4,72
2018/7/24,2.7,70
2018/7/25,2.5,71
2018/7/26,3.9,74
2018/7/27,2.8,72
2018/7/28,5.9,69
2018/7/29,5.9,73
2018/7/30,5.7,73
2018/7/31,3.2,72
2018/8/1,3.4,67
2018/8/2,3.2,61
2018/8/3,3.8,72
2018/8/4,3.7,66
2018/8/5,3.6,73
2018/8/6,2.1,67
2018/8/7,5.3,64
2018/8/8,3.2,63
2018/8/9,1.9,86
2018/8/10,1.9,91
2018/8/11,1.8,94
2018/8/12,1.5,80
2018/8/13,2,88
2018/8/14,2.1,91
2018/8/15,1.5,97
2018/8/16,3.3,93
2018/8/17,5,74
2018/8/18,2.9,70
2018/8/19,2.8,77
2018/8/20,1.7,77
2018/8/21,4.2,81
2018/8/22,2.9,81
2018/8/23,2,69
2018/8/24,2.2,83
2018/8/25,6.4,87
2018/8/26,3.5,82
2018/8/27,4.4,82
2018/8/28,4.4,78
2018/8/29,5.1,74
2018/8/30,4.4,88
2018/8/31,3.4,89
2018/9/1,4.8,76
2018/9/2,2.1,65
2018/9/3,5.3,82
2018/9/4,8.3,78
2018/9/5,6.9,70
2018/9/6,4.1,64
2018/9/7,4.9,74
2018/9/8,2.4,65
2018/9/9,2.2,63
2018/9/10,1.5,62
2018/9/11,2.9,65
2018/9/12,4.6,67
2018/9/13,5.4,75
2018/9/14,2.5,76
2018/9/15,2.1,71
2018/9/16,2.5,72
2018/9/17,2.6,58
2018/9/18,4,50
2018/9/19,4.6,51
2018/9/20,2.6,55
2018/9/21,2.9,62
2018/9/22,5.7,70
2018/9/23,4.1,80
2018/9/24,3.3,76
2018/9/25,2.8,63
2018/9/26,2.1,72
2018/9/27,2.1,70
2018/9/28,1.5,79
2018/9/29,1.3,72
2018/9/30,2.5,83
2018/10/1,3.9,83
2018/10/2,4.7,68
2018/10/3,3.2,64
2018/10/4,2.7,60
2018/10/5,1.6,67
2018/10/6,2.2,79
2018/10/7,4.9,92
2018/10/8,1.8,72
2018/10/9,2.2,62
2018/10/10,2.7,64
2018/10/11,4,80
2018/10/12,3.5,75
2018/10/13,1.9,73
2018/10/14,2.8,80
2018/10/15,3.2,73
2018/10/16,1.9,70
2018/10/17,3.4,61
2018/10/18,2.8,72
2018/10/19,1.3,71
2018/10/20,1.8,70
2018/10/21,2.1,71
2018/10/22,1.5,74
2018/10/23,5.4,80
2018/10/24,4.5,75
2018/10/25,3.2,61
2018/10/26,3.3,70
2018/10/27,4.9,75
2018/10/28,2,70
2018/10/29,5.8,62
2018/10/30,3.1,66
2018/10/31,3,84
2018/11/1,1.7,89
2018/11/2,1.8,77
2018/11/3,1.2,74
2018/11/4,1.7,70
2018/11/5,1.2,82
2018/11/6,2.5,79
2018/11/7,2.9,61
2018/11/8,2.2,77
2018/11/9,7.8,82
2018/11/10,3.1,66
2018/11/11,2,67
2018/11/12,2.1,61
2018/11/13,2.5,78
2018/11/14,1.6,86
2018/11/15,2.4,73
2018/11/16,3.2,63
2018/11/17,4.3,58
2018/11/18,2.1,54
2018/11/19,3.1,76
2018/11/20,3.6,65
2018/11/21,2.7,76
2018/11/22,2.9,81
2018/11/23,4.5,59
2018/11/24,2.1,68
2018/11/25,3.8,75
2018/11/26,3.7,62
2018/11/27,3.5,64
2018/11/28,4,59
2018/11/29,3.2,67
2018/11/30,2.8,67
2018/12/1,3.8,71
2018/12/2,3.1,57
2018/12/3,2.7,68
2018/12/4,6.2,88
2018/12/5,5.8,67
2018/12/6,1.8,76
2018/12/7,3.2,84
2018/12/8,2.4,75
2018/12/9,3.3,63
2018/12/10,3.4,57
2018/12/11,1.5,78
2018/12/12,1.3,83
2018/12/13,1.8,71
2018/12/14,3.5,79
2018/12/15,2.1,67
2018/12/16,3.8,74
2018/12/17,1.8,92
2018/12/18,2.7,78
2018/12/19,3.2,77
2018/12/20,4,57
2018/12/21,2.5,64
2018/12/22,1.3,89
2018/12/23,2.5,83
2018/12/24,4,65
2018/12/25,1.8,68
2018/12/26,2.3,73
2018/12/27,2.6,70
2018/12/28,5.7,62
2018/12/29,5.3,63
2018/12/30,5.5,76
2018/12/31,2.9,85
2019/1/1,2.8,73
2019/1/2,2,68
2019/1/3,2.8,66
2019/1/4,2.3,63
2019/1/5,4.9,77
2019/1/6,4.6,68
2019/1/7,2.9,74
2019/1/8,2.1,68
2019/1/9,4.3,63
2019/1/10,3.9,60
2019/1/11,3.8,77
2019/1/12,3.6,70
2019/1/13,1.2,66
2019/1/14,1.7,70
2019/1/15,5.1,79
2019/1/16,3.4,68
2019/1/17,3.7,74
2019/1/18,6.4,72
2019/1/19,3.8,58
2019/1/20,3.3,74
2019/1/21,4.1,57
2019/1/22,2.9,60
2019/1/23,4,78
2019/1/24,6.1,77
2019/1/25,4.3,87
2019/1/26,1.9,79
2019/1/27,1.4,69
2019/1/28,4.9,75
2019/1/29,4.7,74
2019/1/30,2.9,69
2019/1/31,5.6,65
2019/2/1,6.5,56
2019/2/2,5.5,58
2019/2/3,3.2,57
2019/2/4,6.3,75
2019/2/5,3.5,66
2019/2/6,2.1,86
2019/2/7,3.9,80
2019/2/8,5,56
2019/2/9,2,60
2019/2/10,3,59
2019/2/11,2.6,54
2019/2/12,3.1,65
2019/2/13,3.4,63
2019/2/14,4.4,66
2019/2/15,2.1,58
2019/2/16,2.5,68
2019/2/17,2.3,72
2019/2/18,4.5,55
2019/2/19,2,69
2019/2/20,1.8,88
2019/2/21,2.2,70
2019/2/22,2.3,58
2019/2/23,2.7,71
2019/2/24,2.9,54
2019/2/25,3.4,67
2019/2/26,3.5,68
2019/2/27,2.3,47
2019/2/28,1.7,61
2019/3/1,2.3,60
2019/3/2,3.9,57
2019/3/3,2.8,63
2019/3/4,3.8,76
2019/3/5,3.6,67
2019/3/6,3,73
2019/3/7,3.5,54
2019/3/8,2.7,56
2019/3/9,4,55
2019/3/10,3.6,62
2019/3/11,4.3,62
2019/3/12,5.3,83
2019/3/13,3.3,76
2019/3/14,3.5,62
2019/3/15,2.7,71
2019/3/16,3.3,87
2019/3/17,3.3,73
2019/3/18,3.1,50
2019/3/19,2.9,65
2019/3/20,4.6,74
2019/3/21,4.6,74
2019/3/22,8.1,78
2019/3/23,3.6,70
2019/3/24,3.5,65
2019/3/25,3.7,66
2019/3/26,3.9,67
2019/3/27,4.7,62
2019/3/28,4.8,54
2019/3/29,4.5,58
2019/3/30,2.5,44
2019/3/31,3.2,54
2019/4/1,2.4,64
2019/4/2,3.4,75
2019/4/3,3.8,63
2019/4/4,2.1,56
2019/4/5,3.9,75
2019/4/6,5.2,65
2019/4/7,4.1,67
2019/4/8,4.5,67
2019/4/9,5.5,64
2019/4/10,2.6,58
2019/4/11,2.1,60
2019/4/12,2,60
2019/4/13,2.2,41
2019/4/14,4.2,40
2019/4/15,4.5,81
2019/4/16,4.2,59
2019/4/17,3,44
2019/4/18,4.1,38
2019/4/19,4.7,49
2019/4/20,3.3,49
2019/4/21,2.1,51
2019/4/22,2.8,48
2019/4/23,4.5,42
2019/4/24,4.1,61
2019/4/25,7.1,73
2019/4/26,2.7,76
2019/4/27,2.3,77
2019/4/28,1.8,52
2019/4/29,1.9,49
2019/4/30,4.9,57
2019/5/1,2.7,81
2019/5/2,2.5,79
2019/5/3,3.3,53
2019/5/4,1.5,49
2019/5/5,2.1,37
2019/5/6,4.9,52
2019/5/7,3.4,61
2019/5/8,2.7,69
2019/5/9,3.9,62
2019/5/10,4.3,81
2019/5/11,5.4,63
2019/5/12,4,61
2019/5/13,2,59
2019/5/14,3.7,47
2019/5/15,2.6,71
2019/5/16,3,70
2019/5/17,6.6,71
2019/5/18,5.9,63
2019/5/19,6,62
2019/5/20,8.3,75
2019/5/21,5.8,86
2019/5/22,4.5,56
2019/5/23,3.9,58
2019/5/24,2.5,67
2019/5/25,4.2,49
2019/5/26,2.5,52
2019/5/27,2.4,39
2019/5/28,5.2,54
2019/5/29,2.2,55
2019/5/30,2.6,46
2019/5/31,5.6,59
2019/6/1,4.5,54
2019/6/2,2.2,59
2019/6/3,3.8,50
2019/6/4,2,81
2019/6/5,2.3,91
2019/6/6,2.1,72
2019/6/7,2.6,81
2019/6/8,3.1,74
2019/6/9,2.6,77
2019/6/10,3.5,63
2019/6/11,3.8,62
2019/6/12,3.4,72
2019/6/13,2.4,82
2019/6/14,6.1,68
2019/6/15,6.8,82
2019/6/16,4.2,80
2019/6/17,7.7,77
2019/6/18,2.4,63
2019/6/19,2.4,62
2019/6/20,2.1,72
2019/6/21,4.9,79
2019/6/22,5.5,88
2019/6/23,3.5,72
2019/6/24,2,72
2019/6/25,2,73
2019/6/26,2.2,74
2019/6/27,2.7,79
2019/6/28,1.9,84
2019/6/29,5.2,70
2019/6/30,6.1,74
2019/7/1,6.9,74
2019/7/2,3.2,84
2019/7/3,1.9,89
2019/7/4,3.7,79
2019/7/5,2,81
2019/7/6,3.5,70
2019/7/7,4,68
2019/7/8,3.3,70
2019/7/9,2.7,69
2019/7/10,2.1,70
2019/7/11,4.7,67
2019/7/12,6.6,83
2019/7/13,4.9,85
2019/7/14,4.7,80
2019/7/15,2.2,74
2019/7/16,4,73
2019/7/17,5.5,75
2019/7/18,5.1,76
2019/7/19,4.9,82
2019/7/20,3,76
2019/7/21,4.5,69
2019/7/22,7.4,75
2019/7/23,5.7,75
2019/7/24,4.8,79
2019/7/25,1.9,82
2019/7/26,4.9,82
2019/7/27,2.7,83
2019/7/28,2.4,81
2019/7/29,3.2,71
2019/7/30,3.1,66
2019/7/31,3.2,69
2019/8/1,2.2,70
2019/8/2,2.4,72
2019/8/3,2.9,76
2019/8/4,2.3,67
2019/8/5,3,73
2019/8/6,2.7,76
2019/8/7,2.5,77
2019/8/8,2.6,90
2019/8/9,4.4,83
2019/8/10,4.1,78
2019/8/11,3,76
2019/8/12,3.1,80
2019/8/13,3.5,81
2019/8/14,6.3,70
2019/8/15,6.7,76
2019/8/16,7.5,89
2019/8/17,3.7,73
2019/8/18,3.4,80
2019/8/19,4.9,75
2019/8/20,5.1,85
2019/8/21,3.7,78
2019/8/22,6,76
2019/8/23,3.4,92
2019/8/24,4,87
2019/8/25,4.5,81
2019/8/26,2.3,78
2019/8/27,2.4,72
2019/8/28,3.9,87
2019/8/29,2.8,86
2019/8/30,4,76
2019/8/31,3.4,73
2019/9/1,2.4,59
2019/9/2,2.8,60
2019/9/3,3.4,68
2019/9/4,1.8,64
2019/9/5,3.5,66
2019/9/6,1.9,75
2019/9/7,2.1,87
2019/9/8,4.4,80
2019/9/9,2.5,74
2019/9/10,3.5,66
2019/9/11,1.3,82
2019/9/12,4.2,72
2019/9/13,1.8,67
2019/9/14,4.5,69
2019/9/15,2,84
2019/9/16,3,86
2019/9/17,5,66
2019/9/18,3.6,66
2019/9/19,3,66
2019/9/20,4.4,57
2019/9/21,2.7,64
2019/9/22,2.8,74
2019/9/23,2.2,91
2019/9/24,5.1,63
2019/9/25,4.4,48
2019/9/26,1.6,60
2019/9/27,2.3,71
2019/9/28,1.6,66
2019/9/29,2.5,72
2019/9/30,1.5,76
2019/10/1,1.4,64
2019/10/2,1.7,73
2019/10/3,4.4,74
2019/10/4,2.1,95
2019/10/5,4.5,84
2019/10/6,1.9,68
2019/10/7,3.5,82
2019/10/8,3.1,87
2019/10/9,4,66
2019/10/10,2.6,70
2019/10/11,3.2,75
2019/10/12,4.5,66
2019/10/13,5,58
2019/10/14,2.5,68
2019/10/15,4.1,59
2019/10/16,3.2,65
2019/10/17,3.7,59
2019/10/18,1.8,62
2019/10/19,1.8,87
2019/10/20,4.2,70
2019/10/21,1.5,72
2019/10/22,2.8,75
2019/10/23,2.9,78
2019/10/24,2,62
2019/10/25,5.6,66
2019/10/26,4.4,70
2019/10/27,2.5,61
2019/10/28,2.3,62
2019/10/29,4.9,69
2019/10/30,3,62
2019/10/31,3.8,66
2019/11/1,4.2,55
2019/11/2,3,55
2019/11/3,3.7,54
2019/11/4,3.4,60
2019/11/5,2.5,58
2019/11/6,4,53
2019/11/7,3.7,74
2019/11/8,2.6,67
2019/11/9,2.8,56
2019/11/10,2.4,56
2019/11/11,3.5,76
2019/11/12,5.2,69
2019/11/13,3.8,61
2019/11/14,5.7,69
2019/11/15,1.9,88
2019/11/16,2.9,73
2019/11/17,4.4,66
2019/11/18,4.7,76
2019/11/19,4.2,58
2019/11/20,4.6,69
2019/11/21,3,62
2019/11/22,1.9,65
2019/11/23,3.8,78
2019/11/24,3.8,77
2019/11/25,6.2,83
2019/11/26,1.4,68
2019/11/27,4.6,69
2019/11/28,4.5,61
2019/11/29,1.9,72
2019/11/30,3.3,61
2019/12/1,3.1,82
2019/12/2,2.2,92
2019/12/3,3.1,76
2019/12/4,2.7,72
2019/12/5,2.8,61
2019/12/6,1.3,69
2019/12/7,3.8,69
2019/12/8,5.1,64
2019/12/9,3.2,62
2019/12/10,3.4,72
2019/12/11,2.2,87
2019/12/12,6,71
2019/12/13,3.8,59
2019/12/14,4.4,80
2019/12/15,5.4,64
2019/12/16,2.4,78
2019/12/17,3.9,82
2019/12/18,5.4,72
2019/12/19,1.6,62
2019/12/20,3.6,69
2019/12/21,2.8,64
2019/12/22,2.7,69
2019/12/23,2.3,72
2019/12/24,4.3,59
2019/12/25,2.2,64
2019/12/26,1.4,79
2019/12/27,2.9,73
2019/12/28,1.7,79
2019/12/29,3.2,59
2019/12/30,6.1,76
2019/12/31,4.8,73
2020/1/1,1.8,76
2020/1/2,2.3,70
2020/1/3,3.4,63
2020/1/4,3.4,63
2020/1/5,3.6,66
2020/1/6,7.1,65
2020/1/7,1.7,79
2020/1/8,1.8,83
2020/1/9,3.3,67
2020/1/10,1.2,62
2020/1/11,1.7,81
2020/1/12,1.6,79
2020/1/13,2.1,65
2020/1/14,1.4,66
2020/1/15,1.4,80
2020/1/16,1.9,73
2020/1/17,2.2,65
2020/1/18,1.3,64
2020/1/19,1.4,70
2020/1/20,3.1,89
2020/1/21,4.9,72
2020/1/22,2.7,70
2020/1/23,2.6,70
2020/1/24,5.2,68
2020/1/25,4.7,68
2020/1/26,2.6,68
2020/1/27,4.1,62
2020/1/28,3.7,68
2020/1/29,2.8,87
2020/1/30,4.2,81
2020/1/31,4.5,70
2020/2/1,3.8,64
2020/2/2,1.6,70
2020/2/3,2.2,79
2020/2/4,4.2,63
2020/2/5,1.9,79
2020/2/6,3,72
2020/2/7,2.3,70
2020/2/8,2.8,67
2020/2/9,1.6,62
2020/2/10,2.8,80
2020/2/11,1.4,78
2020/2/12,2.3,76
2020/2/13,1.4,84
2020/2/14,3.1,86
2020/2/15,4.7,70
2020/2/16,1.9,67
2020/2/17,3.6,89
2020/2/18,3.9,88
2020/2/19,2.2,77
2020/2/20,2.4,63
2020/2/21,2.9,58
2020/2/22,6.6,74
2020/2/23,6.7,82
2020/2/24,2.6,75
2020/2/25,1.7,79
2020/2/26,1.4,64
2020/2/27,2.8,66
2020/2/28,2.1,77
2020/2/29,2.3,61
2020/3/1,1.7,86
2020/3/2,2.7,77
2020/3/3,2.3,82
2020/3/4,3.4,74
2020/3/5,3.1,93
2020/3/6,6.1,70
2020/3/7,2.1,59
2020/3/8,4.1,73
2020/3/9,1.6,75
2020/3/10,1.6,89
2020/3/11,4,91
2020/3/12,3.5,62
2020/3/13,4.4,66
2020/3/14,2.4,59
2020/3/15,2.4,59
2020/3/16,3,65
2020/3/17,2.4,60
2020/3/18,2.1,54
2020/3/19,6,65
2020/3/20,5.7,71
2020/3/21,5,47
2020/3/22,2.4,56
2020/3/23,3.1,72
2020/3/24,4.4,70
2020/3/25,4.2,52
2020/3/26,3.1,66
2020/3/27,6.5,74
2020/3/28,5.9,50
2020/3/29,3.1,44
2020/3/30,2,51
2020/3/31,3.8,54
2020/4/1,3.7,71
2020/4/2,5.8,56
2020/4/3,3,47
2020/4/4,6.4,69
2020/4/5,4.4,63
2020/4/6,2.3,82
2020/4/7,2.4,77
2020/4/8,2.8,69
2020/4/9,1.7,85
2020/4/10,4.5,77
2020/4/11,4.8,61
2020/4/12,3.2,57
2020/4/13,2.8,60
2020/4/14,5,59
2020/4/15,4.8,60
2020/4/16,5.7,57
2020/4/17,2.2,58
2020/4/18,6.9,68
2020/4/19,2.7,52
2020/4/20,6,70
2020/4/21,5,58
2020/4/22,4.3,51
2020/4/23,3.7,74
2020/4/24,2.2,55
2020/4/25,4.1,71
2020/4/26,4.6,81
2020/4/27,3.4,76
2020/4/28,3.1,50
2020/4/29,2.6,68
2020/4/30,2.4,55
2020/5/1,3.4,58
2020/5/2,4.1,73
2020/5/3,2.8,70
2020/5/4,2.9,70
2020/5/5,5.8,71
2020/5/6,4.1,76
2020/5/7,3.6,74
2020/5/8,2.4,43
2020/5/9,2,43
2020/5/10,4,82
2020/5/11,2.9,79
2020/5/12,5.1,58
2020/5/13,3.9,59
2020/5/14,5.3,47
2020/5/15,2.7,50
2020/5/16,5.4,72
2020/5/17,4.5,81
2020/5/18,3.3,65
2020/5/19,3.3,57
2020/5/20,3.3,56
2020/5/21,3.4,54
2020/5/22,6.2,68
2020/5/23,6.2,73
2020/5/24,2.8,77
2020/5/25,4,79
2020/5/26,2,86
2020/5/27,2.8,90
2020/5/28,2.7,81
2020/5/29,1.9,61
2020/5/30,2.1,46
2020/5/31,2.1,46
2020/6/1,4.4,49
2020/6/2,4.2,61
2020/6/3,2.4,54
2020/6/4,6.6,62
2020/6/5,3.6,76
2020/6/6,5.1,81
2020/6/7,4.8,81
2020/6/8,1.6,78
2020/6/9,2.7,65
2020/6/10,1.8,61
2020/6/11,3.1,71
2020/6/12,2.9,56
2020/6/13,2.4,58
2020/6/14,3.3,68
2020/6/15,4.4,74
2020/6/16,3.8,79
2020/6/17,5.2,84
2020/6/18,3.2,87
2020/6/19,3.9,87
2020/6/20,6.7,76
2020/6/21,3.4,66
2020/6/22,4.6,81
2020/6/23,3.5,75
2020/6/24,2.5,75
2020/6/25,5.7,71
2020/6/26,5,77
2020/6/27,4.7,80
2020/6/28,3.1,85
2020/6/29,1.8,92
2020/6/30,4.5,76
2020/7/1,2.5,83
2020/7/2,1.9,95
2020/7/3,3.1,76
2020/7/4,5.5,74
2020/7/5,3.1,74
2020/7/6,2.6,72
2020/7/7,3.5,82
2020/7/8,2.8,87
2020/7/9,2.2,66
2020/7/10,2.7,64
2020/7/11,3.4,80
2020/7/12,2.9,77
2020/7/13,2,82
2020/7/14,3.4,73
2020/7/15,2.9,70
2020/7/16,2.3,74
2020/7/17,3.3,72
2020/7/18,4.3,71
2020/7/19,2.7,77
2020/7/20,2.2,76
2020/7/21,4.9,83
2020/7/22,3.9,83
2020/7/23,3.8,87
2020/7/24,4.2,80
2020/7/25,3,77
2020/7/26,4.4,72
2020/7/27,4.4,82
2020/7/28,3.5,71
2020/7/29,1.8,73
2020/7/30,3.2,71
2020/7/31,2.5,76
2020/8/1,2.1,72
2020/8/2,5.2,72
2020/8/3,6.1,79
2020/8/4,4,81
2020/8/5,2.3,80
2020/8/6,2.4,83
2020/8/7,8,76
2020/8/8,3.1,75
2020/8/9,4.5,77
2020/8/10,4.1,84
2020/8/11,4,74
2020/8/12,2.1,73
2020/8/13,4.6,70
2020/8/14,4.3,83
2020/8/15,4.6,80
2020/8/16,1.6,83
2020/8/17,2.6,80
2020/8/18,1.9,71
2020/8/19,3.8,68
2020/8/20,3.2,79
2020/8/21,1.7,69
2020/8/22,1.6,62
2020/8/23,2.1,71
2020/8/24,3.2,67
2020/8/25,5.7,77
2020/8/26,3,73
2020/8/27,1.7,77
2020/8/28,1.8,71
2020/8/29,2.4,86
2020/8/30,4.2,93
2020/8/31,3.6,77
2020/9/1,5.2,70
2020/9/2,5.9,79
2020/9/3,7.3,82
2020/9/4,4.1,79
2020/9/5,2.6,82
2020/9/6,4.9,74
2020/9/7,4.3,79
2020/9/8,2.3,71
2020/9/9,3.5,65
2020/9/10,2,87
2020/9/11,1.9,81
2020/9/12,2.7,80
2020/9/13,3.6,87
2020/9/14,5.1,79
2020/9/15,5.8,83
2020/9/16,4.5,84
2020/9/17,4.8,83
2020/9/18,2,89
2020/9/19,3.6,61
2020/9/20,1.5,70
2020/9/21,2,73
2020/9/22,1.9,75
2020/9/23,2.9,75
2020/9/24,2.1,72
2020/9/25,2.6,68
2020/9/26,2.1,69
2020/9/27,2.5,67
2020/9/28,4.6,68
2020/9/29,1.9,72
2020/9/30,1.9,74
2020/10/1,2.4,77
2020/10/2,3.2,87
2020/10/3,4.8,76
2020/10/4,2.2,74
2020/10/5,3.9,69
2020/10/6,3.4,72
2020/10/7,2.3,67
2020/10/8,2.1,63
2020/10/9,2,65
2020/10/10,3.5,70
2020/10/11,4.1,68
2020/10/12,5.8,86
2020/10/13,4.3,74
2020/10/14,3,59
2020/10/15,2.7,61
2020/10/16,2.4,64
2020/10/17,2,67
2020/10/18,2.9,58
2020/10/19,2.5,60
2020/10/20,3.1,60
2020/10/21,3,64
2020/10/22,6.1,66
2020/10/23,6.4,80
2020/10/24,3.1,61
2020/10/25,3,67
2020/10/26,2.6,72
2020/10/27,1.9,73
2020/10/28,3.6,64
2020/10/29,4,62
2020/10/30,3.5,72
2020/10/31,1.9,75
2020/11/1,5.5,73
2020/11/2,4,70
2020/11/3,2.5,66
2020/11/4,2.5,73
2020/11/5,2.7,59
2020/11/6,3.7,59
2020/11/7,3,60
2020/11/8,3.5,62
2020/11/9,4.6,85
2020/11/10,3,68
2020/11/11,2.2,74
2020/11/12,2.5,71
2020/11/13,3.5,74
2020/11/14,4.7,63
2020/11/15,2,69
2020/11/16,5,61
2020/11/17,4.2,54
2020/11/18,2,74
2020/11/19,5,92
2020/11/20,3.8,94
2020/11/21,2.7,82
2020/11/22,3.6,81
2020/11/23,3.1,72
2020/11/24,3.6,63
2020/11/25,2.2,63
2020/11/26,4.4,61
2020/11/27,1.6,59
2020/11/28,2.2,74
2020/11/29,2.5,59
2020/11/30,2,67
2020/12/1,3.2,64
2020/12/2,2.5,62
2020/12/3,1.9,64
2020/12/4,2.6,60
2020/12/5,1.6,62
2020/12/6,1.5,64
2020/12/7,2.6,71
2020/12/8,4,60
2020/12/9,2.3,54
2020/12/10,1.6,72
2020/12/11,1.8,71
2020/12/12,3.9,67
2020/12/13,2.8,53
2020/12/14,3.5,58
2020/12/15,3.6,50
2020/12/16,4.9,68
2020/12/17,4.7,57
2020/12/18,3.3,70
2020/12/19,4.5,65
2020/12/20,2.9,69
2020/12/21,2.3,67
2020/12/22,2.4,65
2020/12/23,1.7,71
2020/12/24,2.5,82
2020/12/25,3.4,73
2020/12/26,4.9,60
2020/12/27,3.4,60
2020/12/28,2.8,74
2020/12/29,2.6,67
2020/12/30,1.8,79
2020/12/31,2.1,65
2021/1/1,2.4,65
2021/1/2,1.8,63
2021/1/3,1.4,79
2021/1/4,1.8,75
2021/1/5,2.4,63
2021/1/6,1.4,63
2021/1/7,2.4,74
2021/1/8,4.2,59
2021/1/9,3.4,60
2021/1/10,2.1,60
2021/1/11,2.1,66
2021/1/12,3.3,77
2021/1/13,2.5,88
2021/1/14,4.3,71
2021/1/15,3.3,59
2021/1/16,7,79
2021/1/17,2,71
2021/1/18,2,79
2021/1/19,4.4,78
2021/1/20,3.9,60
2021/1/21,2.6,80
2021/1/22,4.7,67
2021/1/23,2.1,83
2021/1/24,1.2,79
2021/1/25,2.5,73
2021/1/26,4.3,76
2021/1/27,6,67
2021/1/28,3.1,55
2021/1/29,4.4,83
2021/1/30,4.8,74
2021/1/31,3.7,58
2021/2/1,6.5,73
2021/2/2,4.9,65
2021/2/3,3.3,71
2021/2/4,3.1,67
2021/2/5,3.4,69
2021/2/6,2.3,87
2021/2/7,3.8,80
2021/2/8,3.3,70
2021/2/9,4.1,55
2021/2/10,3,69
2021/2/11,3.9,66
2021/2/12,1.8,65
2021/2/13,1.4,72
2021/2/14,1.1,76
2021/2/15,2.5,88
2021/2/16,2.8,80
2021/2/17,3.5,64
2021/2/18,6.9,79
2021/2/19,3,64
2021/2/20,4,71
2021/2/21,3.7,55
2021/2/22,2.2,69
2021/2/23,4.5,72
2021/2/24,4.5,51
2021/2/25,3.1,52
2021/2/26,3.5,71
2021/2/27,2.9,75
2021/2/28,2.2,69
2021/3/1,3.2,86
2021/3/2,4,89
2021/3/3,2.9,68
2021/3/4,5.5,72
2021/3/5,5,81
2021/3/6,7.1,70
2021/3/7,3,55
2021/3/8,3.2,60
2021/3/9,3.5,61
2021/3/10,6.7,72
2021/3/11,1.6,60
2021/3/12,2.6,76
2021/3/13,3.5,48
2021/3/14,3.4,59
2021/3/15,3.7,65
2021/3/16,2.8,52
2021/3/17,4.6,73
2021/3/18,4.3,79
2021/3/19,2.9,80
2021/3/20,3.6,57
2021/3/21,4.6,86
2021/3/22,3.7,63
2021/3/23,2.8,55
2021/3/24,3.3,58
2021/3/25,1.9,67
2021/3/26,5,81
2021/3/27,3.5,42
2021/3/28,6.1,68
2021/3/29,4.5,74
2021/3/30,3.8,58
2021/3/31,3.2,68
2021/4/1,3.7,64
2021/4/2,3.4,49
2021/4/3,3.6,75
2021/4/4,3.6,72
2021/4/5,5,55
2021/4/6,6.5,46
2021/4/7,4.7,62
2021/4/8,3.4,64
2021/4/9,4.6,60
2021/4/10,3.9,49
2021/4/11,1.8,49
2021/4/12,3.8,41
2021/4/13,7,78
2021/4/14,4.3,53
2021/4/15,3.3,45
2021/4/16,5.9,53
2021/4/17,5,87
2021/4/18,2.8,93
2021/4/19,6.7,62
2021/4/20,5.1,36
2021/4/21,6.3,39
2021/4/22,7.2,64
2021/4/23,2.6,59
2021/4/24,2.5,60
2021/4/25,4.8,82
2021/4/26,3.9,51
2021/4/27,2.3,48
2021/4/28,5.2,43
2021/4/29,2.4,61
2021/4/30,5.9,86
2021/5/1,6.2,77
2021/5/2,6.2,77
2021/5/3,6,82
2021/5/4,3.9,71
2021/5/5,8.2,70
2021/5/6,4.2,44
2021/5/7,6.2,42
2021/5/8,3.7,51
2021/5/9,3.9,59
2021/5/10,5.6,78
2021/5/11,4.8,80
2021/5/12,2.6,69
2021/5/13,3.3,70
2021/5/14,2.3,71
2021/5/15,5.4,50
2021/5/16,6.3,85
2021/5/17,3.1,82
2021/5/18,2.3,63
2021/5/19,4.3,70
2021/5/20,2.5,73
2021/5/21,4.5,76
2021/5/22,2.3,73
2021/5/23,1.7,88
2021/5/24,2.9,91
2021/5/25,3.5,78
2021/5/26,3.3,47
2021/5/27,3,66
2021/5/28,2.5,87
2021/5/29,4.8,85
2021/5/30,2.8,79
2021/5/31,6.2,71
2021/6/1,2.3,65
2021/6/2,2.6,64
2021/6/3,4.8,61
2021/6/4,8.9,84
2021/6/5,4,60
2021/6/6,5.3,62
2021/6/7,2.1,68
2021/6/8,3.5,74
2021/6/9,2.3,76
2021/6/10,1.8,59
2021/6/11,3.7,51
2021/6/12,4.8,71
2021/6/13,2.5,70
2021/6/14,3.7,84
2021/6/15,1.9,83
2021/6/16,2.6,78
2021/6/17,3,75
2021/6/18,3.1,78
2021/6/19,5.1,77
2021/6/20,3.4,81
2021/6/21,2.9,80
2021/6/22,3.1,60
2021/6/23,4.3,60
2021/6/24,4.6,77
2021/6/25,2.7,74
2021/6/26,2.4,66
2021/6/27,2.2,74
2021/6/28,2.4,81
2021/6/29,4.8,75
2021/6/30,3.3,72
2021/7/1,6.7,77
2021/7/2,5.2,74
2021/7/3,2.4,74
2021/7/4,4.8,65
2021/7/5,7.2,85
2021/7/6,3.1,88
2021/7/7,1.7,91
2021/7/8,3.2,78
2021/7/9,5.1,71
2021/7/10,6.3,75
2021/7/11,4,75
2021/7/12,2.8,77
2021/7/13,3.6,72
2021/7/14,3.8,70
2021/7/15,2.6,73
2021/7/16,2.3,71
2021/7/17,2,69
2021/7/18,2,66
2021/7/19,2.1,65
2021/7/20,3.9,80
2021/7/21,2,78
2021/7/22,2.8,75
2021/7/23,3.1,72
2021/7/24,2.8,71
2021/7/25,4.6,68
2021/7/26,4,61
2021/7/27,2.7,70
2021/7/28,5.3,66
2021/7/29,6.2,81
2021/7/30,4.9,74
2021/7/31,3.1,70
2021/8/1,1.9,69
2021/8/2,4.2,75
2021/8/3,2.6,73
2021/8/4,1.6,82
2021/8/5,1.9,75
2021/8/6,2.4,71
2021/8/7,5.4,73
2021/8/8,6.1,73
2021/8/9,2.7,84
2021/8/10,2.5,87
2021/8/11,2,67
2021/8/12,4.1,71
2021/8/13,4.5,67
2021/8/14,3.1,61
2021/8/15,1.5,72
2021/8/16,4.3,71
2021/8/17,4.8,74
2021/8/18,2.5,93
2021/8/19,3.4,84
2021/8/20,1.7,63
2021/8/21,4.5,60
2021/8/22,6.4,73
2021/8/23,4.5,77
2021/8/24,5,76
2021/8/25,4.7,91
2021/8/26,3.9,83
2021/8/27,2,77
2021/8/28,3.1,63
2021/8/29,2.5,56
2021/8/30,3.4,56
2021/8/31,4.7,59
2021/9/1,3,65
2021/9/2,2.2,67
2021/9/3,1.7,69
2021/9/4,2.3,75
2021/9/5,1.9,77
2021/9/6,2.1,71
2021/9/7,1.9,67
2021/9/8,4.7,77
2021/9/9,1.9,89
2021/9/10,2.6,77
2021/9/11,4.5,73
2021/9/12,3.4,78
2021/9/13,6.2,68
2021/9/14,1.9,62
2021/9/15,2.3,61
2021/9/16,3.3,68
2021/9/17,5.1,74
2021/9/18,2.6,79
2021/9/19,4.1,69
2021/9/20,2.8,59
2021/9/21,4.3,74
2021/9/22,5.2,84
2021/9/23,1.9,83
2021/9/24,4,69
2021/9/25,2,66
2021/9/26,3.3,71
2021/9/27,3.7,72
2021/9/28,3.8,78
2021/9/29,5.7,77
2021/9/30,4.4,92
2021/10/1,1.7,80
2021/10/2,3.7,82
2021/10/3,3.7,52
2021/10/4,3.8,72
2021/10/5,1.7,77
2021/10/6,3.1,67
2021/10/7,2.6,60
2021/10/8,3.1,68
2021/10/9,1.8,64
2021/10/10,5.7,76
2021/10/11,2.9,74
2021/10/12,1.4,70
2021/10/13,2.1,70
2021/10/14,2.8,71
2021/10/15,4,72
2021/10/16,4.6,74
2021/10/17,5.1,60
2021/10/18,2.6,59
2021/10/19,3.8,76
2021/10/20,2,92
2021/10/21,4.1,87
2021/10/22,1.8,81
2021/10/23,2.8,79
2021/10/24,1.6,70
2021/10/25,1.7,73
2021/10/26,2,83
2021/10/27,2.4,75
2021/10/28,3.5,78
2021/10/29,6.6,69
2021/10/30,1.7,70
2021/10/31,1.5,76
2021/11/1,2.2,77
2021/11/2,1.7,86
2021/11/3,1.6,83
2021/11/4,2.5,78
2021/11/5,2.9,74
2021/11/6,1.7,73
2021/11/7,1.7,88
2021/11/8,3.9,83
2021/11/9,5.7,89
2021/11/10,5.4,79
2021/11/11,4.1,59
2021/11/12,2.9,59
2021/11/13,1.9,64
2021/11/14,3.2,75
2021/11/15,2.8,66
2021/11/16,2.9,55
2021/11/17,3.2,57
2021/11/18,4,72
2021/11/19,4.3,73
2021/11/20,3.7,56
2021/11/21,1.2,69
2021/11/22,6.3,81
2021/11/23,4.6,59
2021/11/24,3,60
2021/11/25,1.5,75
2021/11/26,3.2,61
2021/11/27,4.6,85
2021/11/28,2.1,77
2021/11/29,2.9,72
2021/11/30,4,76
2021/12/1,6.5,67
2021/12/2,2.5,80
2021/12/3,5.1,82
2021/12/4,3.4,66
2021/12/5,2.4,61
2021/12/6,3.7,75
2021/12/7,2.8,74
2021/12/8,2.4,72
2021/12/9,1.5,67
2021/12/10,1.8,75
2021/12/11,2.4,78
2021/12/12,3.2,78
2021/12/13,5.7,65
2021/12/14,2.2,65
2021/12/15,2.8,74
2021/12/16,1.7,60
2021/12/17,3.9,93
2021/12/18,5.9,69
2021/12/19,1.6,72
2021/12/20,2,68
2021/12/21,2.2,85
2021/12/22,3.1,74
2021/12/23,3.2,70
2021/12/24,1.9,64
2021/12/25,2.3,61
2021/12/26,4.7,67
2021/12/27,3,68
2021/12/28,3.6,58
2021/12/29,2.6,75
2021/12/30,3.9,70
2021/12/31,4.3,53
2022/1/1,4.1,76
2022/1/2,3.3,78
2022/1/3,3.6,72
2022/1/4,5.7,68
2022/1/5,5.3,77
2022/1/6,1.4,76
2022/1/7,1.7,73
2022/1/8,2,81
2022/1/9,3.1,77
2022/1/10,1.3,75
2022/1/11,4.8,82
2022/1/12,6.9,87
2022/1/13,7.3,81
2022/1/14,9.7,84
2022/1/15,6.3,81
2022/1/16,2.9,82
2022/1/17,2.8,76
2022/1/18,2.7,70
2022/1/19,1.8,64
2022/1/20,1.6,57
2022/1/21,4,81
2022/1/22,2.2,89
2022/1/23,1.4,72
2022/1/24,1.6,78
2022/1/25,1.6,79
2022/1/26,1.8,79
2022/1/27,2.3,79
2022/1/28,1.6,74
2022/1/29,2.6,69
2022/1/30,4.2,52
2022/1/31,2.4,81
2022/2/1,2.4,66
2022/2/2,4,66
2022/2/3,2.9,67
2022/2/4,2.2,66
2022/2/5,1.7,76
2022/2/6,3.2,78
2022/2/7,3.1,63
2022/2/8,2.2,71
2022/2/9,3.9,62
2022/2/10,1.2,69
2022/2/11,1.5,68
2022/2/12,2.2,74
2022/2/13,2.8,67
2022/2/14,2,72
2022/2/15,2.9,76
2022/2/16,2.8,78
2022/2/17,2.2,75
2022/2/18,2.1,71
2022/2/19,3.8,69
2022/2/20,6,78
2022/2/21,9.6,80
2022/2/22,6.5,82
2022/2/23,5.1,77
2022/2/24,2.9,64
2022/2/25,2.7,68
2022/2/26,3.5,59
2022/2/27,3.8,74
2022/2/28,4.1,67
2022/3/1,2.6,77
2022/3/2,2.7,63
2022/3/3,3.9,74
2022/3/4,2.2,55
2022/3/5,6.1,72
2022/3/6,3.6,68
2022/3/7,5.5,66
2022/3/8,1.7,69
2022/3/9,1.4,63
2022/3/10,1.9,60
2022/3/11,4,71
2022/3/12,4.8,72
2022/3/13,3,63
2022/3/14,2.8,71
2022/3/15,3.5,91
2022/3/16,1.7,85
2022/3/17,2.4,85
2022/3/18,2.1,69
2022/3/19,3.5,75
2022/3/20,5,71
2022/3/21,3.3,63
2022/3/22,2.3,78
2022/3/23,1.7,65
2022/3/24,2.1,67
2022/3/25,2.5,66
2022/3/26,5.5,81
2022/3/27,4.6,59
2022/3/28,5.1,57
2022/3/29,2.7,46
2022/3/30,3.8,69
2022/3/31,3.1,61
2022/4/1,4.3,63
