customer_id,tank_type_id,supplied_at,volume,purpose
711,1,2012-11-14 06:40:00,131.6,
711,1,2012-12-06 06:04:00,100.2,
711,1,2012-12-31 06:11:00,170.2,
711,1,2013-01-21 06:15:00,212.2,
711,1,2013-02-13 05:53:00,233.3,
711,1,2013-03-12 05:34:00,233.9,
711,1,2013-04-01 05:18:00,112.5,
711,1,2013-11-25 11:03:00,117.1,
711,1,2013-12-16 12:16:00,113.7,
711,1,2014-01-03 05:28:00,124.7,
711,1,2014-01-23 09:06:00,174.2,
711,1,2014-02-13 09:52:00,185.7,
711,1,2014-03-06 06:33:00,186.5,
711,1,2014-03-26 08:53:00,124.3,
711,1,2014-04-22 08:47:00,109.1,
711,1,2014-11-13 06:00:00,100.3,
711,1,2014-12-04 12:49:00,147.2,
711,1,2014-12-25 14:18:00,211.3,
711,1,2015-01-15 13:32:00,123.0,
711,1,2015-02-04 13:30:00,143.3,
711,1,2015-02-25 11:51:00,109.7,
711,1,2015-03-18 11:41:00,98.0,
711,1,2015-04-14 09:54:00,64.9,
711,1,2015-11-11 15:51:00,108.3,
711,1,2015-12-03 11:32:00,110.2,
711,1,2015-12-24 08:46:00,151.5,
711,1,2016-01-14 13:27:00,219.4,
711,1,2016-02-04 10:14:00,250.0,
711,1,2016-02-25 10:03:00,219.8,
711,1,2016-03-18 05:49:00,227.5,
711,1,2016-04-07 07:06:00,98.4,
711,1,2016-11-10 05:47:00,234.9,
711,1,2016-12-01 14:27:00,356.2,
711,1,2016-12-14 05:09:00,247.6,
711,1,2016-12-28 05:41:00,300.7,
711,1,2017-01-10 07:19:00,235.9,
711,1,2017-01-24 05:01:00,311.4,
711,1,2017-02-06 05:24:00,262.6,
711,1,2017-02-20 05:31:00,239.7,
711,1,2017-03-06 05:25:00,218.1,
711,1,2017-03-21 06:01:00,204.6,
711,1,2017-04-03 07:00:00,139.3,
711,1,2017-11-28 15:36:00,333.5,
711,1,2017-12-12 05:45:00,264.5,
711,1,2017-12-26 05:44:00,321.3,
711,1,2018-01-04 04:54:00,144.4,
711,1,2018-01-15 05:17:00,252.1,
711,1,2018-01-30 05:54:00,357.2,
711,1,2018-02-09 05:19:00,255.9,
711,1,2018-02-21 05:19:00,268.9,
711,1,2018-03-06 06:02:00,302.8,
711,1,2018-03-20 05:08:00,232.3,
711,1,2018-03-30 05:23:00,104.2,
711,1,2018-04-20 07:43:00,227.1,
711,1,2018-11-22 12:06:00,178.7,
711,1,2018-12-07 05:55:00,213.9,
711,1,2018-12-20 05:47:00,264.4,
711,1,2018-12-27 05:46:00,134.3,
711,1,2019-01-10 06:01:00,255.8,
711,1,2019-01-25 05:53:00,330.2,
711,1,2019-02-08 05:41:00,321.9,
711,1,2019-02-21 05:40:00,289.5,
711,1,2019-03-08 06:16:00,196.6,
711,1,2019-03-22 05:44:00,157.6,
711,1,2019-04-05 11:21:00,183.3,
641,1,2017-04-18 12:02:00,337.9,
641,1,2017-11-09 09:38:00,108.9,
641,1,2017-11-21 15:09:00,174.1,
641,1,2017-12-01 14:08:00,172.2,
641,1,2017-12-11 11:01:00,196.8,
641,1,2017-12-19 13:05:00,142.1,
641,1,2017-12-28 13:24:00,179.5,
641,1,2018-01-06 15:57:00,147.3,
641,1,2018-01-15 13:57:00,160.1,
641,1,2018-01-27 10:50:00,251.7,
641,1,2018-02-09 13:28:00,259.3,
641,1,2018-02-24 11:54:00,271.2,
641,1,2018-03-09 13:10:00,291.5,
641,1,2018-03-24 10:15:00,218.1,
641,1,2018-04-09 10:53:00,151.9,
641,1,2018-11-15 14:26:00,134.5,
641,1,2018-11-29 15:32:00,107.2,
641,1,2018-12-13 13:14:00,123.6,
641,1,2018-12-26 09:50:00,138.0,
641,1,2019-01-08 11:36:00,154.6,
641,1,2019-01-24 08:48:00,198.1,
641,1,2019-02-07 12:42:00,178.9,
641,1,2019-02-21 10:46:00,175.1,
641,1,2019-03-07 08:38:00,120.9,
641,1,2019-03-19 12:59:00,125.1,
641,1,2019-04-15 12:22:00,217.5,
631,1,2015-11-12 05:24:00,364.9,
631,1,2015-11-27 07:00:00,246.8,
631,1,2015-12-09 06:06:00,238.8,
631,1,2015-12-22 07:50:00,259.3,
631,1,2016-01-05 05:59:00,326.6,
631,1,2016-01-19 06:46:00,322.5,
631,1,2016-02-02 07:52:00,336.5,
631,1,2016-02-16 08:01:00,292.7,
631,1,2016-03-01 14:19:00,327.8,
631,1,2016-03-15 14:43:00,295.1,
631,1,2016-03-31 05:02:00,290.2,
631,1,2016-04-14 10:11:00,153.8,
631,1,2016-04-27 06:15:00,134.7,
631,1,2016-11-09 06:06:00,246.0,
631,1,2016-11-24 05:44:00,167.4,
631,1,2016-12-07 13:41:00,162.3,
631,1,2016-12-22 06:20:00,308.7,
631,1,2017-01-05 14:18:00,189.6,
631,1,2017-01-18 06:31:00,245.2,
631,1,2017-02-01 08:51:00,248.0,
631,1,2017-02-15 09:47:00,214.0,
631,1,2017-03-01 09:08:00,245.3,
631,1,2017-03-15 12:56:00,202.4,
631,1,2017-03-28 08:21:00,143.2,
631,1,2017-04-24 12:15:00,242.6,
631,1,2017-11-08 12:51:00,179.1,
631,1,2017-11-27 08:13:00,313.7,
631,1,2017-12-11 08:35:00,277.4,
631,1,2017-12-27 11:48:00,296.4,
631,1,2018-01-10 11:35:00,263.3,
631,1,2018-01-23 10:08:00,276.2,
631,1,2018-02-06 05:43:00,304.2,
631,1,2018-02-20 07:59:00,280.8,
631,1,2018-03-05 06:14:00,250.7,
631,1,2018-03-19 10:43:00,234.1,
631,1,2018-03-29 05:45:00,129.1,
631,1,2018-04-20 10:44:00,269.2,
631,1,2018-11-02 10:04:00,126.9,
631,1,2018-11-17 07:35:00,144.7,
631,1,2018-12-01 12:16:00,231.1,
631,1,2018-12-15 06:36:00,264.9,
631,1,2018-12-28 13:50:00,254.7,
631,1,2019-01-10 09:42:00,263.1,
631,1,2019-01-23 10:13:00,259.6,
631,1,2019-02-06 12:08:00,258.1,
631,1,2019-02-20 08:26:00,284.6,
631,1,2019-03-06 10:12:00,217.5,
631,1,2019-03-20 09:58:00,218.7,
631,1,2019-04-03 12:07:00,210.5,
631,1,2019-04-24 11:45:00,178.3,
714,1,2010-01-05 14:10:00,264.9,
714,1,2010-01-25 16:16:00,263.1,
714,1,2010-02-13 10:38:00,210.4,
714,1,2010-03-05 09:34:00,192.2,
714,1,2010-03-25 09:14:00,202.2,
714,1,2010-04-15 11:05:00,188.8,
714,1,2010-11-18 10:24:00,179.1,
714,1,2010-12-08 11:40:00,202.0,
714,1,2010-12-27 11:46:00,228.5,
714,1,2011-01-17 11:32:00,214.1,
714,1,2011-02-04 13:18:00,229.7,
714,1,2011-02-24 11:34:00,209.3,
714,1,2011-03-16 09:35:00,220.2,
714,1,2011-04-05 09:57:00,182.1,
714,1,2011-04-25 12:28:00,160.8,
714,1,2011-11-04 10:34:00,122.4,
714,1,2011-11-24 10:48:00,86.2,
714,1,2011-12-15 17:34:00,137.5,
714,1,2012-01-05 14:04:00,190.2,
714,1,2012-01-25 10:02:00,182.8,
714,1,2012-02-15 11:31:00,197.5,
714,1,2012-03-07 12:55:00,201.2,
714,1,2012-03-28 09:53:00,200.3,
714,1,2012-04-20 12:07:00,202.3,
714,1,2012-11-26 08:46:00,288.5,
714,1,2012-12-19 12:17:00,380.1,
714,1,2013-01-05 07:50:00,216.6,
714,1,2013-01-21 10:56:00,316.6,
714,1,2013-02-05 09:17:00,225.3,
714,1,2013-02-20 09:21:00,256.0,
714,1,2013-03-05 08:09:00,192.5,
714,1,2013-03-21 07:13:00,192.0,
714,1,2013-04-05 07:07:00,141.8,
714,1,2013-04-19 10:27:00,114.5,
714,1,2013-11-20 08:03:00,168.3,
714,1,2013-12-05 08:20:00,126.6,
714,1,2013-12-20 09:08:00,147.6,
714,1,2014-01-04 09:33:00,173.2,
714,1,2014-01-20 11:40:00,169.8,
714,1,2014-02-05 06:52:00,215.7,
714,1,2014-02-20 09:17:00,212.0,
714,1,2014-03-05 07:15:00,150.7,
714,1,2014-03-20 08:35:00,172.9,
714,1,2014-04-04 07:14:00,72.1,
714,1,2014-04-18 08:09:00,111.7,
714,1,2014-11-05 09:33:00,155.0,
714,1,2014-11-20 08:53:00,129.6,
714,1,2014-12-05 10:39:00,147.2,
714,1,2014-12-19 10:44:00,204.1,
714,1,2015-01-05 10:33:00,177.0,
714,1,2015-01-20 11:05:00,154.4,
714,1,2015-02-04 11:05:00,181.9,
714,1,2015-02-19 08:13:00,191.9,
714,1,2015-03-05 07:05:00,167.5,
714,1,2015-03-19 08:42:00,122.9,
714,1,2015-04-20 08:04:00,194.0,
714,1,2015-11-05 13:48:00,159.2,
714,1,2015-11-20 09:15:00,101.3,
714,1,2015-12-05 12:11:00,210.5,
714,1,2015-12-18 09:13:00,145.6,
714,1,2016-01-04 07:35:00,225.3,
714,1,2016-01-20 11:06:00,254.5,
714,1,2016-02-04 09:32:00,248.9,
714,1,2016-02-19 11:32:00,234.4,
714,1,2016-03-04 07:16:00,245.6,
714,1,2016-03-18 09:37:00,189.3,
714,1,2016-04-05 10:32:00,241.5,
714,1,2016-04-23 08:06:00,126.9,
714,1,2016-11-04 08:22:00,244.4,
714,1,2016-11-18 08:41:00,200.8,
714,1,2016-12-06 12:41:00,266.8,
714,1,2016-12-20 09:08:00,260.2,
714,1,2017-01-03 10:26:00,225.7,
714,1,2017-01-20 06:45:00,332.9,
714,1,2017-02-04 06:59:00,286.1,
714,1,2017-02-20 10:36:00,260.1,
714,1,2017-03-03 06:36:00,191.8,
714,1,2017-03-17 06:23:00,215.3,
714,1,2017-04-04 06:24:00,211.3,
714,1,2017-04-26 11:50:00,217.0,
714,1,2017-11-06 12:18:00,148.5,
714,1,2017-11-20 12:39:00,170.6,
714,1,2017-12-04 11:50:00,243.2,
714,1,2017-12-18 15:28:00,260.3,
714,1,2018-01-06 07:18:00,322.3,
714,1,2018-01-19 14:46:00,223.2,
714,1,2018-02-01 12:57:00,268.7,
714,1,2018-02-13 08:58:00,240.2,
714,1,2018-02-23 11:17:00,209.3,
714,1,2018-03-05 12:54:00,169.3,
714,1,2018-03-19 15:15:00,244.4,
714,1,2018-04-02 10:54:00,139.4,
714,1,2018-04-19 08:48:00,150.5,
714,1,2018-11-06 09:29:00,70.3,
714,1,2018-11-22 08:36:00,106.9,
714,1,2018-12-04 08:54:00,119.4,
714,1,2018-12-19 09:58:00,206.2,
714,1,2019-01-04 15:23:00,235.7,
714,1,2019-01-18 08:34:00,173.4,
714,1,2019-02-01 09:05:00,195.6,
714,1,2019-02-19 10:14:00,271.1,
714,1,2019-03-04 10:23:00,161.9,
714,1,2019-03-20 12:24:00,154.6,
714,1,2019-04-05 06:25:00,170.0,
714,1,2019-04-19 09:27:00,77.4,
728,1,2013-11-18 08:50:00,401.2,
728,1,2013-12-06 11:51:00,276.7,
728,1,2013-12-21 10:00:00,212.3,
728,1,2014-01-06 10:14:00,249.8,
728,1,2014-01-21 09:42:00,263.5,
728,1,2014-02-06 08:34:00,341.2,
728,1,2014-02-21 05:23:00,324.1,
728,1,2014-03-06 05:57:00,241.5,
728,1,2014-03-21 06:02:00,262.9,
728,1,2014-04-04 11:47:00,201.7,
728,1,2014-04-21 07:37:00,285.6,
728,1,2014-11-07 06:41:00,287.0,
728,1,2014-11-21 08:11:00,230.8,
728,1,2014-12-06 09:49:00,351.0,
728,1,2014-12-20 12:44:00,449.1,
728,1,2014-12-29 07:42:00,268.4,
728,1,2015-01-05 05:55:00,214.5,
728,1,2015-01-12 08:11:00,218.4,
728,1,2015-01-19 12:06:00,214.0,
728,1,2015-01-26 10:53:00,179.9,
728,1,2015-02-02 09:03:00,175.8,
728,1,2015-02-09 09:12:00,189.2,
728,1,2015-02-16 10:48:00,181.9,
728,1,2015-02-23 06:54:00,167.6,
728,1,2015-03-02 07:12:00,149.5,
728,1,2015-03-09 14:55:00,167.6,
728,1,2015-03-16 07:18:00,131.8,
728,1,2015-03-23 09:28:00,133.5,
728,1,2015-04-06 08:26:00,164.4,
728,1,2015-04-21 07:48:00,168.6,
728,1,2015-11-04 11:08:00,120.2,
728,1,2015-11-18 10:31:00,158.0,
728,1,2015-11-30 08:30:00,170.0,
728,1,2015-12-07 18:11:00,105.7,
728,1,2015-12-14 08:15:00,103.1,
728,1,2015-12-21 14:49:00,148.3,
728,1,2015-12-28 13:38:00,187.0,
728,1,2016-01-05 11:47:00,270.0,
728,1,2016-01-12 10:27:00,235.6,
728,1,2016-01-20 10:53:00,265.7,
728,1,2016-01-26 12:47:00,197.4,
728,1,2016-02-01 08:52:00,198.4,
728,1,2016-02-09 14:59:00,272.5,
728,1,2016-02-16 12:29:00,212.8,
728,1,2016-02-24 12:38:00,234.5,
728,1,2016-03-02 12:03:00,217.4,
728,1,2016-03-10 07:58:00,219.1,
728,1,2016-03-17 07:36:00,179.1,
728,1,2016-03-24 12:44:00,172.8,
728,1,2016-03-31 08:52:00,150.9,
728,1,2016-04-11 11:15:00,199.4,
728,1,2016-04-25 07:29:00,210.6,
728,1,2016-11-02 13:46:00,448.0,
728,1,2016-11-07 14:05:00,137.6,
728,1,2016-11-16 11:31:00,241.0,
728,1,2016-11-21 08:16:00,133.8,
728,1,2016-11-30 10:33:00,276.0,
728,1,2016-12-08 09:57:00,238.7,
728,1,2016-12-15 10:03:00,239.3,
728,1,2016-12-22 10:11:00,225.1,
728,1,2016-12-29 11:25:00,235.8,
728,1,2017-01-04 07:31:00,190.1,
728,1,2017-01-09 10:21:00,180.2,
728,1,2017-01-17 09:53:00,288.4,
728,1,2017-01-23 14:01:00,211.4,
728,1,2017-01-30 09:02:00,232.5,
728,1,2017-02-06 11:42:00,238.6,
728,1,2017-02-13 07:02:00,215.6,
728,1,2017-02-21 06:59:00,236.4,
728,1,2017-03-01 12:02:00,247.3,
728,1,2017-03-09 11:23:00,228.7,
728,1,2017-03-17 06:07:00,214.7,
728,1,2017-03-23 11:34:00,144.6,
728,1,2017-03-30 07:27:00,162.6,
728,1,2017-04-10 07:00:00,209.3,
728,1,2017-04-24 11:35:00,248.4,
728,1,2017-11-08 08:42:00,181.4,
728,1,2017-11-17 10:42:00,221.2,
728,1,2017-11-24 06:39:00,223.0,
728,1,2017-12-01 13:11:00,252.6,
728,1,2017-12-07 15:15:00,221.3,
728,1,2017-12-14 10:28:00,250.7,
728,1,2017-12-22 06:36:00,271.0,
728,1,2017-12-29 07:11:00,226.0,
728,1,2018-01-04 10:00:00,162.0,
728,1,2018-01-11 11:55:00,172.2,
728,1,2018-01-18 11:14:00,192.1,
728,1,2018-01-25 13:22:00,190.2,
728,1,2018-02-01 12:07:00,219.7,
728,1,2018-02-08 09:39:00,204.4,
728,1,2018-02-15 14:20:00,201.4,
728,1,2018-02-22 11:09:00,202.7,
728,1,2018-03-02 09:40:00,173.9,
728,1,2018-03-14 11:35:00,368.9,
728,1,2018-03-24 09:56:00,230.2,
728,1,2018-03-30 07:39:00,115.4,
728,1,2018-04-09 06:45:00,195.0,
728,1,2018-04-23 10:23:00,211.5,
728,1,2018-11-09 10:30:00,135.6,
728,1,2018-11-21 08:56:00,117.8,
728,1,2018-11-28 07:51:00,107.7,
728,1,2018-12-05 08:04:00,116.4,
728,1,2018-12-10 07:59:00,107.5,
728,1,2018-12-19 08:29:00,164.0,
728,1,2018-12-27 07:40:00,131.1,
728,1,2019-01-04 09:43:00,144.2,
728,1,2019-01-08 07:38:00,74.0,
728,1,2019-01-16 06:56:00,150.2,
728,1,2019-01-21 10:41:00,105.7,
728,1,2019-01-28 08:49:00,130.9,
728,1,2019-02-04 10:01:00,133.5,
728,1,2019-02-12 07:57:00,154.6,
728,1,2019-02-19 08:11:00,132.5,
728,1,2019-02-27 08:36:00,123.9,
728,1,2019-03-12 08:13:00,193.2,
728,1,2019-03-26 08:41:00,226.1,
728,1,2019-04-02 08:25:00,127.5,
728,1,2019-04-15 08:07:00,197.3,
732,3,2013-11-21 09:28:00,243.5,
732,3,2013-12-05 09:47:00,139.5,
732,3,2013-12-20 10:22:00,152.9,
732,3,2014-01-04 14:47:00,205.8,
732,3,2014-01-20 13:35:00,230.6,
732,3,2014-02-05 11:20:00,199.3,
732,3,2014-02-20 10:19:00,177.8,
732,3,2014-03-05 08:26:00,118.2,
732,3,2014-03-20 10:14:00,156.9,
732,3,2014-04-04 07:42:00,89.5,
732,3,2014-11-05 10:52:00,152.8,
732,3,2014-11-20 09:59:00,105.0,
732,3,2014-12-05 11:47:00,155.2,
732,3,2014-12-19 12:57:00,176.0,
732,3,2015-01-05 12:25:00,190.3,
732,3,2015-01-20 13:30:00,176.0,
732,3,2015-02-04 12:05:00,180.5,
732,3,2015-02-19 09:54:00,170.3,
732,3,2015-03-05 06:15:00,136.2,
732,3,2015-03-19 10:24:00,122.9,
732,3,2015-04-20 09:21:00,178.3,
732,3,2015-11-05 15:08:00,164.9,
732,3,2015-11-20 11:13:00,111.1,
732,3,2015-12-05 13:44:00,182.4,
732,3,2015-12-18 11:00:00,150.9,
732,3,2016-01-04 08:59:00,189.0,
732,3,2016-01-20 13:12:00,323.6,
732,3,2016-02-04 10:54:00,245.9,
732,3,2016-02-19 13:17:00,216.2,
732,3,2016-03-05 09:38:00,186.6,
732,3,2016-03-18 11:53:00,124.8,
732,3,2016-04-21 12:41:00,202.5,
732,3,2016-11-04 10:14:00,307.7,
732,3,2016-11-18 11:24:00,186.9,
732,3,2016-12-05 09:46:00,245.9,
732,3,2016-12-20 11:59:00,266.9,
732,3,2017-01-03 11:27:00,238.8,
732,3,2017-01-20 10:42:00,314.0,
732,3,2017-02-04 12:46:00,276.2,
732,3,2017-02-20 12:53:00,213.1,
732,3,2017-03-03 08:13:00,143.9,
732,3,2017-03-17 10:39:00,164.8,
732,3,2017-04-04 06:52:00,172.2,
732,3,2017-11-06 11:05:00,136.3,
732,3,2017-11-21 11:58:00,169.5,
732,3,2017-12-04 14:03:00,230.6,
732,3,2017-12-18 13:31:00,264.2,
732,3,2018-01-05 12:04:00,330.5,
732,3,2018-01-19 11:17:00,244.4,
732,3,2018-02-02 09:02:00,295.4,
732,3,2018-02-22 00:00:00,394.7,
732,3,2018-03-06 08:11:00,202.6,
732,3,2018-03-19 12:08:00,201.3,
732,3,2018-04-03 07:49:00,152.5,
732,3,2018-11-22 11:42:00,180.1,
732,3,2018-12-04 10:57:00,145.6,
732,3,2018-12-18 14:00:00,209.9,
732,3,2019-01-05 13:52:00,256.4,
732,3,2019-01-18 13:01:00,200.0,
732,3,2019-02-04 12:06:00,261.8,
732,3,2019-02-20 12:34:00,276.3,
732,3,2019-03-06 09:59:00,179.4,
732,3,2019-03-22 12:47:00,153.7,
732,3,2019-04-04 10:16:00,111.1,
737,1,2014-11-12 14:07:00,169.6,
737,1,2014-11-19 09:30:00,76.1,
737,1,2014-12-02 10:55:00,130.3,
737,1,2014-12-09 16:18:00,130.9,
737,1,2014-12-17 11:56:00,147.8,
737,1,2014-12-27 15:48:00,214.2,
737,1,2015-01-06 14:44:00,148.4,
737,1,2015-01-15 14:34:00,165.9,
737,1,2015-01-24 06:17:00,188.8,
737,1,2015-02-03 16:13:00,226.8,
737,1,2015-02-13 13:08:00,194.6,
737,1,2015-02-24 12:30:00,167.6,
737,1,2015-03-06 12:54:00,139.5,
737,1,2015-03-18 10:09:00,147.4,
737,1,2015-03-31 12:36:00,92.2,
737,1,2015-04-16 14:17:00,120.8,
737,1,2015-11-18 11:01:00,163.5,
737,1,2015-11-28 14:05:00,166.5,
737,1,2015-12-10 14:27:00,218.3,
737,1,2015-12-19 11:04:00,138.2,
737,1,2015-12-29 15:21:00,195.0,
737,1,2016-01-07 14:52:00,127.5,
737,1,2016-01-16 13:42:00,182.7,
737,1,2016-01-26 15:39:00,216.4,
737,1,2016-02-05 12:26:00,223.3,
737,1,2016-02-16 15:47:00,229.2,
737,1,2016-02-25 15:29:00,145.5,
737,1,2016-03-05 13:47:00,156.1,
737,1,2016-03-17 13:54:00,158.8,
737,1,2016-03-30 11:00:00,167.7,
737,1,2016-04-14 14:43:00,166.5,
737,1,2016-11-09 12:42:00,273.6,
737,1,2016-11-18 14:22:00,205.7,
737,1,2016-11-29 13:12:00,252.0,
737,1,2016-12-10 09:52:00,246.5,
737,1,2016-12-20 15:25:00,298.8,
737,1,2016-12-29 15:06:00,243.1,
737,1,2017-01-07 14:30:00,154.1,
737,1,2017-01-17 14:47:00,317.3,
737,1,2017-01-26 14:46:00,314.6,
737,1,2017-02-04 11:39:00,262.4,
737,1,2017-02-14 13:05:00,258.7,
737,1,2017-02-23 13:11:00,177.7,
737,1,2017-03-04 09:53:00,181.4,
737,1,2017-03-14 12:44:00,212.0,
737,1,2017-03-23 12:19:00,161.4,
737,1,2017-04-04 13:17:00,231.8,
737,1,2017-04-21 10:15:00,185.6,
737,1,2017-11-08 13:30:00,99.6,
737,1,2017-11-28 07:32:00,364.8,
737,1,2017-12-07 14:11:00,243.1,
737,1,2017-12-16 09:16:00,225.5,
737,1,2017-12-27 09:13:00,303.2,
737,1,2018-01-06 09:10:00,153.9,
737,1,2018-01-16 12:30:00,280.2,
737,1,2018-01-24 10:44:00,229.6,
737,1,2018-02-01 13:22:00,253.7,
737,1,2018-02-10 12:21:00,243.8,
737,1,2018-02-20 13:11:00,216.2,
737,1,2018-03-01 13:41:00,201.5,
737,1,2018-03-10 10:49:00,171.1,
737,1,2018-03-20 12:51:00,163.4,
737,1,2018-03-31 07:57:00,156.4,
737,1,2018-04-10 00:00:00,163.6,
737,1,2018-04-26 12:54:00,134.6,
737,1,2018-11-10 08:26:00,154.7,
737,1,2018-11-29 12:26:00,262.2,
737,1,2018-12-08 09:29:00,171.9,
737,1,2018-12-18 11:24:00,269.4,
737,1,2018-12-27 12:58:00,214.4,
737,1,2019-01-05 09:08:00,122.3,
737,1,2019-01-15 12:30:00,273.3,
737,1,2019-01-23 10:28:00,245.7,
737,1,2019-01-31 08:37:00,222.3,
737,1,2019-02-07 09:23:00,204.4,
737,1,2019-02-14 10:24:00,241.6,
737,1,2019-02-21 08:58:00,155.7,
737,1,2019-03-02 09:18:00,162.0,
737,1,2019-03-12 09:04:00,151.3,
737,1,2019-03-23 07:21:00,161.4,
737,1,2019-04-02 13:24:00,188.3,
737,1,2019-04-15 13:00:00,168.5,
808,1,2010-01-08 11:08:00,236.5,
808,1,2010-01-25 15:35:00,329.6,
808,1,2010-02-09 15:34:00,297.4,
808,1,2010-02-25 13:08:00,288.9,
808,1,2010-03-12 11:04:00,252.0,
808,1,2010-03-29 13:14:00,276.2,
808,1,2010-04-13 10:55:00,170.4,
808,1,2010-04-28 14:23:00,187.6,
808,1,2010-11-10 13:04:00,163.6,
808,1,2010-12-10 13:20:00,356.0,
808,1,2010-12-25 08:35:00,249.6,
808,1,2011-01-11 11:40:00,298.9,
808,1,2011-01-26 15:21:00,274.3,
808,1,2011-02-09 12:15:00,246.9,
808,1,2011-02-24 14:54:00,246.9,
808,1,2011-03-10 10:50:00,244.5,
808,1,2011-03-24 15:29:00,222.7,
808,1,2011-04-08 11:43:00,198.7,
808,1,2011-04-22 12:02:00,166.4,
808,1,2011-11-22 11:24:00,256.6,
808,1,2011-12-06 15:45:00,205.2,
808,1,2011-12-21 11:01:00,253.2,
808,1,2012-01-05 12:18:00,223.8,
808,1,2012-01-19 16:41:00,259.4,
808,1,2012-02-04 14:59:00,292.3,
808,1,2012-02-17 10:48:00,215.8,
808,1,2012-03-03 10:07:00,261.2,
808,1,2012-03-15 13:59:00,187.7,
808,1,2012-03-30 08:46:00,204.4,
808,1,2012-04-16 09:12:00,191.6,
808,1,2012-11-26 14:58:00,359.0,
808,1,2012-12-12 14:09:00,255.4,
808,1,2012-12-29 15:41:00,312.9,
808,1,2013-01-16 15:32:00,350.3,
808,1,2013-01-31 10:39:00,295.2,
808,1,2013-02-15 09:58:00,285.6,
808,1,2013-03-04 09:19:00,321.3,
808,1,2013-03-21 07:00:00,266.7,
808,1,2013-04-04 08:36:00,214.3,
808,1,2013-04-18 14:06:00,172.3,
808,1,2013-11-12 12:08:00,129.5,
808,1,2013-11-26 15:24:00,129.9,
808,1,2013-12-11 13:15:00,150.3,
808,1,2013-12-26 14:02:00,224.6,
808,1,2014-01-10 12:44:00,252.4,
808,1,2014-01-27 13:53:00,296.3,
808,1,2014-02-10 12:16:00,270.8,
808,1,2014-02-25 12:27:00,285.6,
808,1,2014-03-12 11:41:00,261.9,
808,1,2014-03-27 13:10:00,216.2,
808,1,2014-04-11 12:52:00,193.6,
808,1,2014-04-28 12:30:00,193.5,
808,1,2014-11-13 09:53:00,162.8,
808,1,2014-11-29 14:22:00,224.9,
808,1,2014-12-15 14:11:00,261.3,
808,1,2014-12-30 13:44:00,277.8,
808,1,2015-01-15 09:15:00,287.0,
808,1,2015-01-31 08:55:00,283.1,
808,1,2015-02-16 09:22:00,318.2,
808,1,2015-03-03 09:09:00,248.6,
808,1,2015-03-18 07:12:00,218.1,
808,1,2015-04-02 08:49:00,185.2,
808,1,2015-04-23 15:13:00,245.9,
808,1,2015-11-16 13:57:00,223.4,
808,1,2015-12-01 10:03:00,238.3,
808,1,2015-12-15 12:43:00,261.4,
808,1,2015-12-29 10:08:00,273.0,
808,1,2016-01-14 11:33:00,335.4,
808,1,2016-01-29 08:34:00,330.6,
808,1,2016-02-12 13:54:00,294.9,
808,1,2016-03-01 12:29:00,357.0,
808,1,2016-03-15 10:14:00,256.1,
808,1,2016-03-30 10:12:00,257.3,
808,1,2016-04-14 09:18:00,222.8,
808,1,2016-04-30 08:53:00,224.0,
808,1,2016-11-01 07:39:00,207.7,
808,1,2016-11-16 09:24:00,247.1,
808,1,2016-12-01 08:27:00,278.3,
808,1,2016-12-19 15:17:00,370.1,
808,1,2017-01-02 09:01:00,303.5,
808,1,2017-01-17 10:23:00,346.6,
808,1,2017-02-01 09:31:00,347.1,
808,1,2017-02-15 09:53:00,301.9,
808,1,2017-03-01 08:53:00,307.8,
808,1,2017-03-14 15:04:00,270.2,
808,1,2017-03-29 08:33:00,257.9,
808,1,2017-04-13 11:00:00,256.8,
808,1,2017-11-14 14:40:00,234.3,
808,1,2017-11-28 14:41:00,234.5,
808,1,2017-12-13 13:15:00,289.5,
808,1,2017-12-29 11:07:00,326.2,
808,1,2018-01-15 15:02:00,301.9,
808,1,2018-01-31 13:35:00,354.7,
808,1,2018-02-14 13:24:00,305.1,
808,1,2018-03-01 13:12:00,342.6,
808,1,2018-03-15 12:23:00,264.2,
808,1,2018-03-30 08:50:00,251.6,
808,1,2018-04-16 14:01:00,261.8,
808,1,2018-11-02 11:03:00,196.4,
808,1,2018-11-16 14:21:00,153.1,
808,1,2018-12-01 10:12:00,247.6,
808,1,2018-12-15 13:02:00,268.5,
808,1,2018-12-30 10:52:00,352.9,
808,1,2019-01-14 08:07:00,344.1,
808,1,2019-01-29 13:00:00,367.7,
808,1,2019-02-14 13:27:00,407.8,
808,1,2019-03-01 07:16:00,351.2,
808,1,2019-03-15 07:22:00,278.0,
808,1,2019-03-29 12:13:00,291.0,
808,1,2019-04-12 14:11:00,264.3,
808,1,2019-04-30 08:02:00,235.1,
1046,3,2010-03-03 14:09:00,284.5,
1046,3,2010-03-18 13:35:00,208.7,
1046,3,2010-04-23 15:38:00,214.6,
1046,3,2010-11-17 14:33:00,282.3,
1046,3,2010-12-06 16:21:00,196.8,
1046,3,2010-12-22 16:06:00,248.1,
1046,3,2011-01-06 16:13:00,238.3,
1046,3,2011-01-21 09:10:00,281.4,
1046,3,2011-02-04 13:43:00,221.6,
1046,3,2011-02-18 07:06:00,227.3,
1046,3,2011-03-04 10:26:00,247.7,
1046,3,2011-03-18 15:39:00,214.7,
1046,3,2011-04-01 13:10:00,171.9,
1046,3,2011-04-21 15:37:00,157.5,
1046,3,2011-11-10 16:08:00,128.4,
1046,3,2011-12-12 10:36:00,222.3,
1046,3,2011-12-27 09:44:00,129.5,
1046,3,2012-01-12 10:52:00,158.2,
1046,3,2012-01-27 09:24:00,158.6,
1046,3,2012-02-13 09:31:00,201.1,
1046,3,2012-02-29 15:31:00,197.9,
1046,3,2012-03-15 15:09:00,142.1,
1046,3,2012-03-30 07:01:00,109.2,
1046,3,2012-04-25 16:11:00,133.0,
1046,3,2012-11-08 08:02:00,135.1,
1046,3,2012-11-27 09:50:00,158.6,
1046,3,2012-12-12 09:34:00,183.3,
1046,3,2012-12-27 09:25:00,221.0,
1046,3,2013-01-12 09:09:00,248.9,
1046,3,2013-01-30 15:29:00,229.1,
1046,3,2013-02-14 16:32:00,184.5,
1046,3,2013-03-01 09:17:00,184.1,
1046,3,2013-03-18 15:54:00,195.4,
1046,3,2013-04-15 09:33:00,183.6,
1046,3,2013-11-29 14:33:00,125.2,
1046,3,2013-12-13 14:58:00,96.2,
1046,3,2013-12-30 14:28:00,155.1,
1046,3,2014-01-14 09:28:00,147.4,
1046,3,2014-01-30 05:47:00,178.3,
1046,3,2014-02-15 15:30:00,164.7,
1046,3,2014-03-01 07:11:00,123.1,
1046,3,2014-03-14 15:21:00,113.9,
1046,3,2014-03-31 07:26:00,94.5,
1046,3,2014-04-30 13:51:00,117.6,
1046,3,2014-11-12 14:51:00,229.2,
1046,3,2014-11-27 10:22:00,145.6,
1046,3,2014-12-12 14:45:00,173.9,
1046,3,2014-12-27 08:56:00,205.0,
1046,3,2015-01-13 15:17:00,224.3,
1046,3,2015-01-28 10:14:00,177.1,
1046,3,2015-02-12 11:04:00,208.3,
1046,3,2015-02-27 13:44:00,163.8,
1046,3,2015-03-13 15:27:00,161.9,
1046,3,2015-03-28 14:29:00,122.1,
1046,3,2015-04-24 15:15:00,164.2,
1046,3,2015-11-13 16:27:00,266.8,
1046,3,2015-11-30 14:33:00,148.3,
1046,3,2015-12-15 13:45:00,153.3,
1046,3,2015-12-30 14:40:00,169.9,
1046,3,2016-01-15 15:56:00,189.6,
1046,3,2016-01-30 08:49:00,208.8,
1046,3,2016-02-15 16:17:00,199.8,
1046,3,2016-03-01 15:59:00,174.6,
1046,3,2016-03-15 14:51:00,157.4,
1046,3,2016-03-30 08:19:00,115.5,
1046,3,2016-04-27 13:18:00,154.1,
1046,3,2016-11-10 15:35:00,305.4,
1046,3,2016-11-26 10:09:00,160.3,
1046,3,2016-12-12 09:47:00,187.1,
1046,3,2016-12-27 09:10:00,208.2,
1046,3,2017-01-12 12:30:00,249.7,
1046,3,2017-01-27 08:25:00,240.2,
1046,3,2017-02-11 08:24:00,214.1,
1046,3,2017-02-24 15:58:00,176.8,
1046,3,2017-03-11 09:10:00,178.8,
1046,3,2017-03-25 09:16:00,133.8,
1046,3,2017-04-24 15:37:00,230.8,
1046,3,2017-11-27 14:10:00,236.7,
1046,3,2017-12-13 15:31:00,145.0,
1046,3,2017-12-27 11:45:00,155.4,
1046,3,2018-01-12 15:44:00,176.8,
1046,3,2018-01-27 08:20:00,168.3,
1046,3,2018-02-12 13:28:00,191.3,
1046,3,2018-02-27 15:28:00,178.0,
1046,3,2018-03-13 15:06:00,137.1,
1046,3,2018-03-28 15:08:00,108.8,
1046,3,2018-04-25 13:41:00,108.8,
1046,3,2018-11-15 14:29:00,135.2,
1046,3,2018-11-30 12:20:00,102.8,
1046,3,2018-12-15 07:08:00,133.4,
1046,3,2018-12-30 06:39:00,213.7,
1046,3,2019-01-12 08:10:00,171.7,
1046,3,2019-01-26 09:25:00,184.4,
1046,3,2019-02-12 14:24:00,237.7,
1046,3,2019-02-27 08:08:00,164.1,
1046,3,2019-03-13 15:07:00,142.5,
1046,3,2019-03-28 15:52:00,125.8,
1046,3,2019-04-25 14:35:00,138.0,
799,1,2013-12-03 10:57:00,477.2,
799,1,2013-12-23 14:33:00,183.5,
1012,3,2013-11-13 08:24:00,251.9,
1012,3,2013-11-26 12:11:00,118.6,
1012,3,2013-12-06 09:01:00,145.5,
1012,3,2013-12-17 09:19:00,173.7,
1012,3,2013-12-28 08:39:00,210.9,
1012,3,2014-01-07 08:39:00,206.1,
1012,3,2014-01-18 07:39:00,246.4,
1012,3,2014-01-31 09:33:00,267.1,
1012,3,2014-02-15 07:15:00,319.7,
1012,3,2014-03-01 06:44:00,253.2,
1012,3,2014-03-15 07:08:00,247.0,
1012,3,2014-03-29 06:21:00,179.2,
1012,3,2014-04-12 07:10:00,99.8,
1012,3,2014-11-17 12:51:00,249.1,
1012,3,2014-12-08 09:18:00,237.3,
1012,3,2014-12-23 07:41:00,285.1,
1012,3,2015-01-07 08:03:00,278.6,
1012,3,2015-01-22 08:47:00,263.6,
1012,3,2015-02-06 07:23:00,213.3,
1012,3,2015-02-19 07:29:00,188.0,
1012,3,2015-03-06 07:05:00,154.2,
1012,3,2015-03-20 07:42:00,136.8,
1012,3,2015-04-30 13:52:00,216.2,
1012,3,2015-11-17 15:13:00,214.5,
1012,3,2015-12-07 09:10:00,249.4,
1012,3,2015-12-22 15:17:00,133.6,
1012,3,2016-01-06 08:30:00,168.5,
1012,3,2016-01-22 12:05:00,231.4,
1012,3,2016-02-06 06:14:00,196.5,
1012,3,2016-02-20 07:28:00,167.9,
1012,3,2016-03-04 13:12:00,195.3,
1012,3,2016-03-18 09:43:00,103.6,
1012,3,2016-04-15 07:27:00,232.1,
1012,3,2016-11-17 09:21:00,291.6,
1012,3,2016-12-07 08:03:00,249.6,
1012,3,2016-12-23 07:08:00,255.1,
1012,3,2017-01-09 06:13:00,240.1,
1012,3,2017-01-24 06:48:00,241.1,
1012,3,2017-02-08 14:39:00,270.5,
1012,3,2017-02-23 07:40:00,217.3,
1012,3,2017-03-09 07:07:00,176.3,
1012,3,2017-03-24 06:15:00,153.6,
1012,3,2017-04-14 07:17:00,139.9,
1012,3,2017-11-01 08:14:00,266.1,
1012,3,2017-11-29 07:39:00,284.6,
1012,3,2017-12-13 07:42:00,205.4,
1012,3,2017-12-27 08:02:00,237.7,
1012,3,2018-01-11 09:16:00,215.5,
1012,3,2018-01-26 06:59:00,279.6,
1012,3,2018-02-13 05:31:00,322.6,
1012,3,2018-03-01 06:12:00,282.1,
1012,3,2018-03-15 06:52:00,203.3,
1012,3,2018-04-11 08:22:00,174.1,
1012,3,2018-12-06 08:23:00,253.0,
1012,3,2018-12-21 15:53:00,125.2,
1012,3,2019-01-05 12:22:00,162.9,
1012,3,2019-01-17 06:21:00,126.2,
1012,3,2019-02-01 06:59:00,199.8,
1012,3,2019-02-15 07:12:00,180.0,
1012,3,2019-03-02 06:35:00,139.2,
1012,3,2019-04-15 06:50:00,324.4,
743,3,2013-11-15 10:19:00,304.5,
743,3,2013-11-29 06:48:00,193.8,
743,3,2013-12-13 08:21:00,252.4,
743,3,2013-12-27 07:15:00,354.7,
743,3,2014-01-10 15:01:00,371.2,
743,3,2014-01-24 05:12:00,363.2,
743,3,2014-02-07 06:00:00,349.9,
743,3,2014-02-21 05:39:00,370.1,
743,3,2014-03-07 06:27:00,304.5,
743,3,2014-03-20 05:38:00,273.7,
743,3,2014-04-03 05:48:00,289.8,
743,3,2014-04-23 10:06:00,339.1,
743,3,2014-11-06 11:38:00,316.7,
743,3,2014-11-25 08:42:00,216.7,
743,3,2014-12-09 07:20:00,258.0,
743,3,2014-12-22 10:18:00,228.0,
743,3,2015-01-05 11:21:00,323.2,
743,3,2015-01-20 08:42:00,321.2,
743,3,2015-02-03 05:12:00,201.6,
743,3,2015-02-17 05:17:00,361.7,
743,3,2015-03-10 05:01:00,322.4,
743,3,2015-03-26 11:38:00,185.9,
743,3,2015-04-16 13:03:00,215.9,
743,3,2015-11-05 09:43:00,503.9,
743,3,2015-11-25 12:19:00,194.8,
743,3,2015-12-16 08:23:00,260.9,
743,3,2016-01-06 06:12:00,353.9,
743,3,2016-01-28 04:56:00,372.5,
743,3,2016-02-22 12:11:00,393.1,
743,3,2016-03-14 10:08:00,303.4,
743,3,2016-04-04 11:01:00,252.1,
743,3,2016-04-28 10:39:00,256.8,
743,3,2016-11-07 12:44:00,500.5,
743,3,2016-11-28 10:38:00,346.2,
743,3,2016-12-19 09:17:00,382.7,
743,3,2017-01-09 09:56:00,424.0,
743,3,2017-01-30 09:25:00,558.7,
743,3,2017-02-20 10:27:00,455.5,
743,3,2017-03-13 09:49:00,402.9,
743,3,2017-04-03 08:54:00,361.4,
743,3,2017-04-28 09:06:00,275.6,
743,3,2017-11-10 09:39:00,194.8,
743,3,2017-12-01 10:05:00,367.2,
743,3,2017-12-22 10:31:00,494.5,
743,3,2018-01-12 11:08:00,434.0,
743,3,2018-02-02 09:32:00,501.6,
743,3,2018-02-23 10:45:00,416.9,
743,3,2018-03-15 11:17:00,450.9,
743,3,2018-04-04 09:27:00,285.6,
743,3,2018-04-25 07:20:00,235.2,
743,3,2018-11-14 11:08:00,177.4,
743,3,2018-12-05 10:01:00,274.1,
743,3,2018-12-24 08:50:00,342.5,
743,3,2019-01-14 10:14:00,417.5,
743,3,2019-02-04 09:27:00,409.1,
743,3,2019-02-25 07:59:00,387.5,
743,3,2019-03-18 08:49:00,278.6,
743,3,2019-04-08 09:24:00,271.3,
753,1,2015-12-18 12:01:00,456.1,
753,1,2016-01-20 08:09:00,189.1,
753,1,2016-02-03 09:32:00,95.5,
753,1,2016-02-24 11:14:00,114.8,
753,1,2016-03-16 08:12:00,124.6,
753,1,2016-04-05 09:40:00,93.8,
753,1,2016-11-22 11:06:00,250.0,
753,1,2016-12-07 07:46:00,144.5,
753,1,2016-12-22 09:22:00,203.9,
753,1,2017-01-04 11:43:00,189.4,
753,1,2017-01-17 12:48:00,215.8,
753,1,2017-01-31 10:25:00,207.4,
753,1,2017-02-15 14:24:00,187.5,
753,1,2017-03-02 12:16:00,180.4,
753,1,2017-03-17 10:13:00,178.4,
753,1,2017-04-05 10:42:00,193.4,
753,1,2017-04-27 12:33:00,168.5,
753,1,2017-11-22 08:02:00,207.7,
753,1,2017-12-06 10:00:00,161.1,
753,1,2017-12-23 08:42:00,232.6,
753,1,2018-01-03 13:05:00,154.8,
753,1,2018-01-18 07:39:00,204.0,
753,1,2018-02-01 11:22:00,208.7,
753,1,2018-02-16 16:03:00,222.2,
753,1,2018-03-02 14:08:00,199.0,
753,1,2018-03-19 14:05:00,214.2,
753,1,2018-04-04 11:22:00,117.4,
753,1,2018-04-23 11:47:00,123.3,
753,1,2018-11-20 12:02:00,222.2,
753,1,2018-12-04 10:38:00,156.8,
753,1,2018-12-17 15:10:00,182.5,
753,1,2018-12-29 12:55:00,143.0,
753,1,2019-01-15 13:25:00,223.4,
753,1,2019-01-30 10:23:00,205.0,
753,1,2019-02-14 16:27:00,220.0,
753,1,2019-03-01 10:03:00,161.2,
753,1,2019-03-14 12:34:00,146.3,
753,1,2019-03-29 10:47:00,167.4,
753,1,2019-04-18 12:15:00,141.3,
1087,1,2016-11-09 07:05:00,79.2,
1087,1,2016-11-18 07:51:00,36.4,
1087,1,2016-12-02 08:18:00,55.7,
1087,1,2016-12-17 08:39:00,75.5,
1087,1,2016-12-28 05:43:00,26.7,
1087,1,2017-01-07 16:24:00,73.4,
1087,1,2017-01-17 06:42:00,48.6,
1087,1,2017-01-28 06:23:00,54.7,
1087,1,2017-02-07 05:42:00,61.2,
1087,1,2017-02-16 07:06:00,37.8,
1087,1,2017-02-27 07:12:00,56.3,
1087,1,2017-03-08 06:24:00,42.1,
1087,1,2017-03-22 07:00:00,39.1,
1087,1,2017-04-20 06:41:00,47.0,
1087,1,2017-12-12 06:53:00,174.0,
1087,1,2018-01-11 06:33:00,171.0,
1087,1,2018-02-09 06:43:00,237.0,
1087,1,2018-03-09 06:48:00,169.3,
1087,1,2018-04-05 06:13:00,76.5,
1087,1,2018-11-23 07:15:00,64.6,
1087,1,2018-12-24 06:30:00,222.6,
1087,1,2019-01-23 06:27:00,184.3,
1087,1,2019-02-19 05:42:00,212.2,
1087,1,2019-03-19 06:09:00,155.5,
1087,1,2019-04-17 07:12:00,94.8,
739,1,2016-12-05 15:05:00,371.3,
739,1,2016-12-21 05:41:00,148.5,
739,1,2017-01-04 05:51:00,134.6,
739,1,2017-01-18 06:15:00,145.1,
739,1,2017-02-01 05:53:00,184.0,
739,1,2017-02-14 05:22:00,141.2,
739,1,2017-03-07 05:31:00,217.3,
739,1,2017-03-28 05:45:00,177.7,
739,1,2017-04-25 06:17:00,165.7,
739,1,2017-11-06 07:13:00,121.8,
739,1,2017-11-27 06:04:00,168.7,
739,1,2017-12-11 06:08:00,147.8,
739,1,2017-12-23 06:02:00,112.2,
739,1,2018-01-06 05:54:00,129.1,
739,1,2018-01-19 06:09:00,144.4,
739,1,2018-02-02 06:00:00,188.2,
739,1,2018-02-16 05:46:00,152.4,
739,1,2018-03-02 05:36:00,149.0,
739,1,2018-03-15 05:56:00,129.9,
739,1,2018-03-29 05:40:00,85.9,
739,1,2018-04-26 05:57:00,146.0,
739,1,2018-12-05 06:39:00,155.7,
739,1,2018-12-19 05:44:00,80.9,
739,1,2018-12-29 15:52:00,65.5,
739,1,2019-01-12 05:27:00,101.7,
739,1,2019-01-25 05:22:00,89.5,
739,1,2019-02-08 05:55:00,104.3,
739,1,2019-02-21 05:17:00,102.8,
739,1,2019-03-06 05:14:00,85.3,
739,1,2019-03-19 15:39:00,65.6,
739,1,2019-04-16 06:02:00,135.1,
1090,3,2016-11-23 06:47:00,227.5,
1090,3,2016-12-21 07:31:00,236.0,
1090,3,2017-01-20 05:22:00,241.0,
1090,3,2017-02-16 05:20:00,214.8,
1090,3,2017-03-17 06:17:00,188.9,
1090,3,2017-04-14 06:09:00,113.7,
1090,3,2017-12-09 05:46:00,241.5,
1090,3,2018-01-06 05:41:00,180.2,
1090,3,2018-02-03 05:24:00,150.6,
1090,3,2018-03-05 05:27:00,119.9,
1090,3,2018-04-03 05:36:00,61.0,
1090,3,2018-12-07 06:50:00,146.9,
1090,3,2019-01-02 05:49:00,109.2,
1090,3,2019-02-01 05:11:00,125.1,
1090,3,2019-03-02 05:22:00,89.9,
1090,3,2019-04-01 06:21:00,102.5,
1080,1,2010-01-06 10:48:00,289.4,
1080,1,2010-01-21 09:17:00,301.4,
1080,1,2010-01-27 09:06:00,124.6,
1080,1,2010-02-10 09:54:00,284.0,
1080,1,2010-02-19 10:04:00,186.0,
1080,1,2010-03-05 08:01:00,256.5,
1080,1,2010-03-18 07:42:00,227.4,
1080,1,2010-04-02 11:59:00,236.6,
1080,1,2010-04-16 10:38:00,176.6,
1080,1,2010-04-30 12:18:00,159.6,
1080,1,2010-11-22 08:19:00,278.4,
1080,1,2010-12-07 08:37:00,167.5,
1080,1,2010-12-21 10:54:00,221.1,
1080,1,2010-12-30 07:56:00,161.6,
1080,1,2011-01-13 08:53:00,250.6,
1080,1,2011-01-22 08:12:00,160.0,
1080,1,2011-02-05 07:57:00,254.4,
1080,1,2011-02-18 06:58:00,190.0,
1080,1,2011-03-05 08:49:00,192.5,
1080,1,2011-03-23 08:23:00,243.0,
1080,1,2011-04-12 08:23:00,198.5,
1080,1,2011-11-21 08:57:00,184.4,
1080,1,2011-12-06 08:14:00,100.7,
1080,1,2011-12-20 10:06:00,101.6,
1080,1,2012-01-10 06:31:00,161.8,
1080,1,2012-01-30 10:40:00,178.6,
1080,1,2012-02-17 09:00:00,168.2,
1080,1,2012-03-06 06:44:00,148.8,
1080,1,2012-03-27 07:43:00,184.1,
1080,1,2012-04-24 08:19:00,183.5,
1080,1,2012-11-01 10:56:00,266.5,
1080,1,2012-11-24 09:54:00,209.0,
1080,1,2012-12-14 12:26:00,202.9,
1080,1,2013-01-05 10:57:00,266.1,
1080,1,2013-01-22 10:39:00,293.8,
1080,1,2013-02-12 09:54:00,246.5,
1080,1,2013-03-04 10:59:00,283.1,
1080,1,2013-03-22 12:57:00,255.2,
1080,1,2013-04-12 08:53:00,212.4,
1080,1,2013-11-01 12:55:00,280.4,
1080,1,2013-11-26 11:38:00,273.4,
1080,1,2013-12-05 10:13:00,118.6,
1080,1,2013-12-25 13:49:00,283.1,
1080,1,2014-01-13 09:51:00,293.3,
1080,1,2014-01-31 09:56:00,281.2,
1080,1,2014-02-17 10:25:00,245.1,
1080,1,2014-03-08 09:50:00,265.5,
1080,1,2014-03-28 08:18:00,253.7,
1080,1,2014-04-18 10:30:00,180.7,
1080,1,2014-11-05 10:03:00,210.6,
1080,1,2014-11-26 14:17:00,250.8,
1080,1,2014-12-16 14:09:00,323.1,
1080,1,2015-01-03 12:20:00,324.4,
1080,1,2015-01-20 13:13:00,320.4,
1080,1,2015-02-04 09:43:00,291.0,
1080,1,2015-02-20 12:25:00,295.5,
1080,1,2015-03-06 13:55:00,226.9,
1080,1,2015-03-20 08:57:00,191.3,
1080,1,2015-04-06 09:53:00,209.4,
1080,1,2015-04-28 10:01:00,172.9,
1080,1,2015-11-04 14:03:00,248.6,
1080,1,2015-11-26 15:02:00,289.4,
1080,1,2015-12-15 14:32:00,315.8,
1080,1,2015-12-29 15:51:00,265.6,
1080,1,2016-01-12 13:42:00,282.5,
1080,1,2016-01-26 13:59:00,284.6,
1080,1,2016-02-09 15:15:00,293.8,
1080,1,2016-02-22 14:55:00,262.1,
1080,1,2016-03-07 12:50:00,263.6,
1080,1,2016-03-24 14:43:00,270.6,
1080,1,2016-04-12 14:49:00,255.9,
1080,1,2016-11-04 13:02:00,243.4,
1080,1,2016-11-24 10:58:00,316.4,
1080,1,2016-12-05 12:05:00,193.7,
1080,1,2016-12-16 12:19:00,210.0,
1080,1,2016-12-27 12:41:00,210.8,
1080,1,2017-01-05 13:07:00,184.0,
1080,1,2017-01-16 08:27:00,248.0,
1080,1,2017-01-26 07:46:00,224.1,
1080,1,2017-02-02 11:09:00,147.7,
1080,1,2017-02-14 13:36:00,230.6,
1080,1,2017-02-23 06:22:00,164.7,
1080,1,2017-03-03 09:59:00,163.6,
1080,1,2017-03-14 13:00:00,193.4,
1080,1,2017-03-23 08:21:00,129.5,
1080,1,2017-04-06 06:21:00,207.8,
1080,1,2017-04-18 08:20:00,140.5,
1080,1,2017-11-11 09:23:00,147.4,
1080,1,2017-12-02 09:51:00,316.5,
1080,1,2017-12-12 09:50:00,182.0,
1080,1,2017-12-27 10:38:00,287.7,
1080,1,2018-01-08 14:16:00,222.7,
1080,1,2018-01-16 09:40:00,154.1,
1080,1,2018-01-25 09:31:00,183.0,
1080,1,2018-02-07 15:02:00,305.2,
1080,1,2018-02-15 12:20:00,154.9,
1080,1,2018-03-01 11:20:00,280.3,
1080,1,2018-03-15 11:30:00,255.0,
1080,1,2018-03-29 09:13:00,210.1,
1080,1,2018-04-19 11:51:00,286.4,
1080,1,2018-11-08 08:51:00,111.7,
1080,1,2018-11-29 10:07:00,249.0,
1080,1,2018-12-13 06:39:00,174.4,
1080,1,2018-12-27 06:56:00,164.5,
1080,1,2019-01-07 16:32:00,152.1,
1080,1,2019-01-21 06:25:00,200.9,
1080,1,2019-02-02 11:08:00,191.0,
1080,1,2019-02-16 09:24:00,258.1,
1080,1,2019-03-01 09:00:00,201.6,
1080,1,2019-03-15 09:36:00,188.2,
1080,1,2019-04-05 09:29:00,239.7,
1080,1,2019-04-25 11:31:00,121.2,
1077,1,2017-02-20 06:09:00,447.8,
1077,1,2017-04-07 09:51:00,202.2,
1077,1,2017-11-01 12:30:00,142.5,
1077,1,2017-11-13 10:15:00,77.2,
1077,1,2017-11-25 09:10:00,142.2,
1077,1,2017-12-08 11:14:00,193.8,
1077,1,2017-12-19 11:18:00,169.7,
1077,1,2017-12-30 13:01:00,100.6,
1077,1,2018-01-13 11:51:00,156.3,
1077,1,2018-01-27 09:40:00,190.0,
1077,1,2018-02-10 09:33:00,242.6,
1077,1,2018-02-24 11:15:00,228.5,
1077,1,2018-03-09 08:55:00,171.1,
1077,1,2018-03-27 10:40:00,121.7,
1077,1,2018-04-16 06:53:00,154.7,
1077,1,2018-11-14 08:51:00,134.6,
1077,1,2018-12-03 09:25:00,173.1,
1077,1,2018-12-15 09:18:00,177.7,
1077,1,2018-12-26 12:40:00,167.8,
1077,1,2019-01-05 10:03:00,88.6,
1077,1,2019-01-19 07:01:00,210.9,
1077,1,2019-02-06 13:06:00,326.8,
1077,1,2019-02-16 08:41:00,183.2,
1077,1,2019-03-01 11:20:00,138.2,
1077,1,2019-03-14 12:16:00,127.4,
1077,1,2019-03-28 11:31:00,127.0,
1077,1,2019-04-26 10:55:00,181.8,
828,1,2015-11-27 06:09:00,286.1,
828,1,2015-12-18 06:53:00,330.0,
828,1,2016-01-08 06:34:00,344.5,
828,1,2016-01-27 16:11:00,391.1,
828,1,2016-02-15 06:12:00,299.2,
828,1,2016-03-04 15:41:00,342.6,
828,1,2016-03-24 13:57:00,293.7,
828,1,2016-04-15 06:21:00,195.0,
828,1,2016-11-18 15:36:00,351.8,
828,1,2016-12-08 15:56:00,302.6,
828,1,2016-12-28 17:09:00,365.6,
828,1,2017-01-18 15:25:00,420.3,
828,1,2017-02-08 14:30:00,421.1,
828,1,2017-03-01 15:33:00,369.0,
828,1,2017-03-22 05:31:00,252.1,
828,1,2017-04-12 06:37:00,332.6,
828,1,2017-12-06 15:03:00,563.4,
828,1,2017-12-27 16:04:00,514.1,
828,1,2018-01-16 15:43:00,423.0,
828,1,2018-02-05 14:53:00,486.0,
828,1,2018-02-26 13:56:00,512.5,
828,1,2018-03-19 13:11:00,449.9,
828,1,2018-04-09 13:19:00,298.5,
828,1,2018-11-14 06:28:00,96.7,
828,1,2018-12-07 14:15:00,412.2,
828,1,2018-12-27 16:00:00,560.5,
828,1,2019-01-16 14:44:00,471.1,
828,1,2019-02-04 13:51:00,529.7,
828,1,2019-02-23 11:11:00,498.0,
828,1,2019-03-16 07:01:00,445.7,
828,1,2019-03-30 08:41:00,302.3,
828,1,2019-04-12 12:52:00,225.8,
821,1,2015-11-19 08:32:00,357.9,
821,1,2015-12-09 09:53:00,355.8,
821,1,2015-12-24 10:30:00,247.3,
821,1,2016-01-08 08:46:00,293.9,
821,1,2016-01-22 13:56:00,281.1,
821,1,2016-02-04 11:34:00,250.8,
821,1,2016-02-17 09:21:00,247.4,
821,1,2016-03-03 10:57:00,307.6,
821,1,2016-03-17 09:29:00,220.8,
821,1,2016-04-06 13:35:00,293.3,
821,1,2016-04-22 08:20:00,213.5,
821,1,2016-11-10 12:17:00,234.5,
821,1,2016-11-22 15:11:00,172.3,
821,1,2016-12-06 06:40:00,229.9,
821,1,2016-12-21 14:53:00,282.4,
821,1,2017-01-05 07:21:00,288.9,
821,1,2017-01-20 16:25:00,315.5,
821,1,2017-02-03 14:48:00,300.0,
821,1,2017-02-17 09:02:00,228.1,
821,1,2017-03-03 07:03:00,270.6,
821,1,2017-03-15 07:52:00,216.2,
821,1,2017-03-29 06:14:00,200.8,
821,1,2017-04-12 11:08:00,178.8,
821,1,2017-11-08 15:34:00,135.2,
821,1,2017-11-24 15:47:00,276.3,
821,1,2017-12-07 09:37:00,251.6,
821,1,2017-12-23 06:48:00,299.8,
821,1,2018-01-06 06:16:00,266.6,
821,1,2018-01-17 05:50:00,216.9,
821,1,2018-01-29 12:27:00,270.7,
821,1,2018-02-09 08:02:00,239.0,
821,1,2018-02-24 07:18:00,330.7,
821,1,2018-03-07 06:39:00,204.0,
821,1,2018-03-22 12:42:00,246.6,
821,1,2018-04-06 06:13:00,182.6,
821,1,2018-11-07 07:25:00,148.1,
821,1,2018-11-21 07:47:00,211.5,
821,1,2018-12-05 11:17:00,285.9,
821,1,2018-12-19 06:17:00,357.2,
821,1,2019-01-04 06:04:00,430.4,
821,1,2019-01-12 05:36:00,215.2,
821,1,2019-01-22 15:44:00,314.6,
821,1,2019-01-30 10:33:00,224.1,
821,1,2019-02-09 06:36:00,283.7,
821,1,2019-02-19 05:54:00,275.1,
821,1,2019-02-28 06:22:00,196.6,
821,1,2019-03-07 06:22:00,153.8,
821,1,2019-03-19 06:54:00,231.1,
821,1,2019-04-02 06:59:00,299.6,
821,1,2019-04-16 06:15:00,231.6,
1092,3,2010-01-12 06:49:00,237.9,
1092,3,2010-02-10 06:33:00,296.9,
1092,3,2010-03-06 06:53:00,199.9,
1092,3,2010-04-22 07:33:00,295.9,
1092,3,2010-11-16 13:52:00,202.6,
1092,3,2010-12-16 16:06:00,141.3,
1092,3,2011-01-13 12:07:00,238.5,
1092,3,2011-02-12 07:06:00,187.3,
1092,3,2011-03-16 15:29:00,259.9,
1092,3,2011-04-18 06:26:00,129.0,
1092,3,2011-11-22 06:28:00,126.9,
1092,3,2011-12-21 06:20:00,98.1,
1092,3,2012-01-25 06:07:00,228.4,
1092,3,2012-02-22 06:13:00,197.1,
1092,3,2012-03-30 05:57:00,206.6,
1092,3,2012-11-13 07:10:00,42.0,
1092,3,2012-12-17 06:00:00,125.7,
1092,3,2013-01-08 06:40:00,129.0,
1092,3,2013-02-02 06:42:00,154.3,
1092,3,2013-03-12 05:47:00,209.4,
1092,3,2013-04-16 06:29:00,117.1,
1092,3,2013-11-14 15:12:00,81.7,
1092,3,2013-12-25 10:02:00,237.8,
1092,3,2014-01-20 09:07:00,184.9,
1092,3,2014-02-14 09:24:00,197.1,
1092,3,2014-03-12 10:39:00,180.3,
1092,3,2014-04-10 06:29:00,89.8,
1092,3,2014-11-11 06:21:00,134.6,
1092,3,2014-12-03 12:31:00,135.9,
1092,3,2014-12-22 10:25:00,172.1,
1092,3,2015-01-13 13:20:00,157.9,
1092,3,2015-02-02 09:49:00,176.8,
1092,3,2015-02-23 10:06:00,170.9,
1092,3,2015-03-16 10:25:00,144.3,
1092,3,2015-11-24 06:38:00,246.1,
1092,3,2015-12-16 10:16:00,173.9,
1092,3,2016-01-04 10:57:00,164.4,
1092,3,2016-01-23 12:05:00,178.1,
1092,3,2016-02-12 10:49:00,188.9,
1092,3,2016-03-03 09:46:00,180.5,
1092,3,2016-03-24 10:36:00,174.0,
1092,3,2016-04-22 08:24:00,123.1,
1092,3,2016-11-10 06:16:00,178.2,
1092,3,2016-11-30 09:39:00,181.7,
1092,3,2016-12-21 06:43:00,194.5,
1092,3,2017-01-12 12:32:00,201.0,
1092,3,2017-02-01 14:16:00,215.0,
1092,3,2017-02-21 10:21:00,186.1,
1092,3,2017-03-14 11:20:00,173.0,
1092,3,2017-04-11 06:13:00,93.9,
1092,3,2017-12-01 11:43:00,228.4,
1092,3,2017-12-22 13:05:00,185.9,
1092,3,2018-01-11 10:07:00,166.8,
1092,3,2018-01-31 10:36:00,197.2,
1092,3,2018-02-21 12:21:00,237.5,
1092,3,2018-03-14 06:59:00,150.6,
1092,3,2018-04-03 07:19:00,86.6,
1092,3,2018-11-12 09:14:00,32.6,
1092,3,2018-12-03 07:51:00,104.0,
1092,3,2018-12-24 09:08:00,176.2,
1092,3,2019-01-14 11:03:00,165.1,
1092,3,2019-02-04 11:31:00,208.7,
1092,3,2019-02-26 06:03:00,213.5,
1092,3,2019-03-19 05:47:00,127.0,
1092,3,2019-04-12 07:31:00,138.2,
881,3,2014-11-14 13:35:00,203.4,
881,3,2014-11-29 12:36:00,258.5,
881,3,2014-12-15 14:07:00,406.7,
881,3,2014-12-25 15:11:00,202.1,
881,3,2014-12-31 09:47:00,183.6,
881,3,2015-01-09 17:48:00,176.4,
881,3,2015-01-20 14:21:00,242.5,
881,3,2015-01-31 07:58:00,246.6,
881,3,2015-02-11 09:43:00,322.6,
881,3,2015-02-21 12:24:00,181.8,
881,3,2015-03-04 14:56:00,230.4,
881,3,2015-03-12 14:37:00,169.4,
881,3,2015-03-24 15:17:00,204.7,
881,3,2015-04-08 15:01:00,209.6,
881,3,2015-04-28 12:47:00,251.7,
881,3,2015-11-14 13:19:00,192.8,
881,3,2015-11-27 15:51:00,174.4,
881,3,2015-12-08 16:42:00,262.6,
881,3,2015-12-17 15:31:00,132.6,
881,3,2015-12-26 16:17:00,248.0,
881,3,2016-01-06 15:44:00,278.1,
881,3,2016-01-16 10:52:00,206.4,
881,3,2016-01-27 15:12:00,289.4,
881,3,2016-02-06 14:17:00,255.5,
881,3,2016-02-15 07:13:00,190.0,
881,3,2016-02-26 11:29:00,274.4,
881,3,2016-03-09 14:42:00,257.9,
881,3,2016-03-21 07:08:00,224.9,
881,3,2016-04-02 09:21:00,183.2,
881,3,2016-04-19 14:10:00,138.0,
881,3,2016-11-11 06:59:00,211.8,
881,3,2016-11-22 10:52:00,119.3,
881,3,2016-12-01 13:36:00,124.2,
881,3,2016-12-14 15:13:00,224.3,
881,3,2016-12-27 15:43:00,152.8,
881,3,2017-01-14 13:22:00,320.1,
881,3,2017-01-24 14:16:00,147.3,
881,3,2017-02-04 14:53:00,153.7,
881,3,2017-02-16 08:40:00,161.4,
881,3,2017-03-01 15:34:00,181.0,
881,3,2017-03-14 12:58:00,144.7,
881,3,2017-04-04 12:15:00,219.9,
881,3,2017-04-28 14:01:00,209.5,
881,3,2017-11-11 12:01:00,183.5,
881,3,2017-11-24 12:28:00,204.1,
881,3,2017-12-06 14:11:00,201.3,
881,3,2017-12-16 08:28:00,208.4,
881,3,2017-12-27 10:09:00,247.3,
881,3,2018-01-08 14:27:00,206.9,
881,3,2018-01-18 14:45:00,177.7,
881,3,2018-01-25 15:02:00,145.0,
881,3,2018-02-05 15:35:00,226.8,
881,3,2018-02-15 15:01:00,178.5,
881,3,2018-02-23 15:44:00,153.6,
881,3,2018-03-10 10:01:00,276.4,
881,3,2018-03-28 12:33:00,206.9,
881,3,2018-04-17 12:58:00,282.3,
881,3,2018-11-06 13:43:00,182.0,
881,3,2018-11-19 14:03:00,165.8,
881,3,2018-12-03 12:11:00,238.8,
881,3,2018-12-13 14:10:00,191.3,
881,3,2018-12-21 10:03:00,146.8,
881,3,2018-12-30 09:16:00,164.0,
881,3,2019-01-10 10:22:00,200.7,
881,3,2019-01-23 14:57:00,260.6,
881,3,2019-01-31 14:00:00,150.5,
881,3,2019-02-15 06:34:00,299.6,
881,3,2019-03-02 09:16:00,233.2,
881,3,2019-03-14 09:52:00,169.8,
881,3,2019-04-02 14:00:00,257.6,
881,3,2019-04-22 14:03:00,195.1,
